Bahia | Todos os Munic&iacute;pios
Munic&iacute;pio [-],C&oacute;digo [-],Gent&iacute;lico [-],Prefeito [2021],&Aacute;rea Territorial - km&sup2; [2022],Popula&ccedil;&atilde;o residente - pessoas [2022],Densidade demogr&aacute;fica - hab/km&sup2; [2022],Escolariza&ccedil;&atilde;o &lt;span&gt;6 a 14 anos&lt;/span&gt; - % [2010],IDHM &lt;span&gt;&Iacute;ndice de desenvolvimento humano municipal&lt;/span&gt; [2010],Mortalidade infantil - &oacute;bitos por mil nascidos vivos [2020],Receitas realizadas - R$ (&times;1000) [2017],Despesas empenhadas - R$ (&times;1000) [2017],PIB per capita - R$ [2020],
Aba&iacute;ra,2900108,abairense,EDVAL LUZ SILVA,538.677,7301,13.55,97.2,0.603,21.74,19330.58368,18286.42314,7734.24,
Abar&eacute;,2900207,abareense,FERNANDO JOSE TEIXEIRA TOLENTINO,1604.923,17639,10.99,96.5,0.575,9.43,42471.16812,42835.65272,8479.67,
Acajutiba,2900306,acajutibense,ALEXSANDRO MENEZES DE FREITAS,181.475,13795,76.02,98,0.582,25.16,32322.40145,31257.68537,9048.86,
Adustina,2900355,adustinense,PAULO SERGIO OLIVEIRA DOS SANTOS,629.099,14200,22.57,98.1,0.546,20.98,33518.91406,29163.99544,17815.37,
&Aacute;gua Fria,2900405,&aacute;gua-friense,RENAN ARAUJO BARROS,742.775,14497,19.52,97,0.550,7.87,40463.75677,39741.1561,8400.43,
&Eacute;rico Cardoso,2900504,&eacute;rico-cardosense,ERALDO F&Eacute;LIX DA SILVA,735.249,10604,14.42,98.8,0.584,27.78,25842.85175,24637.11888,6888.23,
Aiquara,2900603,aiquarense,DELMAR RIBEIRO,167.877,4446,26.48,98.4,0.583,-,15908.16508,13995.20875,10611.71,
Alagoinhas,2900702,alagoinhense,JOAQUIM BELARMINO CARDOSO NETO,707.835,151065,213.42,97.4,0.683,11.7,357419.91897,319462.74958,29241.79,
Alcoba&ccedil;a,2900801,alcobacense,GIVALDO MUNIZ,1477.929,24530,16.60,96.5,0.608,6.01,50627.98373,53604.60982,13596.94,
Almadina,2900900,almadinense,MILTON SILVA CERQUEIRA,245.236,5218,21.28,95.3,0.563,50.85,17495.20557,14754.30679,10896.70,
Amargosa,2901007,amargosense,J&Uacute;LIO PINHEIRO DOS SANTOS J&Uacute;NIOR,431.655,36522,84.61,96.8,0.625,2.18,63402.10611,57123.31855,11139.47,
Am&eacute;lia Rodrigues,2901106,ameliense,JO&Atilde;O MANOEL BAHIA MENEZES,166.872,24138,144.65,99.2,0.666,28.57,64865.97567,50406.69731,14630.25,
Am&eacute;rica Dourada,2901155,am&eacute;rico-douradense,JOELSON CARDOSO DO ROS&Aacute;RIO,822.373,15137,18.41,96.6,0.561,23.92,38585.45557,35184.13685,9205.04,
Anag&eacute;,2901205,anageense,ROGERIO BONFIM SOARES,1899.683,25438,13.39,96,0.540,20.75,47758.835,44111.71088,9177.17,
Andara&iacute;,2901304,andaraiense,WILSON PAES CARDOSO,1590.316,13080,8.22,97.8,0.555,22.22,37286.40876,35402.28578,8934.80,
Andorinha,2901353,andorinhense,RENATO BRAND&Atilde;O DE OLIVEIRA,1362.386,15012,11.02,98,0.588,11.3,41097.00995,41307.78564,14014.30,
Angical,2901403,angicalense,EMERSON MARIANI DIAS,1530.050,13732,8.97,96.9,0.625,21.74,35075.99781,32587.16641,11449.80,
Anguera,2901502,anguerense,MAURO SELMO OLIVEIRA VIEIRA,187.840,11031,58.73,98.2,0.589,37.74,24305.57887,21757.55072,6934.89,
Antas,2901601,antense,MANOEL SIDONIO NASCIMENTO NILO,319.745,14206,44.43,94.3,0.592,13.07,33697.6196,31374.63216,7344.67,
Ant&ocirc;nio Cardoso,2901700,cardosense,MARIA DE LOURDES CARVALHO MOURA BASTOS,293.530,11146,37.97,95.8,0.561,21.28,26978.05908,29852.7557,9411.14,
Ant&ocirc;nio Gon&ccedil;alves,2901809,ant&ocirc;nio-gon&ccedil;alvense,DJALMA DE FREITAS CARDOSO NETO,345.284,10862,31.46,98.4,0.598,6.25,27262.32163,25236.58554,6780.89,
Apor&aacute;,2901908,aporense,CARINE DANTAS DE MENEZES NEGREIROS,479.262,15930,33.24,97.6,0.548,5.92,68717.29437,50045.7121,7845.03,
Apuarema,2901957,apuaremense,JORGE ROGERIO COSTA SOUZA,150.830,6913,45.83,95.9,0.552,9.71,19781.94216,20934.67448,9413.08,
Aracatu,2902005,aracatuense,BRAULINA LIMA SILVA,1489.803,13936,9.35,97.7,0.581,12.66,34674.69988,31359.75377,9598.43,
Ara&ccedil;&aacute;s,2902054,ara&ccedil;aense,AGAMENON OLIVEIRA COELHO,474.577,11557,24.35,98.1,0.570,13.25,42985.07489,39520.18435,16898.14,
Araci,2902104,araciense,MARIA BETIVANIA LIMA DA SILVA,1496.245,48035,32.10,97.4,0.534,12.1,104996.09194,102013.64078,8552.72,
Aramari,2902203,aramariense,FIDEL CARLOS SOUZA DANTAS,368.947,9833,26.65,96.3,0.588,-,23718.87023,21221.15801,8628.55,
Arataca,2902252,arataquense,FERNANDO MANSUR GONZAGA,435.962,10191,23.38,95.6,0.559,7.19,27011.70541,27502.1615,9105.00,
Aratu&iacute;pe,2902302,aratuipense,ANTONIO MARCOS ARAUJO DE SOUZA,174.012,8677,49.86,98.4,0.575,37.04,18702.70458,17462.23993,8442.81,
Aurelino Leal,2902401,aurelinense,RODRIGO CALAZANS DE ANDRADE,445.394,11179,25.10,95.5,0.568,31.58,31326.74233,31148.26058,10682.84,
Baian&oacute;polis,2902500,baianopolense,JANDIRA SOARES SILVA XAVIER,3320.723,13614,4.10,98.7,0.589,-,35529.72286,32558.04391,16742.34,
Baixa Grande,2902609,baixa-grandense,GILVAN RIOS DA SILVA,967.514,18220,18.83,97.2,0.585,4.9,42685.91617,42958.68826,8157.30,
Banza&ecirc;,2902658,banza&ecirc;ense,JAILMA DANTAS GAMA ALVES,409.507,11958,29.20,98.1,0.579,31.06,54997.45561,31721.00301,7794.14,
Barra,2902708,barrense,ARTUR SILVA FILHO,11428.112,51092,4.47,97,0.557,17.99,113205.9988,98837.37754,8064.19,
Barra da Estiva,2902807,barrestivense,JOAO MACHADO RIBEIRO,1657.413,26026,15.70,96.8,0.575,9.5,48777.53571,47589.84269,15567.62,
Barra do Cho&ccedil;a,2902906,barra-chocense,OBERDAM ROCHA DIAS,765.936,36539,47.71,96.9,0.551,18.52,76256.21637,74493.8422,16816.64,
Barra do Mendes,2903003,barra-mendense,ANTONIO BARRETO DE OLIVEIRA,1436.298,13836,9.63,97.5,0.630,27.03,32974.08398,32377.00988,7435.71,
Barra do Rocha,2903102,barra-rochense,JOS&Eacute; LUIZ FRANCO RAMOS COSTA,214.411,5774,26.93,95.7,0.577,-,18310.5046,15009.68036,12073.75,
Barreiras,2903201,barreirense,JO&Atilde;O BARBOSA DE SOUZA SOBRINHO,8051.274,159743,19.84,97.5,0.721,13.75,567804.33185,355393.72493,39096.70,
Barro Alto,2903235,barro-altino,ORLANDO AMORIM SANTOS,414.510,13453,32.46,98.4,0.607,19.23,31224.34375,30355.90133,7086.12,
Barrocas,2903276,barroquense,JOS&Eacute; JAILSON LIMA FERREIRA,207.297,15203,73.34,98.7,0.610,17.65,41045.17185,35140.96527,19833.32,
Barro Preto,2903300,barro-pretense,JURACI DIAS DE JESUS,201.585,5583,27.70,96.2,0.602,16.39,21268.91758,19406.89769,12627.63,
Belmonte,2903409,belmontense,CARLOS ALBERTO REZENDE GAMA,1939.447,20121,10.37,96.5,0.598,15.82,60821.87548,53345.16834,14288.02,
Belo Campo,2903508,belo-campense,JOS&Eacute; HENRIQUE SILVA TIGRE,772.756,18412,23.83,95.2,0.575,31.96,43220.3637,44273.03524,9077.74,
Biritinga,2903607,biritinguense,GILMARIO SOUZA DE OLIVEIRA,553.762,15146,27.35,98,0.538,28.04,53104.52128,41916.12533,8753.32,
Boa Nova,2903706,boa-novense,ADONIAS DA ROCHA PIRES DE ALMEIDA,848.857,13690,16.13,97.2,0.567,22.73,33495.90768,32413.9155,8579.30,
Boa Vista do Tupim,2903805,tupinense,HELDER LOPES CAMPOS,2972.109,16873,5.68,96.8,0.551,4.27,43572.43706,41674.3456,7611.39,
Bom Jesus da Lapa,2903904,lapense,FABIO NUNES DIAS,4115.510,65550,15.93,95.7,0.633,13.8,171160.45957,158579.88737,16300.08,
Bom Jesus da Serra,2903953,bom-jesuense,JORNANDO VILASBOAS ALVES,467.909,9730,20.79,98.3,0.546,16,25666.31249,23623.96399,7091.07,
Boninal,2904001,boninalense,CELESTE AUGUSTA ARAUJO PAIVA,896.857,13622,15.19,96.3,0.612,5.56,27482.58419,28380.33364,7319.83,
Bonito,2904050,bonitense,REINAN CEDRO DE OLIVEIRA,791.276,15844,20.02,97.6,0.561,4.08,47870.89941,43286.7039,13284.83,
Boquira,2904100,boquirense,LUCIANO DE OLIVEIRA E SILVA,1426.233,19322,13.55,98.8,0.603,8.1,59607.65723,44853.9898,8414.85,
Botupor&atilde;,2904209,botupor&atilde;ense,EDIMILSON ANTONIO SARAIVA,627.612,11024,17.56,98.1,0.575,15.15,33136.33714,33891.04412,10545.06,
Brej&otilde;es,2904308,brejoense,ALESSANDRO RODRIGUES BRANDAO CORREIA,518.566,12943,24.96,97.9,0.597,14.39,34703.95435,34915.04467,9359.87,
Brejol&acirc;ndia,2904407,brejolandense,EDEZIO NUNES BASTOS,2247.208,9108,4.05,98.4,0.592,20.41,38404.39069,28605.60327,10089.28,
Brotas de Maca&uacute;bas,2904506,brotense,ANTONIO KLEBER RIBEIRO,2520.817,11765,4.67,97.6,0.570,13.7,30171.77925,27817.73915,8518.25,
Brumado,2904605,brumadense,EDUARDO LIMA VASCONCELOS,2207.612,70512,31.94,96.8,0.656,7.01,194916.32856,133344.09373,23129.54,
Buerarema,2904704,bueraremense,VIN&Iacute;CIUS IBRANN DANTAS ANDRADE OLIVEIRA,219.487,14804,67.45,91.5,0.613,19.8,33821.5011,32069.88119,11247.14,
Buritirama,2904753,buritiramense,ARIVAL MARQUES VIANA,4046.736,19589,4.84,97.3,0.565,22.58,47738.86475,44772.191,6653.23,
Caatiba,2904803,caatibense,MARIA TANIA RIBEIRO SOUSA,512.436,6205,12.11,89.9,0.561,-,29996.77108,21531.20888,11528.71,
Cabaceiras do Paragua&ccedil;u,2904852,cabaceirense,PEDRO ANDRE BRAZ SILVA SANTANA,222.026,16559,74.58,98.8,0.581,43.27,59279.91874,43755.99293,8868.51,
Cachoeira,2904902,cachoeirano,ELIANA GONZAGA DE JESUS,394.894,29251,74.07,97.8,0.647,11.11,70230.57303,52722.54062,13523.01,
Cacul&eacute;,2905008,caculense,PEDRO DIAS DA SILVA,610.983,22462,36.76,97.3,0.637,12.9,53523.40714,42783.34519,13531.84,
Ca&eacute;m,2905107,caenense,ARNALDO DE OLIVEIRA FILHO,540.908,10384,19.20,98.8,0.546,13.42,44123.49904,27512.84787,9996.55,
Caetanos,2905156,caetanense,PAULO ALVES DOS REIS,767.146,11266,14.69,96.9,0.542,-,29547.53608,27892.98121,6751.76,
Caetit&eacute;,2905206,caetiteense,VALT&Eacute;CIO NEVES AGUIAR,2651.536,52012,19.62,98.3,0.625,7.4,111926.17431,105926.66836,17938.03,
Cafarnaum,2905305,cafarnauense,SUELI FERNANDES DE SOUZA NOVAIS,643.660,17466,27.14,98.6,0.584,12.45,46295.10559,42338.8368,10398.95,
Cairu,2905404,cairuense,HILDECIO ANTONIO MEIRELES FILHO,448.846,17761,39.57,98.8,0.627,23.1,77292.00157,75784.56145,35563.67,
Caldeir&atilde;o Grande,2905503,caldeir&atilde;o-grandense,CANDIDO PEREIRA DA GUIRRA FILHO,458.311,13080,28.54,97.8,0.573,20.94,34617.84397,39499.54107,7021.59,
Camacan,2905602,camacaense,PAULO CESAR BOMFIM DE OLIVEIRA,584.848,22578,38.60,92.5,0.581,23.19,58680.99677,55583.55135,10381.11,
Cama&ccedil;ari,2905701,cama&ccedil;ariense,ANTONIO ELINALDO ARAUJO DA SILVA,785.421,299579,381.42,96.7,0.694,17.47,1197747.85765,979305.4047,84446.59,
Camamu,2905800,camamuense,ENOC SOUZA SILVA,839.702,30425,36.23,96,0.565,15.79,69968.37167,63440.8396,11073.68,
Campo Alegre de Lourdes,2905909,campo-alegrense,ENILSON MARCELO RODRIGUES DA SILVA,2914.587,30671,10.52,98.3,0.557,17.44,57159.88724,51715.72573,9494.26,
Campo Formoso,2906006,campo-formosense,ELMO ALUIZIO VIEIRA NASCIMENTO,7161.827,71377,9.97,98,0.586,12.48,160280.65992,143198.15691,18422.89,
Can&aacute;polis,2906105,canapolense,REGINALDO DE SOUZA PEREIRA,460.388,10225,22.21,96.9,0.565,7.81,23593.6802,22189.38861,7850.90,
Canarana,2906204,canaraense,EZENIVALDO ALVES DOURADO,579.726,24206,41.75,98.9,0.587,16.34,51966.57178,53125.75256,8605.88,
Canavieiras,2906303,canavieirense,CL&Oacute;VIS ROBERTO ALMEIDA DE SOUZA,1334.284,32683,24.49,94.9,0.590,13.92,60662.18608,54775.59273,11856.39,
Candeal,2906402,candealense,EVERTON PEREIRA CERQUEIRA,447.578,7772,17.36,98.2,0.587,32.26,19365.10353,17317.14694,7906.20,
Candeias,2906501,candeense,PIT&Aacute;GORAS ALVES DA SILVA IBIAPINA,251.808,72382,287.45,97.6,0.691,22.56,307031.38866,258731.91172,56275.86,
Candiba,2906600,candibense,REGINALDO MARTINS PRADO,433.642,13016,30.02,98.3,0.591,17.75,29804.88684,27959.04446,9123.37,
C&acirc;ndido Sales,2906709,c&acirc;ndido-salense,MAURILIO LEMOS DAS VIRGENS,1169.814,25247,21.58,96.2,0.601,11.73,58734.35743,55384.55261,8990.91,
Cansan&ccedil;&atilde;o,2906808,cansan&ccedil;&atilde;oense,VILMA ROSA DE OLIVEIRA GOMES,1351.891,37439,27.69,98.6,0.557,8.58,71242.73356,68139.27052,8876.27,
Canudos,2906824,canudense,JILSON CARDOSO DE MACEDO,3565.377,16105,4.52,98.6,0.562,38.1,40038.98209,40279.64027,8535.70,
Capela do Alto Alegre,2906857,capelense,CLAUDINEI XAVIER NOVATO,629.586,10744,17.07,98.6,0.599,29.13,26752.37754,24375.4719,10907.81,
Capim Grosso,2906873,capim-grossense,JOS&Eacute; SIVALDO RIOS DE CARVALHO,464.776,33235,71.51,96.2,0.621,15.66,64297.84337,61461.55994,16103.09,
Cara&iacute;bas,2906899,caraibense,JONES COELHO DIAS,805.629,9940,12.34,97.3,0.555,-,22942.28133,19369.47585,9275.45,
Caravelas,2906907,caravelense,S&Iacute;LVIO RAMALHO DA SILVA,2377.889,20586,8.66,95.4,0.616,14.98,60492.57424,59071.92069,17424.64,
Cardeal da Silva,2907004,cardinalense,ANTONIO AUGUSTO SALES DE JESUS,293.456,8299,28.28,98.1,0.552,-,28380.52541,24684.72573,10688.52,
Carinhanha,2907103,carinhanhense,FRANCISCA ALVES RIBEIRO,2525.906,28869,11.43,98.8,0.576,6.83,61936.43453,57003.7034,8922.36,
Casa Nova,2907202,casa-novense,WILKER OLIVEIRA TORRES,9647.072,72085,7.47,95.5,0.570,24.37,136950.34507,131324.85812,11226.88,
Castro Alves,2907301,castro-alvense,THIANCLE DA SILVA ARAUJO,713.789,24712,34.62,95.9,0.613,-,54272.93744,51417.19685,11013.42,
Catol&acirc;ndia,2907400,catolandiano,GIOVANNI MOREIRA DOS SANTOS,702.504,3434,4.89,98.4,0.582,-,15604.83962,14348.63774,18469.48,
Catu,2907509,catuense,NARLISON BORGES DE SALES,426.955,48195,112.88,97.3,0.677,17.13,115313.52484,107811.49532,11003.76,
Caturama,2907558,caturamense,PAULO HUMBERTO NEVES MENDON&Ccedil;A,716.261,8841,12.34,98.7,0.571,48.19,20974.37395,20615.04108,7543.71,
Central,2907608,centralense,RENATO PEREIRA DE SANTANA,566.974,16348,28.83,98.9,0.596,24.75,37941.24425,36237.46756,8621.41,
Chorroch&oacute;,2907707,chorrochoense,HUMBERTO GOMES RAMOS,3005.319,10579,3.52,96.6,0.600,7.09,30272.9238,26996.51625,8551.80,
C&iacute;cero Dantas,2907806,c&iacute;cero-dantense,RICARDO ALMEIDA NUNES DA SILVA,819.969,30906,37.69,98,0.585,31.75,58419.1125,56030.79208,10368.12,
Cip&oacute;,2907905,cipoense,JOSE MARQUES DOS REIS,168.330,17230,102.36,97.6,0.601,21.9,38100.09597,35647.35569,8553.17,
Coaraci,2908002,coaraciense,JADSON ALBANO GALV&Atilde;O,274.500,17351,63.21,95.1,0.613,15.38,41578.92198,41550.2019,11012.57,
Cocos,2908101,coquense,MARCELO DE SOUZA EMERENCIANO,10140.572,19151,1.89,97,0.596,25.55,64480.22598,52555.20411,20219.57,
Concei&ccedil;&atilde;o da Feira,2908200,concei&ccedil;oense,JO&Atilde;O PEDRO LABRIOLA CARDOZO,164.798,20800,126.22,98.8,0.634,16.81,41522.93877,43835.85071,13846.63,
Concei&ccedil;&atilde;o do Almeida,2908309,almeidense,ADAILTON CAMPOS SOBRAL,284.836,15794,55.45,95.6,0.606,18.63,33636.51858,31631.71848,10663.00,
Concei&ccedil;&atilde;o do Coit&eacute;,2908408,coiteense,MARCELO PASSOS DE ARAUJO,1015.252,67825,66.81,97.9,0.611,14.42,98868.18761,90040.48457,11354.56,
Concei&ccedil;&atilde;o do Jacu&iacute;pe,2908507,conjacuipense,T&Acirc;NIA MARLI RIBEIRO YOSHIDA,114.869,35308,307.38,98.4,0.663,8.6,74311.01756,68906.96864,70091.83,
Conde,2908606,condense,ANTONIO EDUARDO LINS DE CASTRO,931.106,23651,25.40,96.8,0.560,12.38,58788.3479,63818.03498,10100.11,
Conde&uacute;ba,2908705,condeubense,SILVAN BALEEIRO DE SOUSA,1348.039,17053,12.65,98.1,0.582,4.72,43255.77244,37540.92114,9632.73,
Contendas do Sincor&aacute;,2908804,contendense,MARGARETH PINA SOUZA,977.455,4333,4.43,99,0.577,23.81,17325.38063,15835.87492,10813.98,
Cora&ccedil;&atilde;o de Maria,2908903,mariense,KLEY CARNEIRO LIMA,378.420,26692,70.54,98.8,0.592,4.48,53276.952,50151.73365,9085.63,
Cordeiros,2909000,cordeirense,DELCI ALVES LUZ,523.640,7546,14.41,98,0.579,-,20717.16768,18587.68923,7625.61,
Coribe,2909109,coribense,MURILLO FERREIRA VIANA,2662.819,13990,5.25,97.7,0.600,6.76,49512.77229,38010.52519,10867.96,
Coronel Jo&atilde;o S&aacute;,2909208,jo&atilde;o-saense,CARLOS AUGUSTO SILVEIRA SOBRAL,797.434,17056,21.39,96,0.535,-,39769.26259,42292.97257,11034.00,
Correntina,2909307,correntinense,NILSON JOS&Eacute; RODRIGUES,11504.314,32459,2.82,97.6,0.603,19,123134.32887,117411.11252,74502.09,
Cotegipe,2909406,cotegipano,M&Aacute;RCIA DA SILVA S&Aacute; TELES,4282.775,13063,3.05,94.5,0.590,23.26,37615.44394,35614.13273,10961.56,
Cravol&acirc;ndia,2909505,cravolandense,IVETE SOARES TEIXEIRA ARAUJO,182.585,4415,24.18,97.6,0.599,13.7,17626.0686,17371.63342,8252.95,
Cris&oacute;polis,2909604,crisopolense,LEANDRO DANTAS DE JESUS COSTA,636.609,19729,30.99,96.1,0.543,13.27,46794.77273,45895.77502,8594.33,
Crist&oacute;polis,2909703,cristopolense,GILSON NASCIMENTO DE SOUZA,1052.837,13993,13.29,98.3,0.614,17.86,34269.36051,30426.33837,9910.02,
Cruz das Almas,2909802,cruz-almense,EDNALDO JOS&Eacute; RIBEIRO,139.117,60346,433.78,97.2,0.699,5.09,109107.28385,103853.04028,14863.37,
Cura&ccedil;&aacute;,2909901,cura&ccedil;aense,PEDRO ALVES DE OLIVEIRA,5950.614,34180,5.74,97.4,0.581,16.33,71569.40996,71326.79212,9464.48,
D&aacute;rio Meira,2910008,d&aacute;rio-meirense,WILLIAM ALMEIDA SENA,413.637,10817,26.15,93,0.540,7.35,25390.47667,25681.44858,10910.72,
Dias d'&Aacute;vila,2910057,diasdavilense,ALBERTO PEREIRA CASTRO,183.759,71485,389.01,98,0.676,12.43,194450.4561,181456.66677,34655.57,
Dom Bas&iacute;lio,2910107,dom-basiliense,ROBERVAL DE CASSIA MEIRA,689.516,11884,17.24,96.1,0.591,-,32078.90841,28380.47062,10621.94,
Dom Macedo Costa,2910206,macedense,EGNALDO PITON MOURA,94.778,4407,46.50,99.3,0.632,19.23,14266.11794,12342.23059,10030.55,
El&iacute;sio Medrado,2910305,medradense,LINSMAR MOURA BITTENCOURT SANTOS,179.329,7809,43.55,99.6,0.623,11.9,19453.56083,18127.99002,8653.42,
Encruzilhada,2910404,encruzilhadense,WEKISLEY TEIXEIRA SILVA,1890.133,19107,10.11,95,0.544,14.65,49443.20222,50267.06294,13395.19,
Entre Rios,2910503,entrerriense,MANOELITO ARGOLO DOS SANTOS JUNIOR,1187.766,38098,32.08,95.6,0.615,21.57,93732.36422,89847.00737,13857.44,
Esplanada,2910602,esplanadense,JOSE NAUDINHO ALVES DOS SANTOS,1299.355,32556,25.06,97.7,0.589,18.11,94071.96907,87463.05107,15626.75,
Euclides da Cunha,2910701,euclidense,LUCIANO PINHEIRO DAMASCENO E SANTOS,2025.368,61456,30.34,97.8,0.567,13.35,118713.28069,132809.62576,12981.22,
Eun&aacute;polis,2910727,eunapolitano,CORDELIA TORRES DE ALMEIDA,1425.970,113709,79.74,96.2,0.677,11.06,256565.06135,251311.03942,26244.74,
F&aacute;tima,2910750,fatimense,F&Aacute;BIO JOS&Eacute; REIS DE ARAUJO,364.419,17896,49.11,98.4,0.559,4.69,39762.16279,42834.29449,16412.56,
Feira da Mata,2910776,matense,VALMIR MACEDO RODRIGUES,1176.111,5631,4.79,97.5,0.588,-,18098.70361,16991.26009,9912.40,
Feira de Santana,2910800,feirense,COLBERT MARTINS DA SILVA FILHO,1304.425,616279,472.45,97.4,0.712,13.84,1167088.57404,1099658.829,24456.13,
Filad&eacute;lfia,2910859,filadelfense,LOURIVALDO PEREIRA MAIA,579.686,17897,30.87,98.4,0.565,25.75,45822.38706,40895.60319,7978.22,
Firmino Alves,2910909,firmino-alvense,FABIANO DE JESUS SAMPAIO,172.353,4873,28.27,95,0.578,-,16165.13007,15348.08844,11181.88,
Floresta Azul,2911006,floresta-azulense,GIC&Eacute;LIA DE SANTANA OLIVEIRA SANTOS,321.013,11055,34.44,92.8,0.557,22.22,34148.89954,22096.61202,9116.47,
Formosa do Rio Preto,2911105,formosense,MANOEL AFONSO DE ARA&Uacute;JO,15634.328,25899,1.66,97.3,0.618,14.15,115659.78173,101995.33172,147092.01,
Gandu,2911204,ganduense,LEONARDO BARBOSA CARDOSO,229.661,32178,140.11,96.8,0.632,18.65,59938.8177,54632.06531,12367.49,
Gavi&atilde;o,2911253,gavionense,LAURINDO NAZ&Aacute;RIO DA SILVA,384.592,4360,11.34,98.8,0.599,-,14795.12779,15463.29695,10496.01,
Gentio do Ouro,2911303,gentiense,ROBERIO GOMES CUNHA,3817.946,10884,2.85,97.9,0.559,7.09,34194.09094,25798.3518,10570.89,
Gl&oacute;ria,2911402,gloriense,DAVID DE SOUZA CAVALCANTI,1566.609,15524,9.91,97.4,0.593,-,34737.20621,35676.60576,14935.88,
Gongogi,2911501,gongogiense,ADRIANO MENDON&Ccedil;A PINHEIRO,202.194,5549,27.44,96.8,0.576,28.57,18787.00558,19274.86127,9833.34,
Governador Mangabeira,2911600,mangabeirense,MARCELO PEDREIRA DE MENDON&Ccedil;A,106.848,20605,192.84,95.6,0.643,10.79,45767.30579,43219.59835,9448.08,
Guajeru,2911659,guajeruense,JILVAN TEIXEIRA RIBEIRO,872.867,8050,9.22,97.1,0.569,-,19733.02424,17525.50498,9520.00,
Guanambi,2911709,guanambiense,NILO AUGUSTO MORAES COELHO,1272.366,87817,69.02,97.8,0.673,10.28,170867.30845,160908.31093,17457.14,
Guaratinga,2911808,guaratinguense,MARLENE DANTAS MARTINS,2189.404,19049,8.70,94.6,0.558,9.09,47789.08115,45373.20672,11451.62,
Heli&oacute;polis,2911857,heliopoliense,JOS&Eacute; MENDON&Ccedil;A DANTAS,313.438,12309,39.27,98.3,0.563,7.58,30558.02194,27852.82181,10072.75,
Ia&ccedil;u,2911907,ia&ccedil;uense,NIXON DUARTE MUNIZ FERREIRA,2342.497,24607,10.50,97.8,0.574,11.98,60037.04414,57378.95783,9455.10,
Ibiassuc&ecirc;,2912004,ibiassuceense,FRANCISCO ADAUTO REBOU&Ccedil;AS PRATES,483.274,10429,21.58,98.5,0.611,20.41,23959.66394,23285.90288,10168.41,
Ibicara&iacute;,2912103,ibicaraiense,MONALISA GONCALVES TAVARES,230.953,21665,93.81,98,0.625,17.47,56556.62455,51103.55029,9802.59,
Ibicoara,2912202,ibicoarense,GILMADSON CRUZ DE MELO,817.355,20785,25.43,96.3,0.591,18.63,58287.55188,48215.55547,26108.18,
Ibicu&iacute;,2912301,ibicuiense,MARCOS GALV&Atilde;O DE ASSIS,1139.378,13934,12.23,98.2,0.584,6.62,33375.07491,31866.20938,10641.17,
Ibipeba,2912400,ibipebense,DEMOSTENES DE SOUSA BARRETO FILHO,1382.008,16603,12.01,97.6,0.616,10.15,37451.4382,36727.8033,8723.53,
Ibipitanga,2912509,ibipitanguense,HUMBERTO RAIMUNDO RODRIGUES DE OLIVEIRA,954.373,13863,14.53,96.9,0.584,14.29,33266.76276,34373.27573,7289.23,
Ibiquera,2912608,ibiquerense,IVAN CLAUDIO DE ALMEIDA,698.245,3725,5.33,96.2,0.511,-,14115.84189,13456.44348,8493.69,
Ibirapitanga,2912707,ibirapitanguense,JUNILSON BATISTA GOMES,472.664,25341,53.61,95.9,0.558,24.17,58668.30209,52766.46156,10511.27,
Ibirapu&atilde;,2912806,ibirapuense,CALIXTO ANT&Ocirc;NIO RIBEIRO,771.098,8896,11.54,99.2,0.614,7.94,30165.39369,27721.94019,43730.76,
Ibirataia,2912905,ibirataense,ANA CL&Eacute;IA DOS SANTOS LEAL,318.129,18792,59.07,97.6,0.576,4.29,47065.93238,43570.13785,12766.57,
Ibitiara,2913002,ibitiarense,WILSON DOS SANTOS SOUZA,1834.002,14634,7.98,96.2,0.585,22.06,33339.25404,30941.80458,6676.60,
Ibitit&aacute;,2913101,ibititaense,NILVA BARRETO DOS SANTOS,573.033,16969,29.61,96.6,0.602,9.3,38870.18909,57520.53709,8382.86,
Ibotirama,2913200,ibotiramense,LAERCIO SILVA DE SANTANA,1740.113,26309,15.12,96.4,0.636,17.33,62187.1602,70199.71683,14271.68,
Ichu,2913309,ichuense,JOSE GONZAGA CARNEIRO,138.016,6190,44.85,98.4,0.631,-,17368.0625,16590.96721,8318.92,
Igapor&atilde;,2913408,igaporaense,NEWTON FRANCISCO NEVES COTRIM,836.586,15527,18.56,97.3,0.614,22.39,39684.72262,39271.88107,12032.34,
Igrapi&uacute;na,2913457,igrapiunense,MANOEL RIBEIRO DOS SANTOS,591.312,13151,22.24,97.2,0.574,44.44,39419.02765,35923.10272,13350.49,
Igua&iacute;,2913507,iguaiense,RONALDO MOITINHO DOS SANTOS,860.223,21358,24.83,94.1,0.552,8.24,78780.18022,59483.33864,8560.73,
Ilh&eacute;us,2913606,ilheuense,M&Aacute;RIO ALEXANDRE CORREA DE SOUSA,1588.555,178703,112.49,96.7,0.690,25.87,397911.54004,361229.6176,28336.49,
Inhambupe,2913705,inhambupense,FORTUNATO SILVA COSTA,1082.283,33790,31.22,97.2,0.565,29.63,72615.03984,66885.06944,14122.79,
Ipecaet&aacute;,2913804,ipecaetense,ELCYDES PIAGGIO DE OLIVEIRA J&Uacute;NIOR,372.565,13709,36.80,96.1,0.550,8.13,35403.30605,32919.14909,6848.01,
Ipia&uacute;,2913903,ipiauense,MARIA DAS GRA&Ccedil;AS CESAR MENDON&Ccedil;A,280.454,40706,145.14,97.4,0.670,11.63,79383.69001,74410.9302,11009.05,
Ipir&aacute;,2914000,ipiraense,EDVONILSON SILVA SANTOS,3105.281,56873,18.31,95.9,0.549,11.51,136908.45436,102065.50055,9785.32,
Ipupiara,2914109,ipupiarense,ASCIR LEITE SANTOS,1055.760,9935,9.41,98.8,0.590,21.74,23727.52435,21904.79736,9714.14,
Irajuba,2914208,irajubense,ANTONIO OLIVEIRA SAMPAIO,459.047,6101,13.29,98.2,0.576,-,21020.03676,20486.12787,10070.06,
Iramaia,2914307,iramaense,ANTONIO CARLOS SILVA BASTOS,1708.115,10752,6.29,97.3,0.571,-,36667.70041,25405.62024,11205.52,
Iraquara,2914406,iraquarense,WALTERSON RIBEIRO COUTINHO,991.822,23879,24.08,99.1,0.599,16.35,53867.76763,45365.8452,22661.52,
Irar&aacute;,2914505,iraraense,DERIVALDO PINTO CERQUEIRA,267.880,28043,104.68,98.7,0.620,10.14,61987.66701,57918.66677,9561.70,
Irec&ecirc;,2914604,ireceense,ELMO VAZ BASTOS DE MATOS,319.174,74507,233.44,96.4,0.691,7.15,143102.95705,131057.76495,19147.84,
Itabela,2914653,itabelense,LUCIANO FRANCISQUETO,924.914,28165,30.45,95.8,0.599,11.72,100994.50905,68130.83215,13829.33,
Itaberaba,2914703,itaberabense,RICARDO DOS ANJOS MASCARENHAS,2386.390,65073,27.27,96.2,0.620,16.51,140571.04026,138731.88786,13905.60,
Itabuna,2914802,itabunense,AUGUSTO NARCISO CASTRO,401.028,186708,465.57,96.6,0.712,15.86,506552.92436,509685.39599,18885.73,
Itacar&eacute;,2914901,itacareense,ANTONIO MARIO DAMASCENO,726.265,27725,38.17,94.7,0.583,19.56,58565.53834,55961.75192,11570.59,
Itaet&eacute;,2915007,itaeteense,ZENILDO MATOS DE OLIVEIRA,1331.822,13472,10.12,98.1,0.572,5.08,34414.65002,33600.10373,6963.24,
Itagi,2915106,itagiense,OLIVAL ANDRADE JUNIOR,310.621,13803,44.44,95.6,0.543,14.85,27679.02019,27850.93996,9122.00,
Itagib&aacute;,2915205,itagibaense,MARCOS VALERIO BARRETO,810.993,15310,18.88,95.4,0.589,13.16,38742.69957,35228.86798,49145.90,
Itagimirim,2915304,itagimiriense,LUIZ CARLOS JUNIOR SILVA DE OLIVEIRA,876.800,6347,7.24,96.2,0.634,-,24195.68461,22641.29844,16738.94,
Itagua&ccedil;u da Bahia,2915353,itagua&ccedil;uense,AD&Atilde;O ALVES DE CARVALHO FILHO,4310.238,12311,2.86,96.9,0.562,16.67,39551.28907,36564.49462,9271.86,
Itaju do Col&ocirc;nia,2915403,itajuense,DJALMA ORRICO DUARTE,1225.287,6037,4.93,98.4,0.592,54.05,19736.49741,19651.37038,12302.48,
Itaju&iacute;pe,2915502,itajuipense,LEANDRO JUNQUILHO CUNHA,270.752,18781,69.37,96.3,0.599,9.39,42368.11736,40181.39062,11212.64,
Itamaraju,2915601,itamarajuense,MARCELO ANGENICA,2360.584,59603,25.25,95.7,0.627,15.23,122420.45247,114607.84484,14118.32,
Itamari,2915700,itamariense,EVERTON BORGES VASCONCELOS,143.479,7051,49.14,95.9,0.578,7.63,20805.44903,21156.5325,11503.34,
Itamb&eacute;,2915809,itambeense,JOS&Eacute; CANDIDO ROCHA ARA&Uacute;JO,1534.575,24394,15.90,96,0.578,14.98,47331.7218,43877.50153,11888.63,
Itanagra,2915908,itanagrense,MARCUS GUSTAVO DE SOUZA SARMENTO,533.634,5914,11.08,98.1,0.584,21.28,10462.76061,21701.65616,10591.34,
Itanh&eacute;m,2916005,itanhense,MILDSON DIAS MEDEIROS,1394.174,17813,12.78,97.7,0.637,5.35,42552.12746,40855.48568,13526.39,
Itaparica,2916104,itaparicano,JOSE ELIAS DAS VIRGENS OLIVEIRA,121.373,19789,163.04,98.3,0.670,15.27,53398.0429,48629.98275,11020.13,
Itap&eacute;,2916203,itapeense,NAELITON ROSA PINTO,453.144,10341,22.82,96.1,0.599,26.55,21896.15445,22019.00587,12138.07,
Itapebi,2916302,itapebiense,JUAREZ DA SILVA OLIVEIRA,1013.074,9174,9.06,97.4,0.572,9.52,42716.04162,37616.20118,34577.02,
Itapetinga,2916401,itapetinguense,RODRIGO HAGGE COSTA,1651.158,65897,39.91,96.8,0.667,17.73,142006.79376,135529.32454,16652.77,
Itapicuru,2916500,itapicuruense,JOSE MOREIRA DE CARVALHO NETO,1557.685,31679,20.34,95.6,0.486,18.63,86327.87441,68897.91856,11628.55,
Itapitanga,2916609,itapitanguense,JOSE ROBERTO DOS SANTOS TOLENTINO,420.663,10279,24.44,97,0.571,27.78,24364.6741,24533.00443,8238.80,
Itaquara,2916708,itaquarense,MARCO AUR&Eacute;LIO WANDERLEY CRUZ COSTA,344.093,8153,23.69,94.5,0.553,-,19155.1598,18838.7269,10507.11,
Itarantim,2916807,itarantinense,F&Aacute;BIO PEREIRA GUSM&Atilde;O,1674.029,17052,10.19,96.6,0.610,28.99,39979.86205,39072.82857,15129.97,
Itatim,2916856,itatinhense,DAIANE SILVA DOS ANJOS,547.510,15737,28.74,97.9,0.582,6.54,47511.9974,48286.43214,23726.99,
Itiru&ccedil;u,2916906,itiru&ccedil;uense,LORENNA MOURA DI GREGORIO,322.243,10999,34.13,96.7,0.600,14.39,27471.02436,26314.0551,8869.81,
Iti&uacute;ba,2917003,itiubense,JOS&Eacute; FRANCISCO DOS SANTOS FILHO,1650.593,33872,20.52,95.5,0.544,21.53,79009.15926,82457.76344,9032.98,
Itoror&oacute;,2917102,itororoense,PAULO CARNEIRO RIOS,313.839,16617,52.95,98.6,0.594,44.33,42181.0627,39475.99897,10879.01,
Itua&ccedil;u,2917201,itua&ccedil;uense,PHELLIPE RAMONN GON&Ccedil;ALVES BRITO,1199.374,17914,14.94,98.2,0.570,14.78,42910.54279,40406.43886,9796.45,
Ituber&aacute;,2917300,ituberense,REGES JONAS ARAG&Atilde;O SANTOS,415.428,21913,52.75,97.8,0.606,3.41,59265.84336,54910.96,11056.55,
Iuiu,2917334,iuiuense,REINALDO BARBOSA DE G&Oacute;ES,1525.142,11118,7.29,98.3,0.591,22.9,40761.79638,25795.1151,10852.91,
Jaborandi,2917359,jaborandiense,MARCOS ANT&Ocirc;NIO MATOS DA SILVA,9955.113,9272,0.93,96.1,0.613,7.19,43232.29339,35057.76123,113379.41,
Jacaraci,2917409,jacaraciense,ANTONIO CARLOS FREIRE DE ABREU,1332.420,14436,10.83,98.3,0.593,16.53,42362.33226,32242.69882,7554.03,
Jacobina,2917508,jacobinense,TIAGO MANOEL DIAS FERREIRA,2192.905,82590,37.66,97.3,0.649,10.05,178031.74917,185694.46203,20826.60,
Jaguaquara,2917607,jaguaquarense,EDIONE OLIVEIRA AGOSTINONE,924.512,45964,49.72,94.7,0.580,7.36,93501.51343,84913.16725,11110.30,
Jaguarari,2917706,jaguarariense,ANTONIO FERREIRA DO NASCIMENTO,2466.009,32703,13.26,98.3,0.659,22.27,71374.45858,70575.07908,21620.91,
Jaguaripe,2917805,jaguaripense,HER&Aacute;CLITO ROCHA ARANDAS,863.424,17659,20.45,97.6,0.556,26.09,54426.76268,50515.47346,10518.69,
Janda&iacute;ra,2917904,jandairense,ADILSON AIRES LEITE DE &Aacute;VILA JUNIOR,640.772,9285,14.49,99,0.550,20.98,31098.03687,33392.01823,13614.95,
Jequi&eacute;,2918001,jequieense,ZENILDO BRAND&Atilde;O SANTANA,2969.039,158812,53.49,97.4,0.665,14.29,553383.96084,389276.45284,16455.41,
Jeremoabo,2918100,jeremoabense,DERISVALDO JOSE DOS SANTOS,4267.488,37626,8.82,97.2,0.547,14.23,100897.58494,96361.63028,10369.08,
Jiquiri&ccedil;&aacute;,2918209,jiquiri&ccedil;aense,JOAO FERNANDO ALVES COSTA,238.660,13629,57.11,97.8,0.553,14.18,29664.5684,29035.44505,8777.66,
Jita&uacute;na,2918308,jitaunense,PATRICK GILBERTO RODRIGUES LOPES,262.050,14355,54.78,96.7,0.575,10.87,32385.06407,31112.47937,14663.85,
Jo&atilde;o Dourado,2918357,jo&atilde;o-douradense,DIAMERSON COSTA CARDOSO DOURADO,913.258,24854,27.21,96.5,0.593,17.33,49293.5802,46006.7613,10333.87,
Juazeiro,2918407,juazeirense,SUZANA ALEXANDRE DE CARVALHO RAMOS,6721.237,235816,35.09,96.7,0.677,16.89,526562.31619,509953.67657,20120.96,
Jucuru&ccedil;u,2918456,jucuru&ccedil;uense,ARIVALDO DE ALMEIDA COSTA,1457.656,9655,6.62,91.5,0.541,-,52130.47098,23758.68461,12080.70,
Jussara,2918506,jussarense,TACIANO MENDES DA SILVA,1355.173,16354,12.07,97.2,0.571,5.32,35176.23408,32303.48227,7364.64,
Jussari,2918555,jussariense,ANTONIO CARLOS BANDEIRA VALETE,329.190,5888,17.89,94.5,0.567,53.57,18312.66492,17531.26578,11029.80,
Jussiape,2918605,jussiapense,&Eacute;DER JAKES SOUZA AGUIAR,589.763,7379,12.51,98.4,0.602,-,20548.9388,18120.67522,10671.55,
Lafaiete Coutinho,2918704,lafaietense,JOSE FREITAS DE SANTANA JUNIOR,498.110,4075,8.18,99.1,0.599,-,17142.56622,15662.20214,13507.95,
Lagoa Real,2918753,lagoa-realense,PEDRO CARDOSO CASTRO,912.222,14105,15.46,97.5,0.545,-,30026.71742,27241.76869,6759.62,
Laje,2918803,lajista,KLEDSON DUARTE MOTA,449.834,21052,46.80,96.9,0.586,22.47,50855.34458,47907.68046,10792.72,
Lajed&atilde;o,2918902,lajed&atilde;oense,ARISTON ALMEIDA PASSOS FILHO,624.353,3845,6.16,98.7,0.632,-,20964.87883,17992.32611,21420.23,
Lajedinho,2919009,lajedinhense,ANTONIO MARIO LIMA SILVA,846.728,3527,4.17,97.5,0.546,-,15929.47229,14928.35051,15498.16,
Lajedo do Tabocal,2919058,lagedense,ANT&Ocirc;NIO MARCOS ARA&Uacute;JO DE SENA,382.937,7494,19.57,97.8,0.584,-,21236.70811,19536.91372,8494.54,
Lamar&atilde;o,2919108,lamar&atilde;oense,MARIA LUZINEIDE COSTA SILVA DE ARA&Uacute;JO,189.257,8746,46.21,95.2,0.518,-,20565.8105,18887.9632,7993.46,
Lap&atilde;o,2919157,lapoense,MARCIO ANTONIO MESSIAS DA SILVA,642.882,25739,40.04,97,0.596,11.27,65009.77106,63486.59828,10023.53,
Lauro de Freitas,2919207,lauro-freitense,MOEMA ISABEL PASSOS GRAMACHO,57.942,203334,3509.27,97.2,0.754,11.62,519885.47642,474285.94151,32002.21,
Len&ccedil;&oacute;is,2919306,len&ccedil;oense,VANESSA DOS ANJOS TELES SENNA,1283.328,10774,8.40,97.2,0.623,29.2,27303.1426,26900.79412,11275.17,
Lic&iacute;nio de Almeida,2919405,lic&iacute;nio-de-almeidense,FREDERICO VASCONCELLOS FERREIRA,856.626,11834,13.81,98.4,0.621,6.41,32694.62231,25942.64529,10226.61,
Livramento de Nossa Senhora,2919504,livramentense,JOS&Eacute; RICARDO ASSUN&Ccedil;&Atilde;O RIBEIRO,1952.510,43911,22.49,98.1,0.611,10.64,82765.87656,73982.26004,11925.57,
Lu&iacute;s Eduardo Magalh&atilde;es,2919553,luiseduardense,ONDUMAR FERREIRA BORGES JUNIOR,4036.094,107909,26.74,96.4,0.716,14.25,305247.0096,288958.97693,77935.76,
Macajuba,2919603,macajubense,LUCIANO PAMPONET DE SOUSA,701.171,10460,14.92,97.6,0.524,30.53,44636.61349,28611.1025,7958.62,
Macarani,2919702,macaraniense,SELMA RODRIGUES SOUTO,1210.106,21599,17.85,96.7,0.605,26.04,42453.87819,40549.07366,10905.81,
Maca&uacute;bas,2919801,macaubense,ALOISIO MIGUEL REBONATO,2459.102,41859,17.02,97.9,0.609,19.93,91801.82027,83840.88005,8169.24,
Macurur&eacute;,2919900,macururense,LEANDRO BERGUE GOMES DA CRUZ,2545.856,7256,2.85,97.1,0.604,41.24,21281.88398,18058.30908,7545.85,
Madre de Deus,2919926,madre-deusense,DAILTON RAIMUNDO DE JESUS FILHO,32.201,18504,574.64,98.5,0.708,11.81,158842.64453,153065.00399,26147.41,
Maetinga,2919959,maetinguense,ALINE COSTA AGUIAR SILVEIRA,614.834,6973,11.34,96.8,0.538,24.1,22889.25217,18530.22419,17398.55,
Maiquinique,2920007,maiquiniquense,JESULINO DE SOUZA PORTO,588.297,8731,14.84,98.1,0.576,-,22400.92272,21822.59998,12658.17,
Mairi,2920106,mairiense,JOS&Eacute; BONIF&Aacute;CIO PEREIRA DA SILVA,906.680,17674,19.49,98,0.572,4.76,41746.28326,40867.02714,7899.43,
Malhada,2920205,malhadense,GIMMY EVERTON MOURARIA RAMOS,1979.193,15398,7.78,97.4,0.562,28.74,40655.7602,41638.84955,10285.72,
Malhada de Pedras,2920304,malhada-pedrense,CARLOS ROBERTO SANTOS DA SILVA,550.550,8670,15.75,97.4,0.578,9.62,20668.64247,17439.29267,8716.19,
Manoel Vitorino,2920403,manoel-vitorinense,MANOEL SILVANY BARROS,2201.764,13860,6.29,98.2,0.566,22.47,37725.62995,32143.93529,9699.76,
Mansid&atilde;o,2920452,mansid&atilde;oense,DJALMA RAMOS DE OLIVEIRA,3129.588,13919,4.45,99.3,0.599,-,33958.09541,30980.11798,6503.67,
Marac&aacute;s,2920502,maracaense,UILSON VENANCIO GOMES DE NOVAES,2413.270,27620,11.45,97.2,0.607,24.31,57366.11209,55365.88715,26084.64,
Maragogipe,2920601,maragogipano,VALN&Iacute;CIO ARMEDE RIBEIRO,437.610,35859,81.94,96.8,0.621,7.08,80950.22001,67522.19345,7964.79,
Mara&uacute;,2920700,marauense,MANASS&Eacute;S SANTOS SOUZA,848.885,24580,28.96,95,0.593,13.75,55726.71737,51961.40954,12666.99,
Marcion&iacute;lio Souza,2920809,marcionilense,HERMINIO JOS&Eacute; OLIVEIRA MERC&Ecirc;S,1099.283,9267,8.43,96.1,0.561,-,25303.39468,26573.5351,8692.97,
Mascote,2920908,mascotense,ARNALDO LOPES COSTA,742.689,13544,18.24,95,0.581,16.26,32920.249,31755.55853,10891.25,
Mata de S&atilde;o Jo&atilde;o,2921005,matense,JO&Atilde;O GUALBERTO VASCONCELOS,605.168,42566,70.34,98.1,0.668,22.49,177163.21836,168512.90223,21962.08,
Matina,2921054,matinense,OLGA GENTIL DE CASTRO CARDOSO,773.278,10330,13.36,97.5,0.572,15.15,27220.1942,26143.14584,7010.31,
Medeiros Neto,2921104,medeirosnetense,ADALBERTO ALVES PINTO,1311.739,22194,16.92,96.7,0.625,21.05,54175.53351,50250.56079,17187.37,
Miguel Calmon,2921203,calmonense,JOSE RICARDO LEAL REQUIAO,1599.672,24661,15.42,97.5,0.586,13.51,49402.89665,43921.33581,9506.32,
Milagres,2921302,milagrense,CEZAR ROTONDANO MACHADO,420.358,11071,26.34,98.9,0.622,7.69,26836.03054,23356.53611,11191.73,
Mirangaba,2921401,mirangabense,DIRCEU MENDES RIBEIRO,1751.778,15734,8.98,98.4,0.542,10.99,41295.20747,40059.4578,7189.43,
Mirante,2921450,mirantense,WAGNER RAMOS LIMA,1172.860,10187,8.69,97.3,0.527,32.26,21894.07635,20476.584,8080.06,
Monte Santo,2921500,monte-santense,SILVANIA SILVA MATOS,3034.197,47780,15.75,98.1,0.506,10.94,103250.34569,94070.23445,9133.21,
Morpar&aacute;,2921609,morparaense,SIRLEY NOVAES BARRETO,2093.872,7982,3.81,97.9,0.558,19.42,20299.68368,18295.32938,8527.13,
Morro do Chap&eacute;u,2921708,morrense,JULIANA PEREIRA ARAUJO LEAL,5744.969,33594,5.85,96.5,0.588,12.68,81818.57657,74194.31278,12807.76,
Mortugaba,2921807,mortugabense,HERACLITO LUIZ PAIXAO MATOS,528.214,11143,21.10,99.7,0.618,-,25910.86427,24088.19973,8420.81,
Mucug&ecirc;,2921906,mucugeense,ANA OLIMPIA HORA MEDRADO,2462.153,12137,4.93,97.5,0.606,15.5,38962.26274,37573.77174,65937.26,
Mucuri,2922003,mucuriense,ROBERTO CARLOS FIGUEIREDO COSTA,1787.626,37975,21.24,94.1,0.665,6.24,178837.60433,153797.64543,52041.33,
Mulungu do Morro,2922052,mulunguense,EDIMARIO JOS&Eacute; BOAVENTURA,646.621,13152,20.34,98.4,0.566,5.52,34342.82783,34090.5455,10477.10,
Mundo Novo,2922102,mundo-novense,JOS&Eacute; ADRIANO DA SILVA,1491.990,17299,11.59,96.5,0.590,16.57,45825.49875,41301.45929,6787.66,
Muniz Ferreira,2922201,ferreirense,GILENO PEREIRA DOS SANTOS,104.540,7202,68.89,98.2,0.617,42.25,18024.93134,16580.0292,8077.50,
Muqu&eacute;m do S&atilde;o Francisco,2922250,sanfranciscano,GILMARIA RIOS PEREIRA ARA&Uacute;JO,3852.111,10443,2.71,97.1,0.549,16.95,33407.02188,31213.74418,14705.54,
Muritiba,2922300,muritibano,DANILO MARQUES DIAS SAMPAIO,86.311,28707,332.60,96.7,0.660,9.77,57288.42853,52964.0935,9267.52,
Mutu&iacute;pe,2922409,mutuipense,RODRIGO MAICON DE SANTANA ANDRADE,275.854,20037,72.64,98.7,0.601,15.87,41672.23612,39167.75398,16237.07,
Nazar&eacute;,2922508,nazareno,EUNICE SOARES BARRETO PEIXOTO,278.629,27049,97.08,96.9,0.641,10.6,46140.50546,46098.50026,10150.77,
Nilo Pe&ccedil;anha,2922607,nilo-pe&ccedil;anhense,JACQUELINE SOARES DE OLIVEIRA,388.936,12052,30.99,94.9,0.547,17.96,37879.15029,34824.6903,11285.57,
Nordestina,2922656,nordestinense,ELIETE DE ANDRADE ARAUJO,465.407,18402,39.54,98.7,0.560,18.29,31554.22099,31378.16824,10657.26,
Nova Cana&atilde;,2922706,canaense,MARIVAL NEUTON DE MAGALHAES FRAGA,804.617,13715,17.05,96.9,0.545,25.97,42467.5047,34607.87207,9841.87,
Nova F&aacute;tima,2922730,fatimense,JOSE ADRIANO SANTOS PEREIRA,346.784,7967,22.97,98.5,0.597,-,20869.13229,19620.87626,11588.00,
Nova Ibi&aacute;,2922755,nova-ibiaense,JOS&Eacute; MURILO NUNES DE SOUZA,203.198,6501,31.99,97,0.570,-,18574.52309,16912.86521,14187.81,
Nova Itarana,2922805,nova-itaranense,ANTONIO DANNILO ITALIANO DE ALMEIDA,475.381,7780,16.37,97.4,0.524,18.35,20767.38226,20050.21932,7478.98,
Nova Reden&ccedil;&atilde;o,2922854,nova-reden&ccedil;oense,GUILMA RITA DE C&Aacute;SSIA GOTTSCHALL DA SILVA SOARES,565.356,7538,13.33,95.1,0.567,21.05,19324.97456,17916.77788,7225.00,
Nova Soure,2922904,nova-souriense,LUIS CASSIO DE SOUZA ANDRADE,966.993,24236,25.06,97.6,0.555,33.13,57744.95344,54185.95571,9169.12,
Nova Vi&ccedil;osa,2923001,nova-vi&ccedil;osense,LUCIANA SOUSA MACHADO RODRIGUES,1316.379,39509,30.01,97,0.654,18.48,89933.56556,94355.72885,11842.66,
Novo Horizonte,2923035,novo-horizontino,DJALMA ABREU DOS ANJOS,627.500,11162,17.79,97.4,0.597,12.82,37852.71891,24040.75138,7638.25,
Novo Triunfo,2923050,novo-triunfense,MATHEUS BARROS DE SANTANA,278.487,10660,38.28,94.6,0.554,28.04,29782.25736,25638.28563,6217.43,
Olindina,2923100,olindinense,LUIZ ALBERTO ARAUJO DANTAS FILHO,637.317,22633,35.51,91.4,0.559,14.18,49742.90374,45912.34956,7799.46,
Oliveira dos Brejinhos,2923209,brejinhense,SILVANDO BRITO SANTOS,3313.418,20715,6.25,97.8,0.554,4.07,46905.85419,41893.12891,11664.59,
Ouri&ccedil;angas,2923308,ouri&ccedil;anguense,ANTONIO DIAS MARQUES,156.982,7716,49.15,98.7,0.607,-,20974.13415,17522.07158,7666.66,
Ourol&acirc;ndia,2923357,ourolandense,JOS&Eacute; RAIMUNDO ARAUJO DE SOUZA,1544.988,19243,12.46,97.7,0.560,12.15,43405.64817,37110.24298,14043.67,
Palmas de Monte Alto,2923407,monte-altense,MANOEL RUBENS VICENTE DA CRUZ,2560.027,20078,7.84,99,0.586,12.66,41720.59824,41287.66277,9529.56,
Palmeiras,2923506,palmeirense,RICARDO OLIVEIRA GUIMAR&Atilde;ES,737.454,10339,14.02,96.2,0.643,19.87,22698.50513,19909.47555,10499.75,
Paramirim,2923605,paramirinhense,GILBERTO MARTINS BRITO,1087.060,20347,18.72,96.7,0.615,16.74,49298.07611,50279.9929,10636.57,
Paratinga,2923704,paratinguense,MARCEL JOS&Eacute; CARNEIRO DE CARVALHO,2624.998,29252,11.14,98.9,0.590,9.41,87525.28025,69332.31787,7867.50,
Paripiranga,2923803,paripiranguense,JUSTINO DAS VIRGENS NETO,442.186,26604,60.16,97.4,0.577,7.12,52055.3243,46524.39398,15045.66,
Pau Brasil,2923902,pau-brasilense,BARBARA SUZETE DE SOUSA PRADO,626.306,9370,14.96,96.9,0.583,6.54,23849.09086,22547.15109,9738.05,
Paulo Afonso,2924009,paulo-afonsino,LUIZ BARBOSA DE DEUS,1544.388,112870,73.08,96.4,0.674,14.29,325776.21973,292032.05589,35720.75,
P&eacute; de Serra,2924058,p&eacute;-de-serrense,EDGAR CARNEIRO MIRANDA,596.771,13243,22.19,98,0.587,13.51,31201.42673,30292.00183,8788.45,
Pedr&atilde;o,2924108,pedronense,SOSTHENES SERRAVALLE CAMPOS,158.488,6235,39.34,98.3,0.588,39.47,18798.83768,19279.61684,6629.15,
Pedro Alexandre,2924207,pedro-alexandrense,YURI CESAR DE ANDRADE MENEZES,889.572,13954,15.69,94.4,0.513,15.79,35432.8266,36044.64602,8714.53,
Piat&atilde;,2924306,piat&atilde;ense,MARCOS PAULO SANTOS AZEVEDO,1825.857,20086,11.00,98.6,0.571,4.18,43894.82413,41154.22853,9345.97,
Pil&atilde;o Arcado,2924405,pil&atilde;o-arcadense,ORGETO BASTOS DOS SANTOS,11597.923,35357,3.05,95.8,0.506,14.9,111897.13376,85967.29866,8062.91,
Pinda&iacute;,2924504,pindaiense,JOAO EVANGELISTA VEIGA PEREIRA,628.468,14731,23.44,98.5,0.603,-,35307.47698,31529.90574,14511.32,
Pindoba&ccedil;u,2924603,pindoba&ccedil;uense,DAVID MENEZES FARIAS,495.845,19083,38.49,98.6,0.577,15.27,58461.43613,53873.39694,7827.61,
Pintadas,2924652,pintadense,VALCYR ALMEIDA RIOS,647.144,10325,15.95,96.7,0.612,13.89,25100.88014,22693.31034,9287.95,
Pira&iacute; do Norte,2924678,piraiense,ULYSSES ARA&Uacute;JO DE MENEZES VEIGA,193.427,10974,56.73,95.4,0.533,42.11,22632.06689,21145.55539,9348.03,
Pirip&aacute;,2924702,piripaense,FLAVIO OLIVEIRA ROCHA,511.756,9152,17.88,97.3,0.575,32.26,24243.50195,22262.34132,7393.68,
Piritiba,2924801,piritibano,SAMUEL OLIVEIRA SANTANA,980.328,17566,17.92,97.9,0.578,14.63,43348.92156,45388.15278,6822.08,
Planaltino,2924900,planaltinense,RONALDO LISBOA DA SILVA,955.454,8022,8.40,96.6,0.572,12.82,21737.58934,19818.33863,7871.13,
Planalto,2925006,planaltense,CLOVES ALVES ANDRADE,769.000,23135,30.08,97.1,0.560,13.51,51742.30249,49851.21481,9904.66,
Po&ccedil;&otilde;es,2925105,po&ccedil;oense,IRENILDA CUNHA DE MAGALHAES,937.855,48293,51.49,96.5,0.604,15.38,92723.55153,92443.01307,10803.37,
Pojuca,2925204,pojucano,CARLOS EDUARDO BASTOS LEITE,314.932,32129,102.02,96.7,0.666,9.57,105971.22023,94394.3466,29357.10,
Ponto Novo,2925253,ponto-novense,THIAGO GILLENO SALES DE OLIVEIRA,530.144,17938,33.84,98.1,0.580,19.46,37618.37655,36066.74569,8390.17,
Porto Seguro,2925303,porto-segurense,JANIO NATAL ANDRADE BORGES,2285.734,167955,73.48,96.9,0.676,8.33,368506.50684,347219.64249,19675.49,
Potiragu&aacute;,2925402,potirag&uuml;ense,JORGE PORTO CHELES,1111.567,10274,9.24,97.6,0.625,18.87,23530.84157,24313.23835,14720.38,
Prado,2925501,pradense,GILVAN DA SILVA SANTOS,1692.100,35003,20.69,96.5,0.621,15.36,75966.13533,72797.68632,17319.23,
Presidente Dutra,2925600,presidutrense,ROBERTO CARLOS ALVES DE SOUZA,232.064,15130,65.20,96,0.614,6.71,33601.91732,31674.49637,7872.89,
Presidente J&acirc;nio Quadros,2925709,janio-quadrense,L&Eacute;LIO ALVES BRITO J&Uacute;NIOR,1208.549,12621,10.44,97,0.542,8.2,31640.87157,29266.96411,7907.83,
Presidente Tancredo Neves,2925758,tancredense,ANTONIO DOS SANTOS MENDES,441.820,27726,62.75,97.5,0.559,15.63,59094.48752,57887.52319,10718.63,
Queimadas,2925808,queimadense,ANDRE LUIZ ANDRADE,2011.060,25978,12.92,98,0.592,6.01,53166.18389,50355.01733,9742.79,
Quijingue,2925907,quijinguense,WELIGTON CAVALCANTE DE GOIS,1380.798,25272,18.30,98.4,0.544,26.58,57500.29169,56522.86641,7619.67,
Quixabeira,2925931,quixabeirense,REGINALDO SAMPAIO SILVA,366.387,9461,25.82,98.6,0.578,10.2,21339.6533,20414.3875,7684.19,
Rafael Jambeiro,2925956,jambeirense,CIBELE OLIVEIRA DE CARVALHO,1090.552,19662,18.03,96.3,0.564,18.78,52238.75297,51871.14847,14951.78,
Remanso,2926004,remansense,MARCOS CARVALHO PALMEIRA,4573.505,40586,8.87,96.3,0.579,17,82739.68547,81204.18515,10326.17,
Retirol&acirc;ndia,2926103,retirolandense,ALIVANALDO MARTINS DOS SANTOS,242.329,13651,56.33,98.5,0.636,5.71,30876.64528,28621.12602,9547.90,
Riach&atilde;o das Neves,2926202,riach&atilde;o-nevense,MIGUEL CRISOSTOMO BORGES NETO,5977.931,21642,3.62,95,0.578,36.79,68541.30732,59314.80186,60969.85,
Riach&atilde;o do Jacu&iacute;pe,2926301,jacuipense,JOSE CARLOS DE MATOS SOARES,1155.418,33386,28.90,98.3,0.628,7.83,60702.33541,56972.88543,10771.93,
Riacho de Santana,2926400,riachense,TITO EUGENIO CARDOSO DE CASTRO,3183.911,30711,9.65,96.8,0.615,14.75,65513.56574,61848.95812,8193.40,
Ribeira do Amparo,2926509,amparense,JOS&Eacute; GERMANO SOARES DE SANTANA,644.229,13841,21.48,98.8,0.512,16.95,34660.18203,34724.69003,12055.56,
Ribeira do Pombal,2926608,pombalense,ERIKSSON SANTOS SILVA,1252.144,54010,43.13,96.6,0.601,17.78,173551.92594,117666.81566,12187.85,
Ribeir&atilde;o do Largo,2926657,ribeirense,HERBERT GONCALVES DE OLIVEIRA,1363.700,9740,7.14,97.7,0.540,28.04,24982.04188,23149.93301,18578.93,
Rio de Contas,2926707,rio-contense,CRISTIANO CARDOSO DE AZEVEDO,1115.252,13184,11.82,97.9,0.605,29.2,25827.025,23415.36745,10983.64,
Rio do Ant&ocirc;nio,2926806,rio-antoniense,GERSON DE SOUZA RIBEIRO,777.903,13146,16.90,96.5,0.576,7.69,30557.81948,29599.654,7453.72,
Rio do Pires,2926905,rio-pirense,GILVANIO ANTONIO DOS SANTOS,656.223,10497,16.00,97.2,0.594,23.53,26607.98372,24741.16696,7965.20,
Rio Real,2927002,rio-realense,ANTONIO ALVES DOS SANTOS,739.775,35362,47.80,97.5,0.572,17.06,78792.40047,71832.15936,24013.41,
Rodelas,2927101,rodelense,EMANUEL RODRIGUES FERREIRA,2207.159,10308,4.67,96.5,0.632,10.87,24432.68379,22587.60732,11276.26,
Ruy Barbosa,2927200,rui-barbosense,LUIZ CLAUDIO MIRANDA PIRES,1991.772,28282,14.20,97.9,0.610,14.56,59165.40163,57077.5991,9998.70,
Salinas da Margarida,2927309,salinense,WILSON RIBEIRO PEDREIRA,150.569,14987,99.54,97.9,0.617,5.24,44971.28395,37930.26191,11754.79,
Salvador,2927408,soteropolitano / salvadorense,BRUNO SOARES REIS,693.442,2418005,3486.96,95.9,0.759,14.76,6270192.75488,5674145.3246,20417.14,
Santa B&aacute;rbara,2927507,barbarense,EDIFRANCIO DE JESUS OLIVEIRA,347.021,20952,60.38,99,0.583,13.04,37583.39303,32501.86867,7870.29,
Santa Br&iacute;gida,2927606,santa-brigidense,ELTON CARLOS MAGALH&Atilde;ES,934.461,14965,16.01,97.2,0.546,-,34667.39877,32418.79486,8517.85,
Santa Cruz Cabr&aacute;lia,2927705,santa-cruzense,AGNELO SILVA SANTOS JUNIOR,1462.942,29185,19.95,96.4,0.654,6.62,71484.51232,68729.12637,15384.92,
Santa Cruz da Vit&oacute;ria,2927804,santa-cruzense,MAUR&Iacute;CIO LOPES DOS SANTOS,284.083,4681,16.48,92,0.610,17.24,16683.53035,15486.18734,10786.83,
Santa In&ecirc;s,2927903,santinense,HERMESON NOVAES ELOI,379.270,10300,27.16,98.3,0.574,9.71,22554.33073,20594.3248,7016.57,
Santaluz,2928000,luzense,ARISM&Aacute;RIO BARBOSA J&Uacute;NIOR,1623.445,37834,23.30,97.5,0.598,9.45,77592.00435,64697.85998,11003.97,
Santa Luzia,2928059,santa-luziense,FERNANDO SCHUELER BRITO,824.473,13769,16.70,92.5,0.556,18.63,28764.38324,27676.4662,8819.79,
Santa Maria da Vit&oacute;ria,2928109,santa-mariense,ANT&Ocirc;NIO ELSON MARQUES DA SILVA,1984.910,38604,19.45,98.9,0.614,19.12,101656.45329,90264.38387,12643.84,
Santana,2928208,santanense,MARCO AUR&Eacute;LIO DOS SANTOS CARDOSO,1909.353,24755,12.97,99.7,0.608,16.56,54171.44763,54837.51766,10917.42,
Santan&oacute;polis,2928307,santanopolinense,GILSON CERQUEIRA ALMEIDA,222.686,8716,39.14,99,0.592,-,20897.81198,18969.22509,7242.36,
Santa Rita de C&aacute;ssia,2928406,santa-ritense,JOS&Eacute; BENEDITO ROCHA ARAG&Atilde;O,6030.491,27390,4.54,97.7,0.605,20.73,58258.18723,55366.9627,8935.28,
Santa Terezinha,2928505,santa-teresinhense,AGNALDO FIGUEIREDO ANDRADE,719.257,10441,14.52,97.5,0.587,27.03,25459.72435,24052.00805,7947.88,
Santo Amaro,2928604,santamarense,ALESSANDRA GOMES REIS E SILVA DO CARMO,494.502,56012,113.27,98.2,0.646,6.92,114539.48307,107860.31024,14435.27,
Santo Ant&ocirc;nio de Jesus,2928703,santo-antoniense,GENIVAL DEOLINO SOUZA,261.740,103055,393.73,97.4,0.700,18.94,182221.75889,171353.21998,21130.24,
Santo Est&ecirc;v&atilde;o,2928802,santo-estevense,ROGERIO DOS SANTOS COSTA,360.334,52274,145.07,97.7,0.626,14.11,94418.14181,88792.55053,13948.27,
S&atilde;o Desid&eacute;rio,2928901,s&atilde;o-desideriano,JOSE CARLOS DE CARVALHO,15156.712,32828,2.17,95.8,0.579,20.07,166861.62074,129262.22555,141048.44,
S&atilde;o Domingos,2928950,s&atilde;o-dominguense,ILARIO ANTONIO NETO RIOS CARNEIRO,289.963,8426,29.06,97.7,0.640,-,21735.55097,19438.57794,9761.25,
S&atilde;o F&eacute;lix,2929008,s&atilde;o-felista,ALEX SANDRO ALELUIA DE BRITO,103.226,11026,106.81,97.5,0.639,6.45,39947.67985,37104.00494,11098.79,
S&atilde;o F&eacute;lix do Coribe,2929057,s&atilde;o-felense,JUTAI EUDES RIBEIRO FERREIRA,1751.671,15194,8.67,97.6,0.639,4,64869.25188,46120.5886,13046.58,
S&atilde;o Felipe,2929107,s&atilde;o-felipense,ANTONIO JORGE MACEDO DA SILVA,222.407,20283,91.20,99.7,0.616,4.72,47299.53518,48588.87861,9566.89,
S&atilde;o Francisco do Conde,2929206,franciscano,ANT&Ocirc;NIO CARLOS VASCONCELOS CALMON,269.715,37732,139.90,97.9,0.674,17.76,594320.25533,504606.20595,296357.52,
S&atilde;o Gabriel,2929255,s&atilde;o-gabrielense,HIPOLITO RODRIGUES SILVA GOMES,1146.054,18600,16.23,97.1,0.592,13.45,40295.6358,39852.96965,7272.80,
S&atilde;o Gon&ccedil;alo dos Campos,2929305,s&atilde;o-gon&ccedil;alense,TARC&Iacute;SIO T&Ocirc;RRES PEDREIRA,294.768,39513,134.05,97.8,0.627,23.46,64912.3232,59850.33416,26095.17,
S&atilde;o Jos&eacute; da Vit&oacute;ria,2929354,s&atilde;o-joseense,JEOV&Aacute; NUNES DE SOUZA,127.925,5315,41.55,97.3,0.546,24.39,15903.68484,16539.19399,10166.93,
S&atilde;o Jos&eacute; do Jacu&iacute;pe,2929370,jacuipense,ALBERLAN PERIS MOREIRA DA CUNHA,362.365,10187,28.11,98.5,0.552,15.63,26913.33027,25494.22012,9427.34,
S&atilde;o Miguel das Matas,2929404,miguelense,VALDELINO DE JESUS SANTOS,230.906,10334,44.75,98.7,0.593,26.55,25565.10289,25065.10123,11884.10,
S&atilde;o Sebasti&atilde;o do Pass&eacute;,2929503,sebastianense,MARIA NILZA DA MATA SANTANA,536.678,40958,76.32,97.7,0.657,15.35,116098.86824,105426.28246,15512.17,
Sapea&ccedil;u,2929602,sapea&ccedil;uense,GEORGE VIEIRA GOIS,131.218,17963,136.89,98.1,0.614,4.76,43518.01008,38911.84172,9106.96,
S&aacute;tiro Dias,2929701,satirense,PEDRO RAIMUNDO SANTANA DA CRUZ,949.223,16008,16.86,97.2,0.527,23.26,43654.92041,43129.38307,13682.73,
Saubara,2929750,saubarense,MARCIA MENDES OLIVEIRA DE ARA&Uacute;JO,166.428,11438,68.73,98.4,0.617,22.39,34184.24461,34044.28037,11661.59,
Sa&uacute;de,2929800,saudense,AUCICLEI COSTA RODRIGUES,509.098,10478,20.58,97.1,0.549,18.35,25226.80183,23922.67712,7416.68,
Seabra,2929909,seabrense,F&Aacute;BIO MIRANDA DE OLIVEIRA,2402.170,46160,19.22,98.1,0.635,11.24,82574.68234,78997.02284,12464.77,
Sebasti&atilde;o Laranjeiras,2930006,sebastianense,PEDRO ANT&Ocirc;NIO PEREIRA MALHEIROS,1984.511,9360,4.72,96.7,0.615,12.2,27752.20597,25725.95897,8443.06,
Senhor do Bonfim,2930105,bonfinense,LA&Eacute;RCIO MUNIZ DE AZEVEDO JUNIOR,789.361,74490,94.37,98,0.666,13.86,129265.48335,125534.17838,11999.31,
Serra do Ramalho,2930154,serra-malhense,ELI CARLOS DOS ANJOS SANTOS,2340.684,34222,14.62,97.4,0.595,12.39,76450.31404,75809.26954,11389.01,
Sento S&eacute;,2930204,sento-seense,ANA LUIZA RODRIGUES DA SILVA PASSOS,11980.172,38158,3.19,97.5,0.585,12.02,87580.99159,86266.23456,24080.45,
Serra Dourada,2930303,serra-douradense,AUZENILDO SOUZA COSTA,1592.245,17066,10.72,98.8,0.608,13.89,40416.18724,39061.08153,10602.67,
Serra Preta,2930402,serra-pretense,FRANKLIN LEITE DA SILVA,595.297,17996,30.23,98.1,0.566,-,33869.67273,31869.8351,8428.86,
Serrinha,2930501,serrinhense,ADRIANO SILVA LIMA,583.314,80435,137.89,97.3,0.634,11.35,144189.16898,147655.41665,12446.33,
Serrol&acirc;ndia,2930600,serrolandense,GILDO MOTA BISPO,322.022,13335,41.41,98.8,0.590,-,31618.88273,27631.05684,7946.89,
Sim&otilde;es Filho,2930709,sim&otilde;es-filhense,DIOGENES TOLENTINO OLIVEIRA,201.528,114441,567.87,95.9,0.675,17.15,349440.53357,293260.79504,36500.46,
S&iacute;tio do Mato,2930758,s&iacute;tio-matense,CASSIO GUIMARAES CURSINO,1627.806,13408,8.24,98.8,0.564,21.05,31410.51677,34563.97647,9040.41,
S&iacute;tio do Quinto,2930766,s&iacute;tio-quintense,JAIR JESUS DOS SANTOS,684.089,14773,21.60,97.9,0.533,-,26219.16061,24007.72082,11313.06,
Sobradinho,2930774,sobradinhense,REGIS CLEIVYS SAMPAIO BETO,1355.972,25475,18.79,97.8,0.631,18.48,72002.69787,63784.69886,39154.65,
Souto Soares,2930808,souto-soarense,ANDRE LUIZ SAMPAIO CARDOSO,1026.634,17058,16.62,97.1,0.592,12.88,40234.22336,37842.78005,7701.77,
Tabocas do Brejo Velho,2930907,taboquense,FLAVIO DA SILVA CARVALHO,1437.189,11979,8.34,98.2,0.584,22.22,35722.00414,35255.64688,15762.49,
Tanha&ccedil;u,2931004,tanha&ccedil;uense,JO&Atilde;O FRANCISCO SANTOS,1277.514,21006,16.44,98.2,0.577,15.81,42554.93205,40478.16596,10801.41,
Tanque Novo,2931053,tanque-novense,PAULO RICARDO BONFIM CARNEIRO,729.516,17158,23.52,98.4,0.599,-,40900.81391,41575.13007,9848.69,
Tanquinho,2931103,tanquinhense,JOSE LUIZ DOS SANTOS REIS,243.839,7717,31.65,96,0.597,-,17522.9574,15218.87657,7342.65,
Tapero&aacute;,2931202,taperoense,CHRISTIANNE MARY PEREIRA GUIMARAES,454.081,18044,39.74,96.1,0.566,13.95,48031.26194,44891.12248,8887.28,
Tapiramut&aacute;,2931301,tapiramutaense,ROBERTO VENANCIO DOS SANTOS,714.691,15818,22.13,95,0.594,8.23,45398.93872,38265.41359,7292.23,
Teixeira de Freitas,2931350,teixeirense,MARCELO GUSM&Atilde;O PONTES BELITARDO,1165.622,145223,124.59,96.5,0.685,6.28,361818.24627,345935.36403,15722.59,
Teodoro Sampaio,2931400,teodorense,JOS&Eacute; ALVES DA CRUZ,244.613,7110,29.07,95.8,0.594,-,23195.67415,22179.94461,11964.17,
Teofil&acirc;ndia,2931509,teofilandense,HIGO MOURA MEDEIROS,351.892,21176,60.18,96.8,0.566,3.8,50290.6003,46803.75223,7689.09,
Teol&acirc;ndia,2931608,teolandense,MARIA BAITINGA DE SANTANA,289.782,15332,52.91,90.5,0.555,22.47,40679.24219,40219.95436,13357.02,
Terra Nova,2931707,terra-novense,EDER SAO PEDRO MENEZES,193.241,10798,55.88,96.7,0.578,9.26,27795.97022,25905.76664,11456.04,
Tremedal,2931806,tremedalense,JOS&Eacute; CARLOS VIEIRA BAHIA,2010.316,16296,8.11,96.6,0.528,-,39534.77221,38014.47651,7852.20,
Tucano,2931905,tucanense,RICARDO MAIA CHAVES DE SOUZA FILHO,2198.237,48738,22.17,98.2,0.579,7.05,97492.96396,91397.63151,9965.53,
Uau&aacute;,2932002,uauaense,MARCOS HENRIQUE LOBO ROSA,3060.116,24665,8.06,97.3,0.605,20.77,52559.46647,48746.72248,9371.11,
Uba&iacute;ra,2932101,ubairense,LUCIO PASSOS MONTEIRO,659.080,18626,28.26,97.8,0.582,10.05,43517.33611,42369.37072,12552.39,
Ubaitaba,2932200,ubaitabense,ASCLEP&Iacute;ADES DE ALMEIDA QUEIROZ,181.102,17610,97.24,95.8,0.611,19.61,39677.58554,42194.11566,12270.51,
Ubat&atilde;,2932309,ubatense,VINICIUS DO VALE DE SOUZA,177.643,16111,90.69,94.5,0.593,4.9,52434.3874,40963.19332,7763.75,
Uiba&iacute;,2932408,uibaiense,UBIRACI ROCHA LEVI,545.298,13432,24.63,97.7,0.617,-,30980.92676,28076.47374,7584.98,
Umburanas,2932457,umburanense,ROBERTO BRUNO SILVA,1775.633,13642,7.68,95.7,0.515,14.49,40813.85382,38764.13824,8172.13,
Una,2932507,unense,TIAGO BIRSCHNER,1126.733,18131,16.09,96.8,0.560,16.88,52969.14189,52684.98844,14181.23,
Urandi,2932606,urandiense,WARLEI OLIVEIRA DE SOUZA,902.402,15355,17.02,98.1,0.598,12.27,37548.73892,35237.85018,11711.21,
Uru&ccedil;uca,2932705,uru&ccedil;uquense,MOACYR BATISTA DE SOUZA LEITE J&Uacute;NIOR,510.098,21420,41.99,95.8,0.616,23.57,44499.32344,45256.47911,12735.70,
Utinga,2932804,utinguense,JOYUSON VIEIRA SANTOS,633.760,16277,25.68,96.9,0.590,-,39723.76228,37798.99072,9136.21,
Valen&ccedil;a,2932903,valenciano,JAIRO DE FREITAS BAPTISTA,1123.975,85655,76.21,97.1,0.623,16.78,161313.09484,154549.08034,16217.88,
Valente,2933000,valentense,UBALDINO AMARAL DE OLIVEIRA,394.877,24362,61.70,98.7,0.637,15.21,53524.236,48327.18347,8524.97,
V&aacute;rzea da Ro&ccedil;a,2933059,varzeano,DANILLO SANTOS SALES RIOS,468.407,13797,29.46,97.9,0.539,25,35390.50364,29896.54287,7466.61,
V&aacute;rzea do Po&ccedil;o,2933109,varzeapense,MANOEL CARNEIRO FILHO,206.478,8101,39.23,98.8,0.575,11.36,18750.01178,18332.30996,10636.93,
V&aacute;rzea Nova,2933158,v&aacute;rzea-novense,JOAO HEBERT ARAUJO DA SILVA,1225.892,13377,10.91,95.9,0.555,11.49,34410.65899,29221.4907,16480.26,
Varzedo,2933174,varzedense,ARIECILIO BAHIA DA SILVA,221.399,9913,44.77,97.9,0.586,10.1,21286.11036,18952.7776,13752.84,
Vera Cruz,2933208,vera-cruzense,MARCUS VINICIUS MARQUES GIL,297.537,42577,143.10,99.3,0.645,12.68,93296.97541,85706.23095,12471.31,
Vereda,2933257,veredense,MANRICK GREGORIO PRATES TEIXEIRA,782.159,6003,7.67,98.1,0.577,-,20048.80741,20101.87464,13704.37,
Vit&oacute;ria da Conquista,2933307,conquistense,ANA SHEILA LEMOS ANDRADE,3254.186,370868,113.97,96.8,0.678,10.24,637789.54234,605294.52538,20905.86,
Wagner,2933406,wagnense,ELTER SILVA BASTOS,522.370,9503,18.19,96.6,0.587,10.1,19836.47727,17875.65457,8587.78,
Wanderley,2933455,wanderleiense,FERNANDA SILVA S&Aacute; TELES,2920.579,12968,4.44,96.1,0.600,6.1,33377.36549,31038.25383,12281.00,
Wenceslau Guimar&atilde;es,2933505,wenceslau-guimar&atilde;ense,CARLOS ALBERTO LIOTERIO DOS SANTOS,655.057,24474,37.36,94.6,0.544,3.38,55976.0025,50962.53159,14012.95,
Xique-Xique,2933604,xiquexiquense,REINALDO TEIXEIRA BRAGA FILHO,5079.662,44757,8.81,96.9,0.585,11.68,103379.3268,102019.4013,8961.01,

<table class="fontes-container"><tr><th>Notas:</th></tr><tr><td>Escolariza&ccedil;&atilde;o <span>6 a 14 anos</span>: [populao residente no municpio de 6 a 14 anos de idade matriculada no ensino regular/total de populao residente no municpio de 6 a 14 anos de idade] x 100</td></tr><tr><th>Fontes:</th></tr><tr><td>rea Territorial: rea territorial brasileira 2022. Rio de Janeiro: IBGE, 2023</td></tr><tr><td>Populao residente: Censo 2022: Populao e Domiclios - Primeiros Resultados</td></tr><tr><td>Densidade demogr&aacute;fica: Censo 2022: Populao e Domiclios - Primeiros Resultados</td></tr><tr><td>Escolariza&ccedil;&atilde;o <span>6 a 14 anos</span>: IBGE, Censo Demogrfico 2010</td></tr><tr><td>IDHM <span>&Iacute;ndice de desenvolvimento humano municipal</span>: Programa das Naes Unidas para o Desenvolvimento - PNUD</td></tr><tr><td>Mortalidade infantil: Ministrio da Sade, Departamento de Informtica do Sistema nico de Sade - DATASUS 2017</td></tr><tr><td>Receitas realizadas: Contas anuais. Receitas oramentrias realizadas (Anexo I-C) 2017 e Despesas oramentrias empenhadas (Anexo I-D) 2017. In: Brasil. Secretaria do Tesouro Nacional, Siconfi: Sistema de Informaes Contbeis e Fiscais do Setor Pblico Brasileiro. Braslia, DF, [2018]. Disponvel em: https://siconfi.tesouro.gov.br/siconfi/pages/public/consulta_finbra/finbra_list.jsf. Acesso em: set. 2018</td></tr><tr><td>Despesas empenhadas: Contas anuais. Receitas oramentrias realizadas (Anexo I-C) 2017 e Despesas oramentrias empenhadas (Anexo I-D) 2017. In: Brasil. Secretaria do Tesouro Nacional, Siconfi: Sistema de Informaes Contbeis e Fiscais do Setor Pblico Brasileiro. Braslia, DF, [2018]. Disponvel em: https://siconfi.tesouro.gov.br/siconfi/pages/public/consulta_finbra/finbra_list.jsf. Acesso em: set. 2018</td></tr><tr><td>PIB per capita: IBGE, em parceria com os rgos Estaduais de Estatstica, Secretarias Estaduais de Governo e Superintendncia da Zona Franca de Manaus - SUFRAMA</td></tr></table>