Pernambuco | Todos os Munic&iacute;pios
Munic&iacute;pio [-],C&oacute;digo [-],Gent&iacute;lico [-],Prefeito [2021],&Aacute;rea Territorial - km&sup2; [2022],Popula&ccedil;&atilde;o residente - pessoas [2022],Densidade demogr&aacute;fica - hab/km&sup2; [2022],Escolariza&ccedil;&atilde;o &lt;span&gt;6 a 14 anos&lt;/span&gt; - % [2010],IDHM &lt;span&gt;&Iacute;ndice de desenvolvimento humano municipal&lt;/span&gt; [2010],Mortalidade infantil - &oacute;bitos por mil nascidos vivos [2020],Receitas realizadas - R$ (&times;1000) [2017],Despesas empenhadas - R$ (&times;1000) [2017],PIB per capita - R$ [2020],
Abreu e Lima,2600054,abreu-limense,FL&Aacute;VIO VIEIRA GADELHA DE ALBUQUERQUE,126.384,98462,779.07,97.2,0.679,12.39,154773.90211,150392.49413,18189.98,
Afogados da Ingazeira,2600104,afogadense,ALESANDRO PALMEIRA DE VASCONCELOS LEITE,377.696,40241,106.54,97.3,0.657,11.49,84524.28825,84199.55326,12528.31,
Afr&acirc;nio,2600203,afraniense,RAFAEL ANTONIO CAVALCANTI,1490.594,18674,12.53,98.7,0.588,27.67,48071.21326,46130.64133,13778.98,
Agrestina,2600302,agrestinense,JOSU&Eacute; MENDES DA SILVA,200.369,23779,118.68,96.4,0.592,8.67,61063.16654,60315.06588,12502.56,
&Aacute;gua Preta,2600401,&aacute;gua-pretense,NOELINO MAGALHAES OLIVEIRA LYRA,531.935,26461,49.74,94,0.553,5.06,71553.7248,66100.20886,6728.89,
&Aacute;guas Belas,2600500,&aacute;guas-belense,LUIZ AROLDO REZENDE DE LIMA,885.988,41548,46.89,96.1,0.526,8.84,84026.49512,81990.36581,8701.77,
Alagoinha,2600609,alagoinhense,UILAS LEAL DA SILVA,214.267,13542,63.20,96.3,0.599,17.62,37869.57675,34348.50055,9904.28,
Alian&ccedil;a,2600708,aliancense,XISTO LOUREN&Ccedil;O DE FREITAS NETO,272.773,35741,131.03,97,0.604,16.06,74882.94228,78786.39428,8569.62,
Altinho,2600807,altinense,ORLANDO JOS&Eacute; DA SILVA,450.178,20674,45.92,96.9,0.598,7.58,41122.6787,43489.6886,8037.01,
Amaraji,2600906,amarajinense,ALINE DE ANDRADE GOUVEIA,233.239,18205,78.05,96.6,0.580,11.03,49759.73815,49201.102,13007.53,
Angelim,2601003,angelinense,MARCIO DOUGLAS CAVALCANTI DUARTE,118.088,10241,86.72,96.4,0.572,14.6,31575.19313,28332.47878,11741.91,
Ara&ccedil;oiaba,2601052,ara&ccedil;oiabense,CARLOS JOGLI ALBUQUERQUE TAVARES UCH&Ocirc;A,96.360,19243,199.70,97,0.592,24.31,42647.83708,39742.10425,8086.51,
Araripina,2601102,araripinense,JOS&Eacute; RAIMUNDO PIMENTEL DO ESP&Iacute;RITO SANTO,2037.394,85088,41.76,95.2,0.602,9.63,161988.93465,154891.63784,12408.05,
Arcoverde,2601201,arcoverdense,JOS&Eacute; WELLINGTON CORDEIRO MACIEL,343.923,77586,225.59,97.3,0.667,11.8,147298.35801,140070.54537,16957.19,
Barra de Guabiraba,2601300,guabirabense,DIOGO CARLOS DE LIMA SILVA,118.639,12263,103.36,93.7,0.577,-,34559.27834,33809.47144,10591.57,
Barreiros,2601409,barreirense,CARLOS ARTUR SOARES DE AVELLAR JUNIOR,233.433,40121,171.87,94.6,0.586,17.32,88084.64946,98862.16936,10675.18,
Bel&eacute;m de Maria,2601508,belenense,ROLPH EBER CASALE JUNIOR,73.145,10378,141.88,98.5,0.578,13.33,29443.89599,27685.46938,7419.92,
Bel&eacute;m do S&atilde;o Francisco,2601607,belenense,GUSTAVO HENRIQUE GRANJA CARIB&Eacute;,1830.797,18301,10.00,97.3,0.642,13.47,51511.47673,53037.46969,17463.18,
Belo Jardim,2601706,belo-jardinense,GILVANDRO ESTRELA DE OLIVEIRA,647.445,79507,122.80,97.1,0.629,11.38,178709.72434,157963.60349,25588.73,
Bet&acirc;nia,2601805,betaniense,MARIO GOMES FLOR FILHO,1244.074,11232,9.03,93.8,0.559,5.62,33228.17382,30390.38364,7714.18,
Bezerros,2601904,bezerrense,MARIA LUCIELLE SILVA LAURENTINO,492.632,61686,125.22,95.9,0.606,7.49,111289.24211,124512.98396,12291.54,
Bodoc&oacute;,2602001,bodocense,OTAVIO AUGUSTO TAVARES PEDROSA CAVALCANTE,1621.786,34478,21.26,95.7,0.565,20.68,77842.57636,74404.09274,7642.58,
Bom Conselho,2602100,conselhense,JOAO LUCAS DA SILVA CAVALCANTE,792.185,44260,55.87,96.2,0.563,13.99,97387.10765,105775.569,12413.59,
Bom Jardim,2602209,bom-jardinense,JO&Atilde;O FRANCISCO DA SILVA NETO,224.108,37629,167.91,97,0.602,14.68,72928.45038,75331.6516,8851.90,
Bonito,2602308,bonitense,GUSTAVO ADOLFO NEVES DE ALBUQUERQUE C&Eacute;SAR,393.191,37476,95.31,96.7,0.561,13.36,80127.0062,83316.49115,11894.03,
Brej&atilde;o,2602407,brejonense,ELISABETH BARROS DE SANTANA,159.786,9079,56.82,96.3,0.547,11.49,28469.45368,28431.68478,22800.04,
Brejinho,2602506,breijinhense,GILSOMAR BENTO DA COSTA,106.039,7720,72.80,98.2,0.574,9.8,25360.88977,21767.43753,9243.93,
Brejo da Madre de Deus,2602605,brejense,ROBERTO ABRAHAM ABRAHAMIAN ASFORA,762.346,48650,63.82,95.6,0.562,14.97,93034.245,99285.92713,8268.79,
Buenos Aires,2602704,buenairense,JOSE FABIO DE OLIVEIRA,93.187,12808,137.44,97.4,0.593,-,31630.67014,28339.49462,9065.28,
Bu&iacute;que,2602803,buiquense,ARQUIMEDES GUEDES VALEN&Ccedil;A,1336.544,52097,38.98,94.7,0.527,19.49,104123.27125,100810.38233,7978.88,
Cabo de Santo Agostinho,2602902,cabense,CLAYTON DA SILVA MARQUES,445.386,203216,456.27,96.5,0.686,9.71,824731.45857,597762.02822,48296.36,
Cabrob&oacute;,2603009,cabroboense,ELIOENAI DIAS SANTOS FILHO,1658.616,30294,18.26,97.6,0.623,21.65,74974.98517,75912.01263,11773.06,
Cachoeirinha,2603108,cachoeirinhense,IVALDO DE ALMEIDA,179.262,19899,111.01,95.3,0.579,14.65,45026.0073,37627.88473,11119.01,
Caet&eacute;s,2603207,caeteense,NIVALDO DA SILVA MARTINS,294.946,28827,97.74,92.6,0.522,15.87,60636.9934,57617.63269,12409.27,
Cal&ccedil;ado,2603306,cal&ccedil;adense,FRANCISCO EXPEDITO DA PAZ NOGUEIRA,121.945,11093,90.97,97.1,0.566,-,29908.52446,30462.51097,11099.88,
Calumbi,2603405,calumbiense,ERIVALDO JOSE DA SILVA,179.314,5228,29.16,95.3,0.571,14.49,21225.39354,20122.05327,9125.74,
Camaragibe,2603454,camaragibense,NADEGI ALVES DE QUEIROZ,51.321,147771,2879.35,97.4,0.692,11.79,281348.77533,230504.36035,13577.05,
Camocim de S&atilde;o F&eacute;lix,2603504,camociense ou camocinense,GIORGE DO CARMO BEZERRA,72.010,17419,241.90,97,0.588,26.91,39319.76709,36025.38254,8415.49,
Camutanga,2603603,camutanguense,TALITA CARDOZO FONSECA,39.116,7750,198.13,97.9,0.606,-,33111.61483,30565.25951,16677.60,
Canhotinho,2603702,canhotinhense,SANDRA REJANE LOPES DE BARROS,423.168,24329,57.49,91.8,0.541,5.88,60821.06924,55903.84664,9203.92,
Capoeiras,2603801,capoeirense,JOAQUIM COSTA TEIXEIRA,337.130,18341,54.40,96.5,0.549,6.83,48393.02108,45999.66013,11145.39,
Carna&iacute;ba,2603900,carnaibano,JOSE DE ANCHIETA GOMES PATRIOTA,427.802,18644,43.58,96.1,0.583,28.78,46405.34044,41106.30414,8900.39,
Carnaubeira da Penha,2603926,carnaubeirense,ELIZIO SOARES FILHO,1004.667,12239,12.18,98.1,0.573,11.9,26786.40047,28037.73757,6517.19,
Carpina,2604007,carpinense,MANUEL SEVERINO DA SILVA,147.017,79293,539.35,95.5,0.680,14.93,141304.60327,127645.62762,20119.07,
Caruaru,2604106,caruaruense,RODRIGO ANSELMO PINHEIRO DOS SANTOS,923.150,378052,409.52,94.9,0.677,9.74,669460.37758,617694.32903,20582.25,
Casinhas,2604155,casinhense,JULIANA BARBOSA DA SILVA AGUIAR,115.868,12967,111.91,97.5,0.567,5.35,38794.2892,35000.43381,7096.62,
Catende,2604205,catendense,GRACINA MARIA RAMOS BRAZ DA SILVA,208.594,32156,154.16,95.2,0.609,8.58,83649.81248,78662.80028,7479.17,
Cedro,2604304,cedrense,MARLY QUENTAL DA CRUZ,148.746,10518,70.71,95.5,0.615,14.39,32206.71799,31746.40266,8537.46,
Ch&atilde; de Alegria,2604403,alegriense,TARCISIO MASSENA PEREIRA DA SILVA,49.327,12980,263.14,97.1,0.604,9.95,29831.12227,28530.09995,12436.16,
Ch&atilde; Grande,2604502,ch&atilde;-grandense,DIOGO ALEXANDRE GOMES NETO,84.787,20546,242.32,96.7,0.599,6.78,52044.76996,52010.73032,11017.98,
Condado,2604601,condadense,ANTONIO CASSIANO DA SILVA,89.645,24587,274.27,97.3,0.602,14.62,53884.35881,51552.309,9146.90,
Correntes,2604700,correntense,HUGO CESAR GOMES GALVAO,317.793,17131,53.91,93.1,0.536,24.39,59372.24123,46522.9739,10083.07,
Cort&ecirc;s,2604809,cortesense,MARIA DE FATIMA CYSNEIROS SAMPAIO BORBA,102.852,10198,99.15,97.2,0.568,13.61,45571.82893,44186.08868,9085.66,
Cumaru,2604908,cumaruense,MARIANA MENDES DE MEDEIROS,292.231,15920,54.48,98.5,0.572,19.35,33411.61215,32657.95005,10777.65,
Cupira,2605004,cupirense,JOS&Eacute; MARIA LEITE DE MACEDO,95.155,23518,247.15,97.3,0.592,11.02,49756.97653,45975.09282,12081.22,
Cust&oacute;dia,2605103,custodiense,EMMANUEL FERNANDES DE FREITAS GOIS,1404.126,37699,26.85,97.1,0.594,13.38,75387.12176,77919.88426,13874.40,
Dormentes,2605152,dormentense,JOSIMARA CAVALCANTI RODRIGUES YOTSUYA,1539.052,17188,11.17,97,0.589,19.23,48921.93775,46111.32514,11663.64,
Escada,2605202,escadense,MARIA JOSE FIDELIS MOURA GOUVEIA,342.584,59836,174.66,94.1,0.632,2.47,127669.02451,130317.73074,16384.87,
Exu,2605301,exuense,RAIMUNDO PINTO SARAIVA SOBRINHO,1336.786,31843,23.82,95.2,0.576,11.39,69255.83573,66749.3125,9902.41,
Feira Nova,2605400,feira-novense,DANILSON CANDIDO GONZAGA,107.726,21427,198.90,97.6,0.600,6.23,46767.08375,47305.73399,9528.03,
Fernando de Noronha,2605459,noronhense,GUILHERME CAVALCANTI DA ROCHA LEIT&Atilde;O,18.609,3167,170.19,100,0.788,-,N&atilde;o informado,N&atilde;o informado,44086.40,
Ferreiros,2605509,ferreirense,JOSE ROBERTO DE OLIVEIRA,92.516,15026,162.42,97.9,0.622,16.26,29913.7085,31175.27631,9037.44,
Flores,2605608,florense,MARCONI MARTINS SANTANA,995.558,20347,20.44,96.4,0.556,18.87,48602.10997,44775.61414,8125.68,
Floresta,2605707,florestano,ROSANGELA DE MOURA MANI&Ccedil;OBA NOVAES FERRAZ,3604.948,30144,8.36,95.6,0.626,10.16,81562.82575,77441.77491,12362.54,
Frei Miguelinho,2605806,frei-miguelinhense,ADRIANA ALVES ASSUN&Ccedil;&Atilde;O BARBOSA,212.707,13636,64.11,95.4,0.576,18.02,31288.02448,29635.70546,8559.96,
Gameleira,2605905,gameleirense,LEANDRO RIBEIRO GOMES DE LIMA,257.781,18214,70.66,97,0.602,7.02,46989.96352,43882.53358,7737.78,
Garanhuns,2606002,garanhuense,SIVALDO RODRIGUES ALBINO,458.552,142506,310.77,96.8,0.664,13.22,277111.47317,275853.25084,21310.57,
Gl&oacute;ria do Goit&aacute;,2606101,gloriense,ADRIANA DORNELAS CAMARA PAES,234.708,29347,125.04,98.3,0.604,18.32,58878.48083,54012.45529,15391.47,
Goiana,2606200,goianense,EDUARDO HON&Oacute;RIO CARNEIRO,445.405,81042,181.95,96.7,0.651,9.62,216636.09379,165127.99205,93304.73,
Granito,2606309,granitense,JOAO BOSCO LACERDA DE ALENCAR,521.690,6967,13.35,98.5,0.595,18.52,24891.97608,21617.26655,9788.37,
Gravat&aacute;,2606408,gravataense,JOSELITO GOMES DA SILVA,507.360,86516,170.52,97.2,0.634,6.16,153864.61675,143833.27864,14701.32,
Iati,2606507,iatiense,ANTONIO JOS&Eacute; DE SOUZA,635.137,17165,27.03,90.5,0.528,12.12,53244.78215,47887.36045,10259.61,
Ibimirim,2606606,ibimiriense,JOSE WELLITON DE MELO SIQUEIRA,1882.498,26595,14.13,93.7,0.552,4.58,58332.51098,53998.58448,10605.89,
Ibirajuba,2606705,ibirajubense,MARIA IZALTA SILVA LOPES GAMA,189.596,7140,37.66,96.7,0.580,20.83,24177.85009,23561.0659,9031.21,
Igarassu,2606804,igarassuano,ELCIONE DA SILVA RAMOS PEDROZA BARBOSA,306.879,115196,375.38,97.9,0.665,7.82,243685.05216,211799.59461,22371.51,
Iguaracy,2606903,iguaraciense,JOSE TORRES LOPES FILHO,838.132,11082,13.22,98.7,0.598,-,31622.61285,28675.70674,8133.91,
Inaj&aacute;,2607000,inajaense,MARCELO MACHADO FREIRE,1231.362,25599,20.79,84.2,0.523,5.54,41707.25865,42189.47856,8010.55,
Ingazeira,2607109,ingazeirense,LUCIANO TORRES MARTINS,243.586,4768,19.57,98.2,0.608,18.52,21596.41902,20309.4412,8914.87,
Ipojuca,2607208,ipojuquense ou ipojucanos,CELIA AGOSTINHO LINS DE SALES,521.801,98932,189.60,97.3,0.619,5.69,737218.28417,678598.01813,139391.96,
Ipubi,2607307,ipubiense,FRANCISCO RUBENS MARIO CHAVES SIQUEIRA,693.914,29009,41.80,95.1,0.550,13.94,67417.40343,62450.21587,11532.58,
Itacuruba,2607406,itacurubense,BERNARDO DE MOURA FERRAZ,430.038,4284,9.96,97.5,0.595,-,30151.53931,23072.58623,13284.79,
Ita&iacute;ba,2607505,itaibense,MARIA REGINA DA CUNHA,1061.694,32650,30.75,93.3,0.510,12.12,60220.16821,61302.74911,10144.74,
Ilha de Itamarac&aacute;,2607604,itamaracaense,PAULO BATISTA ANDRADE,66.146,24540,371.00,97.6,0.653,13.79,64403.2288,60174.32625,9751.91,
Itamb&eacute;,2607653,itambeense,MARIA DAS GRA&Ccedil;AS GALLINDO CARRAZZONNI,304.006,34935,114.92,94.6,0.575,25.38,70291.93714,66888.41956,13649.54,
Itapetim,2607703,itapetinense,ADELMO ALVES DE MOURA,411.901,13788,33.47,97.5,0.592,5.56,39433.05553,36008.45413,8732.97,
Itapissuma,2607752,itapissumense,JOS&Eacute; BEZERRA TEN&Oacute;RIO FILHO,73.968,27749,375.15,97.6,0.633,5.59,101908.23862,93302.77712,74728.89,
Itaquitinga,2607802,itaquitinguense,PABLO JOSE DE OLIVEIRA MORAES,162.739,16554,101.72,97.3,0.586,4.98,36663.62523,37666.93663,8133.84,
Jaboat&atilde;o dos Guararapes,2607901,jaboat&atilde;oense,ANDERSON FERREIRA RODRIGUES,258.724,643759,2488.21,96.8,0.717,12.19,1323478.88101,1100876.65428,18809.45,
Jaqueira,2607950,jaqueirense,RIDETE CELLIBE PELLEGRINO DE MAC&Ecirc;DO OLIVEIRA,87.208,10247,117.50,95.4,0.575,11.63,35866.13472,35130.6287,8650.35,
Jata&uacute;ba,2608008,jataubense,C&Aacute;TIA JUNSARA RODRIGUES AQUILINO,714.601,15843,22.17,97.6,0.530,8.81,41809.36644,38230.7731,8418.25,
Jatob&aacute;,2608057,jatobaense,ROG&Eacute;RIO FERREIRA GOMES DA SILVA,277.862,14020,50.46,97.7,0.645,4.98,32461.79465,31402.67428,8983.19,
Jo&atilde;o Alfredo,2608107,alfredense,JOS&Eacute; ANTONIO MARTINS DA SILVA,134.147,27725,206.68,97.1,0.576,9.46,66699.02515,63008.48986,9517.98,
Joaquim Nabuco,2608206,nabuquense,ANTONIO RAIMUNDO BARRETO NETO,122.592,13269,108.24,95.5,0.554,13.95,43150.35159,36871.26036,8787.54,
Jucati,2608255,jucatiense,JOS&Eacute; EDNALDO PEIXOTO DE LIMA,120.527,11517,95.56,98,0.550,5.81,33018.70428,31815.72823,10778.49,
Jupi,2608305,jupiense,ANTONIO MARCOS PATRIOTA,104.835,15329,146.22,96.3,0.575,10.87,54385.17689,44696.94667,12459.31,
Jurema,2608404,juremense,EDVALDO MARCOS RAMOS FERREIRA,148.254,13648,92.06,96,0.509,15.15,40801.90147,48971.7998,7392.51,
Lagoa do Carro,2608453,lagoense do carro,JUDITE MARIA BOTAFOGO SANTANA DA SILVA,69.666,17981,258.10,97.8,0.609,4.31,40620.11942,44392.31249,14960.16,
Lagoa de Itaenga,2608503,itaenguense,MARIA DAS GRA&Ccedil;AS DE ARRUDA SILVA,56.131,19003,338.55,98.9,0.602,6.17,45404.32059,48113.14103,14845.34,
Lagoa do Ouro,2608602,lagoa-do-ourense,EDSON LOPES CAVALCANTE,198.762,11933,60.04,96.5,0.525,6.21,39831.3521,37977.19886,9870.12,
Lagoa dos Gatos,2608701,lagoense,ST&Ecirc;NIO FERNANDES DE ALBUQUERQUE,224.947,14073,62.56,96.5,0.551,9.62,33537.57979,31806.98877,7083.32,
Lagoa Grande,2608750,lagoa-grandense,VILMAR CAPPELLARO,1850.070,24088,13.02,96.3,0.597,18.82,61703.61177,52163.05827,14731.04,
Lajedo,2608800,lajedense,ADELMO DUARTE RIBEIRO,189.096,39582,209.32,97.9,0.611,12.23,90652.74929,84314.95585,12172.78,
Limoeiro,2608909,limoeirense,ORLANDO JORGE PEREIRA DE ANDRADE LIMA,273.733,56510,206.44,98,0.663,7.13,106698.53232,146092.39064,13397.11,
Macaparana,2609006,macaparanense,PAULO BARBOSA DA SILVA,108.049,23879,221.00,97.9,0.609,-,53982.43522,55143.29435,12723.45,
Machados,2609105,machadense,JUAREZ RODRIGUES FERNANDES,61.619,11333,183.92,82.9,0.578,5.49,35035.57593,33552.6974,11282.69,
Manari,2609154,manariense,AUDALIO MARTINS DA SILVA JUNIOR,344.685,23763,68.94,93.4,0.487,17.42,47410.42905,46374.18875,6678.90,
Maraial,2609204,maraialense,SERGIO DA SILVA,199.865,9359,46.83,94.1,0.534,12.12,39732.20988,31597.95177,8256.92,
Mirandiba,2609303,mirandibense,EVALDO BEZERRA DE CARVALHO,821.676,14166,17.24,95.8,0.591,8.33,36929.46986,35416.67758,10361.34,
Moreno,2609402,morenense,EDMILSON CUPERTINO DE ALMEIDA,194.197,55268,284.60,95.8,0.652,18.16,107822.13706,97886.55647,11992.97,
Nazar&eacute; da Mata,2609501,nazareno,INACIO MANOEL DO NASCIMENTO,130.572,30648,234.72,96.1,0.662,11.99,54902.21008,57721.77206,18138.30,
Olinda,2609600,olindense,LUPERCIO CARLOS DO NASCIMENTO,41.300,349976,8474.00,96.9,0.735,11.14,627292.10974,564477.78381,14314.03,
Orob&oacute;,2609709,orobense,SEVERINO LUIZ PEREIRA DE ABREU,138.521,21808,157.43,97.2,0.610,3.86,58679.56725,54181.76825,15592.30,
Oroc&oacute;,2609808,orocoense,GEORGE GUEBER CAVALCANTE NERY,554.760,13613,24.54,98,0.610,25.09,41517.08637,37866.03175,11573.08,
Ouricuri,2609907,ouricuriense,FRANCISCO RICARDO SOARES RAMOS,2381.570,65245,27.40,92.4,0.572,17.01,121124.38129,135072.44205,10167.23,
Palmares,2610004,palmarense,JOS&Eacute; BARTOLOMEU DE ALMEIDA MELO JUNIOR,339.401,54584,160.82,96.3,0.622,3.53,129657.239,135059.73673,13105.26,
Palmeirina,2610103,palmeirinense,THATIANNE PINTO MACEDO LIMA,168.796,7031,41.65,94,0.549,10.2,23736.61602,26810.3834,9851.49,
Panelas,2610202,panelense,RUBEN DE LIMA BARBOSA,380.428,22991,60.43,98.6,0.569,9.62,82808.45869,71270.31865,7863.70,
Paranatama,2610301,paranatamense,JOSE VALMIR PIMENTEL DE GOIS,185.371,12199,65.81,97.9,0.537,5.15,38048.98726,36511.75982,18513.57,
Parnamirim,2610400,parnamirinense,FERDINANDO LIMA DE CARVALHO,2609.548,18612,7.13,97,0.599,13.47,49859.83068,46505.80731,8399.56,
Passira,2610509,passirense,SEVERINO SILVESTRE DE ALBUQUERQUE,327.210,28340,86.61,95.9,0.592,10.1,60396.72672,63869.93836,7987.84,
Paudalho,2610608,paudalhense,MARCELLO FUCHS CAMPOS GOUVEIA,269.651,56659,210.12,96.7,0.639,6.94,99429.96497,90579.71753,14617.98,
Paulista,2610707,paulistano,YVES RIBEIRO DE ALBUQUERQUE,96.932,342167,3529.97,97.9,0.732,11.29,501021.00628,457524.10481,13537.37,
Pedra,2610806,pedrense,GILBERTO J&Uacute;NIOR WANDERLEY VAZ,922.602,22795,24.71,92,0.567,18.07,48119.19458,48181.38936,9394.07,
Pesqueira,2610905,pesqueirense,SEBASTI&Atilde;O LEITE DA SILVA NETO,960.042,62722,65.33,97.4,0.610,10.79,117501.81215,107174.11434,11238.93,
Petrol&acirc;ndia,2611002,petrolandense,FABIANO JAQUES MARQUES,1056.589,34161,32.33,96,0.623,13.62,80548.29077,77134.21193,48089.80,
Petrolina,2611101,petrolinense,MIGUEL DE SOUZA LE&Atilde;O COELHO,4561.870,386786,84.79,97,0.697,14.02,669779.17576,604499.95462,19416.68,
Po&ccedil;&atilde;o,2611200,po&ccedil;&atilde;oense,EMERSON CORDEIRO VASCONCELOS,205.119,10500,51.19,97,0.528,12.2,29218.3409,26962.35066,7875.42,
Pombos,2611309,pomboense,MANOEL MARCOS ALVES FERREIRA,239.832,27552,114.88,95,0.598,18.57,57179.34587,57045.16544,17672.47,
Primavera,2611408,primaverense,DAYSE JULIANA DOS SANTOS,113.135,13838,122.31,96.7,0.580,23.53,32800.34927,31447.23829,17454.35,
Quipap&aacute;,2611507,quipapaense,ALVARO PORTO DE BARROS FILHO,230.617,17929,77.74,97.2,0.552,8.37,58125.87157,58430.73616,7106.21,
Quixaba,2611533,quixabense,JOS&Eacute; PEREIRA NUNES,210.705,6554,31.11,99.2,0.577,18.02,26460.00167,23119.64656,8485.99,
Recife,2611606,recifense,JOAO HENRIQUE DE ANDRADE LIMA CAMPOS,218.843,1488920,6803.60,97.1,0.772,11.2,4863813.57332,4359406.34804,30427.69,
Riacho das Almas,2611705,riachense,DIOCL&Eacute;CIO ROSENDO DE LIMA FILHO,314.003,20635,65.72,93.4,0.570,28.74,52372.07858,49074.57391,10529.45,
Ribeir&atilde;o,2611804,ribeir&atilde;oense,MARCELLO CAVALCANTI DE PETRIBU DE ALBUQUERQUE MARANHAO,289.566,33507,115.71,92.9,0.602,17.51,82797.04627,78496.23751,10369.17,
Rio Formoso,2611903,rio-formosense,ISABEL CRISTINA ARAUJO HACKER,227.458,20009,87.97,89.5,0.613,15.34,60428.06973,53244.00166,13084.59,
Sair&eacute;,2612000,saireense,GILDO PONTES DE ARRUDA,190.455,10887,57.16,97.7,0.585,7.58,27782.41166,28166.09398,17245.88,
Salgadinho,2612109,salgadinense,JOSE SOARES DA FONSECA,87.217,5727,65.66,87.6,0.534,-,25270.5575,23794.1108,7022.69,
Salgueiro,2612208,salgueirense,MARCONES LIB&Oacute;RIO DE S&Aacute;,1678.564,62372,37.16,96.7,0.669,11.67,123973.69438,112548.31356,15834.98,
Salo&aacute;,2612307,saloaense,RIVALDO ALVES DE SOUZA JUNIOR,251.549,13836,55.00,97.4,0.559,10.75,41419.13746,44581.87821,9469.05,
Sanhar&oacute;,2612406,sanharoense,CESAR AUGUSTO DE FREITAS,268.065,18624,69.48,93.2,0.603,16.95,45919.49208,43659.19379,8097.40,
Santa Cruz,2612455,santacruzense,ELIANE MARIA DA SILVA SOARES,1245.983,13841,11.11,97.5,0.549,9.39,38314.62005,34281.28358,8418.03,
Santa Cruz da Baixa Verde,2612471,santacruzense,JOSE IRLANDO DE SOUZA LIMA,114.932,11567,100.64,97.8,0.612,-,33046.6343,31848.76407,9977.25,
Santa Cruz do Capibaribe,2612505,santa-cruzense,F&Aacute;BIO QUEIROZ ARAG&Atilde;O,335.309,98254,293.03,95.7,0.648,10.98,171093.0329,157045.0838,14102.77,
Santa Filomena,2612554,filomense,PEDRO GILDEVAN COELHO MELO,1005.341,12106,12.04,97,0.533,29.59,38229.65699,31283.89338,7514.70,
Santa Maria da Boa Vista,2612604,Boavistano,GEORGE RODRIGUES DUARTE,3000.774,40578,13.52,97.4,0.590,12.69,111225.08365,87340.57363,14056.36,
Santa Maria do Cambuc&aacute;,2612703,santa-mariense,NELSON SEBASTIAO DE LIMA,92.148,14013,152.07,96.4,0.548,5.03,30854.90134,30389.53873,8289.81,
Santa Terezinha,2612802,santa-terezinhense,ADEILSON LUSTOSA DA SILVA,200.327,10244,51.14,97.8,0.593,19.42,29395.25562,29130.4728,7802.12,
S&atilde;o Benedito do Sul,2612901,s&atilde;o-beneditense,CLAUDIO JOSE GOMES DE AMORIM JUNIOR,160.477,13113,81.71,83.7,0.530,-,32839.95674,28713.69656,6601.36,
S&atilde;o Bento do Una,2613008,s&atilde;o-bentense,PEDRO ALEXANDRE MEDEIROS DE SOUZA,719.148,49448,68.76,93,0.593,10.06,117545.24283,93583.40378,22249.15,
S&atilde;o Caitano,2613107,s&atilde;o-caitanense,JOSAFA ALMEIDA LIMA,382.483,37126,97.07,97.2,0.591,15.59,65800.72051,56621.96159,10876.52,
S&atilde;o Jo&atilde;o,2613206,s&atilde;o-joanense,JOSE WILSON FERREIRA DE LIMA,258.519,23835,92.20,96.3,0.570,12.54,55297.47295,50985.04308,11533.52,
S&atilde;o Joaquim do Monte,2613305,s&atilde;o-joaquinense,EDUARDO JOS&Eacute; DE OLIVEIRA LINS,227.385,20037,88.12,94.2,0.537,26.14,50888.58426,49066.54777,8214.89,
S&atilde;o Jos&eacute; da Coroa Grande,2613404,s&atilde;o-jos&eacute;-coroa-grandense,JAZIEL GONSALVES LAGES,69.184,18825,272.10,95.8,0.608,14.76,50301.54464,47248.60275,11650.28,
S&atilde;o Jos&eacute; do Belmonte,2613503,belmontense,FRANCISCO ROMONILSON MARIANO DE MOURA,1474.086,34843,23.64,96.2,0.610,-,64494.89618,62959.79589,8927.88,
S&atilde;o Jos&eacute; do Egito,2613602,egipsiense,EVANDRO PERAZZO VALADARES,774.037,31004,40.05,98.9,0.635,2.5,73405.26229,72014.14856,11549.47,
S&atilde;o Louren&ccedil;o da Mata,2613701,s&atilde;o-lourensense,VIN&Iacute;CIUS LABANCA,263.687,111243,421.88,97.1,0.653,15.13,163986.12606,135811.65749,11520.84,
S&atilde;o Vicente F&eacute;rrer,2613800,s&atilde;o-vicentino,MARCONE VICENTE DOS SANTOS,112.554,16677,148.17,95.2,0.549,3.98,45895.15197,44805.03463,11826.36,
Serra Talhada,2613909,serra-talhadense,M&Aacute;RCIA CONRADO DE LORENA E S&Aacute;,2980.007,92228,30.95,96.7,0.661,10.5,193463.69766,185581.59534,18214.14,
Serrita,2614006,serritense,SEBASTIAO BENEDITO DOS SANTOS,1535.190,18207,11.86,98.1,0.595,3.72,49139.0361,48298.98624,7741.24,
Sert&acirc;nia,2614105,sertaniense,&Acirc;NGELO RAFAEL FERREIRA DOS SANTOS,2421.527,32811,13.55,94.6,0.613,15.56,76416.70195,67487.93013,10013.52,
Sirinha&eacute;m,2614204,sirinhaense ou sirinhadoara,CAMILA MACHADO LEOCADIO LINS DOS SANTOS,374.321,37596,100.44,94.1,0.597,8.99,93842.43833,84293.05007,12661.34,
Moreil&acirc;ndia,2614303,moreirense,VICENTE TEIXEIRA SAMPAIO NETO,404.287,10540,26.07,96.8,0.600,-,32639.96161,33534.79318,7938.14,
Solid&atilde;o,2614402,solidanense,DJALMA ALVES DE SOUZA,138.398,5210,37.65,96.9,0.585,10.31,22765.32282,19023.23919,8114.67,
Surubim,2614501,surubinense,ANA C&Eacute;LIA CABRAL DE FARIAS,252.896,64120,253.54,97.8,0.635,8.13,110620.90318,108333.5446,12521.00,
Tabira,2614600,tabirense,MARIA CLAUDENICE PEREIRA DE MELO CRISTOVAO,390.434,27681,70.90,97.2,0.605,18.78,54035.70347,53162.95659,9900.06,
Tacaimb&oacute;,2614709,tacaimboense,ALVARO ALCANTARA MARQUES DA SILVA,227.601,13738,60.36,94.4,0.554,5.24,28542.71907,25822.94591,12175.64,
Tacaratu,2614808,tacaratuense,WASHINGTON ANGELO DE ARAUJO,1264.532,23902,18.90,96.3,0.573,16.56,51205.88989,55955.89521,7816.53,
Tamandar&eacute;,2614857,tamandareense,ISAIAS HONORATO DA SILVA MARQUES,213.750,23561,110.23,95.5,0.593,9.62,65049.79581,62477.66377,14220.50,
Taquaritinga do Norte,2615003,norte taquaritinguense,IVANILDO MESTRE BEZERRA,475.184,24736,52.06,96.2,0.641,8.62,50818.96774,49121.45215,9998.56,
Terezinha,2615102,terezinhense,MATHEUS EMIDIO DE BARROS CALADO,151.450,6513,43.00,95.7,0.545,22.99,21604.02366,19867.65921,9732.99,
Terra Nova,2615201,terra-novense,ALINE CLEANNE FILGUEIRA FREIRE DE CARVALHO,318.709,8920,27.99,98.2,0.599,17.86,27518.08336,23823.40346,7826.42,
Timba&uacute;ba,2615300,timbaubense,MARINALDO ROSENDO DE ALBUQUERQUE,287.683,46147,160.41,97.7,0.618,9.46,112343.98832,105483.28235,12752.57,
Toritama,2615409,toritamense,EDILSON TAVARES DE LIMA,25.704,41137,1600.41,91.5,0.618,18.31,83083.63642,76623.86499,15323.72,
Tracunha&eacute;m,2615508,tracunhaense,ALUIZIO XAVIER DA SILVA,137.321,13867,100.98,97,0.605,9.85,30182.22942,27117.60582,9962.65,
Trindade,2615607,trindadense,HELBE DA SILVA RODRIGUES NASCIMENTO,295.765,30321,102.52,97.9,0.595,16.84,70901.81336,71749.18902,11191.10,
Triunfo,2615706,triunfense,LUCIANO FERNANDO DE SOUSA,191.518,14705,76.78,98.4,0.670,17.14,40748.33901,42441.73743,9639.82,
Tupanatinga,2615805,tupanatinguense,SEVERINO SOARES DOS SANTOS,934.801,26940,28.82,96,0.519,23.65,58318.85729,54689.03625,7276.42,
Tuparetama,2615904,tuparetamense,DOMINGOS S&Aacute;VIO DA COSTA TORRES,189.509,8005,42.24,98.6,0.634,14.93,24446.26538,23864.86133,9582.62,
Venturosa,2616001,venturosense,EUDES TENORIO CAVALCANTI,336.107,17251,51.33,97.5,0.592,19.08,44512.02903,40869.5109,11860.98,
Verdejante,2616100,verdejantense,HAROLDO SILVA TAVARES,476.039,9169,19.26,95,0.605,6.9,26578.73918,31719.74387,7564.01,
Vertente do L&eacute;rio,2616183,vertentense do l&eacute;rio,RENATO LIMA DE SALES,73.631,7558,102.65,96.7,0.563,-,24038.25447,22271.32297,9892.69,
Vertentes,2616209,vertentense,ROMERO LEAL FERREIRA,196.325,21959,111.85,94.1,0.582,3.33,51439.44604,38326.18208,8533.60,
Vic&ecirc;ncia,2616308,vicenciense,GUILHERME DE ALBUQUERQUE MELO NUNES,228.017,26359,115.60,95.6,0.605,5.14,80651.40542,67622.02953,13700.10,
Vit&oacute;ria de Santo Ant&atilde;o,2616407,vitoriense,PAULO ROBERTO LEITE DE ARRUDA,336.573,134110,398.46,96.9,0.640,10.37,299853.94132,243670.30247,30132.25,
Xex&eacute;u,2616506,xexeuense,THIAGO GON&Ccedil;ALVES DE LIMA,110.815,11611,104.78,95,0.552,14.08,40117.31428,38369.64097,9243.47,

<table class="fontes-container"><tr><th>Notas:</th></tr><tr><td>Escolariza&ccedil;&atilde;o <span>6 a 14 anos</span>: [população residente no município de 6 a 14 anos de idade matriculada no ensino regular/total de população residente no município de 6 a 14 anos de idade] x 100</td></tr><tr><th>Fontes:</th></tr><tr><td>Área Territorial: Área territorial brasileira 2022. Rio de Janeiro: IBGE, 2023</td></tr><tr><td>População residente: Censo 2022: População e Domicílios - Primeiros Resultados</td></tr><tr><td>Densidade demogr&aacute;fica: Censo 2022: População e Domicílios - Primeiros Resultados</td></tr><tr><td>Escolariza&ccedil;&atilde;o <span>6 a 14 anos</span>: IBGE, Censo Demográfico 2010</td></tr><tr><td>IDHM <span>&Iacute;ndice de desenvolvimento humano municipal</span>: Programa das Nações Unidas para o Desenvolvimento - PNUD</td></tr><tr><td>Mortalidade infantil: Ministério da Saúde, Departamento de Informática do Sistema Único de Saúde - DATASUS 2017</td></tr><tr><td>Receitas realizadas: Contas anuais. Receitas orçamentárias realizadas (Anexo I-C) 2017 e Despesas orçamentárias empenhadas (Anexo I-D) 2017. In: Brasil. Secretaria do Tesouro Nacional, Siconfi: Sistema de Informações Contábeis e Fiscais do Setor Público Brasileiro. Brasília, DF, [2018]. Disponível em: https://siconfi.tesouro.gov.br/siconfi/pages/public/consulta_finbra/finbra_list.jsf. Acesso em: set. 2018</td></tr><tr><td>Despesas empenhadas: Contas anuais. Receitas orçamentárias realizadas (Anexo I-C) 2017 e Despesas orçamentárias empenhadas (Anexo I-D) 2017. In: Brasil. Secretaria do Tesouro Nacional, Siconfi: Sistema de Informações Contábeis e Fiscais do Setor Público Brasileiro. Brasília, DF, [2018]. Disponível em: https://siconfi.tesouro.gov.br/siconfi/pages/public/consulta_finbra/finbra_list.jsf. Acesso em: set. 2018</td></tr><tr><td>PIB per capita: IBGE, em parceria com os Órgãos Estaduais de Estatística, Secretarias Estaduais de Governo e Superintendência da Zona Franca de Manaus - SUFRAMA</td></tr></table>