Piau&iacute; | Todos os Munic&iacute;pios
Munic&iacute;pio [-],C&oacute;digo [-],Gent&iacute;lico [-],Prefeito [2021],&Aacute;rea Territorial - km&sup2; [2022],Popula&ccedil;&atilde;o residente - pessoas [2022],Densidade demogr&aacute;fica - hab/km&sup2; [2022],Escolariza&ccedil;&atilde;o &lt;span&gt;6 a 14 anos&lt;/span&gt; - % [2010],IDHM &lt;span&gt;&Iacute;ndice de desenvolvimento humano municipal&lt;/span&gt; [2010],Mortalidade infantil - &oacute;bitos por mil nascidos vivos [2020],Receitas realizadas - R$ (&times;1000) [2017],Despesas empenhadas - R$ (&times;1000) [2017],PIB per capita - R$ [2020],
Acau&atilde;,2200053,acau&atilde;nense,PAULO SERGIO DE SOUSA,1280.838,6420,5.01,97.5,0.528,23.81,16160.54709,15755.32908,8819.73,
Agricol&acirc;ndia,2200103,agricolandiense,ITALO JAMES ALENCAR DE SOUZA,112.392,4940,43.95,97.5,0.599,-,14873.8781,13709.29798,8453.12,
&Aacute;gua Branca,2200202,&aacute;gua-branquense,JOS&Eacute; RIBEIRO DA CRUZ JUNIOR,96.843,17573,181.46,98.6,0.639,-,49509.45311,44495.9755,12537.11,
Alagoinha do Piau&iacute;,2200251,alagoinense,JORISMAR JOS&Eacute; DA ROCHA,535.890,6819,12.72,93.6,0.531,10.87,15041.13957,15044.56951,8772.48,
Alegrete do Piau&iacute;,2200277,alegretense,MARIA LILIAN DE ALENCAR,243.732,4634,19.01,96.7,0.585,17.86,14928.46141,13272.15253,11207.05,
Alto Long&aacute;,2200301,longaense,HENRIQUE CESAR SARAIVA AREA LEAO COSTA,1743.331,13479,7.73,97.9,0.585,16,26948.2862,24944.33159,8341.81,
Altos,2200400,altoense,MAXWELL PIRES FERREIRA,957.232,47416,49.53,97.6,0.614,20.17,76062.83273,77121.44553,11770.84,
Alvorada do Gurgu&eacute;ia,2200459,alvoradense,L&Eacute;CIO GUSTAVO DE SOUSA BEZERRA,2131.506,5322,2.50,97.4,0.578,-,12704.89339,16035.83468,13717.24,
Amarante,2200509,amarantino,DIEGO LAMARTINE SOARES TEIXEIRA,1152.127,17235,14.96,97.2,0.598,11.24,34052.82746,33595.22255,10342.85,
Angical do Piau&iacute;,2200608,angicalense,BRUNO FERREIRA SOBRINHO NETO,222.008,6827,30.75,96.9,0.630,-,19912.12001,17634.26604,9859.80,
An&iacute;sio de Abreu,2200707,anisiense,RAIMUNDO NEI ANTUNES RIBEIRO,337.877,9407,27.84,98.3,0.594,28.57,16654.77945,19520.38605,9298.27,
Ant&ocirc;nio Almeida,2200806,ant&ocirc;nio-almeidense,MARCELO TOLEDO LAURINI,644.800,3152,4.89,99.6,0.620,-,14255.06231,12666.40607,41997.77,
Aroazes,2200905,aroazense,MANOEL PORTELA DE CARVALHO NETO,821.212,5369,6.54,98.9,0.583,-,16919.61091,15119.63843,9489.48,
Aroeiras do Itaim,2200954,aroeirense,EDMILSON FRANCISCO DE DEUS,316.235,2690,8.51,94.2,0.519,-,10853.888,10178.68158,10072.06,
Arraial,2201002,arraialense,ALDEMES BARROSO DA SILVA,682.727,4520,6.62,97.7,0.560,63.83,12540.64856,12655.55254,9336.01,
Assun&ccedil;&atilde;o do Piau&iacute;,2201051,assun&ccedil;&atilde;oense,ANTONIO LUIZ NETO,1690.703,7452,4.41,97.9,0.499,7.94,19338.26341,19787.25086,7026.24,
Avelino Lopes,2201101,avelino-lopense,AMINADAB PEREIRA DE SOUSA NETO,1220.371,10866,8.90,97.2,0.554,17.75,24904.75054,25656.75871,7913.71,
Baixa Grande do Ribeiro,2201150,baixagrandense do ribeiro,JOSE LUIS SOUSA,7808.915,13272,1.70,96.4,0.564,15.09,48566.32125,40902.55603,105367.32,
Barra D'Alc&acirc;ntara,2201176,barra d&rsquo;alcantarense,MARDONIO SOARES LOPES,263.943,3995,15.14,96,0.577,21.74,13086.03847,12041.093,10170.31,
Barras,2201200,barrense,EDILSON SERVULO DE SOUSA,1722.507,47938,27.83,97.5,0.595,17.6,86163.37267,83754.54339,9950.15,
Barreiras do Piau&iacute;,2201309,barreirense,MANOEL AROLDO BARREIRA FILHO,2168.713,3264,1.51,98.5,0.557,-,12570.74745,11026.89113,37497.16,
Barro Duro,2201408,barro-durense,EL&Oacute;I PEREIRA DE SOUSA,159.436,6640,41.65,96.9,0.612,36.59,17752.63641,15108.95745,12134.83,
Batalha,2201507,batalhense,JOS&Eacute; LUIZ ALVES MACHADO,1589.010,26300,16.55,99.2,0.545,12.31,49044.41092,44793.07328,8122.58,
Bela Vista do Piau&iacute;,2201556,bela  vistense,FRANCISCO DE SOUSA NETO,499.092,4091,8.20,97.6,0.576,33.33,12210.81061,11440.78072,10949.65,
Bel&eacute;m do Piau&iacute;,2201572,belenense,ADEMAR ALU&Iacute;SIO DE CARVALHO,243.234,3423,14.07,97,0.551,-,14611.0105,12829.75964,11097.62,
Beneditinos,2201606,beneditinense,JULLYVAN MENDES DE MESQUITA,937.098,9873,10.54,97.2,0.557,8.47,24497.56423,23772.13765,8471.44,
Bertol&iacute;nia,2201705,bertolinense,GERALDO FONSECA CORREIA,1216.116,5562,4.57,97.6,0.612,28.57,15518.13488,15996.48283,12631.63,
Bet&acirc;nia do Piau&iacute;,2201739,betanhense,FABIO DE CARVALHO MACEDO,579.576,6220,10.73,97,0.489,38.83,16817.08081,14918.93213,9205.41,
Boa Hora,2201770,boa horense,FRANCIEUDO DO NASCIMENTO CARVALHO,336.954,6902,20.48,99,0.575,24.69,17305.49794,14785.13719,9327.21,
Bocaina,2201804,bocainense,ERIVELTO DE S&Aacute; BARROS,261.651,4078,15.59,97.4,0.632,-,12638.70018,11797.66217,11796.18,
Bom Jesus,2201903,bom-jesuense,NESTOR RENATO PINHEIRO ELVAS,5471.024,28799,5.26,97.9,0.668,9.84,79178.08164,71112.23929,44512.93,
Bom Princ&iacute;pio do Piau&iacute;,2201919,bomprincipiense,LUCAS DA SILVA MORAES,523.142,5636,10.77,97.7,0.532,21.28,17127.634,17460.40523,11027.67,
Bonfim do Piau&iacute;,2201929,bonfinense,PAULO HENRIQUE VIANA PINDAIBA,289.149,5913,20.45,97.6,0.542,12.82,14484.62014,12636.26994,8610.57,
Boqueir&atilde;o do Piau&iacute;,2201945,boqueir&atilde;oense,GENIR FERREIRA DA SILVA,269.786,6545,24.26,98.8,0.560,24.1,17395.29617,17040.86349,8038.99,
Brasileira,2201960,brasileirense,CARMEN GEAN VERAS DE MENESES,880.836,8436,9.58,96.7,0.577,-,17701.48656,15972.80506,7817.64,
Brejo do Piau&iacute;,2201988,brejense,FABIANO FEITOSA LIRA,2267.327,3904,1.72,98,0.515,-,13199.13833,11973.93712,10111.06,
Buriti dos Lopes,2202000,buritiense,RAIMUNDO NONATO LIMA PERCY J&Uacute;NIOR,690.540,19654,28.46,97.5,0.565,16.13,48728.6754,47101.81438,9743.51,
Buriti dos Montes,2202026,buritiense,JOS&Eacute; OLAVO MARINHO DE LOIOLA JUNIOR,2437.326,7434,3.05,98.3,0.574,34.48,19029.12282,17673.23909,8364.81,
Cabeceiras do Piau&iacute;,2202059,cabeceirense,JOS&Eacute; DA SILVA FILHO,608.747,10212,16.78,98.3,0.583,18.02,21929.2054,19941.96965,7465.54,
Cajazeiras do Piau&iacute;,2202075,cajazerense,CARLOS ALBERTO SILVESTRE DE SOUSA,514.106,3108,6.05,99.2,0.562,-,13049.22464,11668.39404,8489.11,
Cajueiro da Praia,2202083,pratense,FELIPE DE CARVALHO RIBEIRO,271.165,7957,29.34,95,0.546,7.81,21028.98134,16097.93475,12111.96,
Caldeir&atilde;o Grande do Piau&iacute;,2202091,caldeir&atilde;o grandense,DOUGLAS FILIPE SOUSA GON&Ccedil;ALVES,467.083,5503,11.78,98.1,0.588,13.51,16301.69324,16306.39202,29732.70,
Campinas do Piau&iacute;,2202109,campinense,JOMARIO FERREIRA DOS SANTOS,783.842,4937,6.30,97.8,0.544,41.67,16078.52496,14353.52118,9334.61,
Campo Alegre do Fidalgo,2202117,campo alegrense,ISRAEL ODILIO DA MATA,657.796,4616,7.02,97.5,0.537,16.95,15672.64701,14813.34709,9345.47,
Campo Grande do Piau&iacute;,2202133,campo grandense,FRANCISCO JOS&Eacute; BEZERRA,311.682,6020,19.31,98.5,0.560,26.67,15285.28836,14151.13115,10597.80,
Campo Largo do Piau&iacute;,2202174,campolargoense,JAIRO SOARES LEIT&Atilde;O,478.078,7419,15.52,97.2,0.528,10,20887.40093,19920.07183,7119.85,
Campo Maior,2202208,campo-maiorense,JO&Atilde;O F&Eacute;LIX DE ANDRADE FILHO,1680.861,45793,27.24,98.3,0.656,15.5,126013.08141,116143.09156,14081.19,
Canavieira,2202251,canavieirense,JOAN DE ALBUQUERQUE ROCHA,2165.277,3414,1.58,99.6,0.583,-,13056.89324,12406.04161,9918.17,
Canto do Buriti,2202307,canto-buritiense,MARCUS FELLIPE NUNES ALVES,4325.643,19365,4.48,96.6,0.576,22.56,43355.64482,43510.91874,12343.66,
Capit&atilde;o de Campos,2202406,capit&atilde;o-de-campense,FRANCISCO MEDEIROS DE CARVALHO FILHO,571.658,11100,19.42,98.6,0.583,7.87,28428.6271,25735.02893,8596.85,
Capit&atilde;o Gerv&aacute;sio Oliveira,2202455,gervasense,GABRIELA OLIVEIRA COELHO DA LUZ,1132.995,3974,3.51,98.7,0.553,57.69,12971.59045,12609.16642,9485.14,
Caracol,2202505,caracolense,GILSON DIAS DE MACEDO FILHO,1610.959,10318,6.40,96.6,0.552,40.94,22206.51457,21687.87596,9389.49,
Cara&uacute;bas do Piau&iacute;,2202539,caraubense,JO&Atilde;O COELHO DE SANTANA,471.217,5630,11.95,93.9,0.505,-,15487.27767,13304.33687,9359.66,
Caridade do Piau&iacute;,2202554,caridadense,ANTONIEL DE SOUSA SILVA,498.793,5033,10.09,99.4,0.541,16.13,18848.95626,15734.62554,9877.66,
Castelo do Piau&iacute;,2202604,castelense,JOSE MAGNO SOARES DA SILVA,2378.847,19288,8.11,98,0.587,30.7,40397.05751,40490.66008,9453.46,
Caxing&oacute;,2202653,caxingoense,MAGNUM FERNANDO CARDOSO DOS SANTOS,491.093,5496,11.19,96.8,0.488,21.98,17074.0036,15928.10517,9220.78,
Cocal,2202703,cocalense,RAIMUNDO NONATO FONTENELE CARDOSO,1294.133,28212,21.80,96.2,0.497,13.02,51963.96383,49855.82762,9092.64,
Cocal de Telha,2202711,cocatelhense,KARYNE ARAG&Atilde;O CANSAN&Ccedil;&Atilde;O,310.291,4911,15.83,98.8,0.555,21.28,264.7739,16254.48632,9005.05,
Cocal dos Alves,2202729,cocalalvense,OSMAR DE SOUSA VIEIRA,324.856,6386,19.66,96.3,0.498,36.36,14932.21411,13487.03631,8828.28,
Coivaras,2202737,coivarense,MARCELINO ALMEIDA DE ARAUJO,484.460,4043,8.35,98.1,0.565,-,12496.15711,11912.9102,9645.55,
Col&ocirc;nia do Gurgu&eacute;ia,2202752,coloniense,SILZO BEZERRA DA SILVA,429.591,6150,14.32,98.8,0.628,14.08,17694.1347,15104.88096,9784.95,
Col&ocirc;nia do Piau&iacute;,2202778,coloniense,SELINDO MAURO CARNEIRO TAPETI SEGUNDO,950.193,6991,7.36,98.6,0.588,12.05,18975.35796,17220.53398,8172.49,
Concei&ccedil;&atilde;o do Canind&eacute;,2202802,concei&ccedil;&atilde;onense,ALCIMIRO PINHEIRO DA COSTA,824.729,4932,5.98,96.8,0.589,-,14369.50405,13645.26965,12393.67,
Coronel Jos&eacute; Dias,2202851,coronelino,RAFAEL OLIVEIRA DA SILVA,1926.103,4250,2.21,96.9,0.546,21.28,13859.0412,12836.63545,9406.99,
Corrente,2202901,correntino,GLADSON MURILO MASCARENHAS RIBEIRO,3048.747,27285,8.95,97.3,0.642,12.96,60684.39312,52967.81317,19340.59,
Cristal&acirc;ndia do Piau&iacute;,2203008,cristalandense,MOIS&Eacute;S DA CUNHA LEMOS FILHO,1202.896,7283,6.05,96.9,0.573,21.74,16982.87116,15378.65219,8306.38,
Cristino Castro,2203107,cristino-castrense,FELIPE FERREIRA DIAS,1845.698,10503,5.69,97.9,0.566,5.41,32075.55822,27704.3474,10948.51,
Curimat&aacute;,2203206,curimataense,VALDECIR RODRIGUES DE ALBUQUERQUE J&Uacute;NIOR,2344.949,11270,4.81,97.6,0.607,5.49,24055.05838,21122.68328,10662.46,
Currais,2203230,curralense,RAIMUNDO MARTINS DE SOUSA SANTOS SOBRINHO,3156.657,4844,1.53,98.6,0.542,14.93,17478.56297,14442.54499,66303.65,
Curralinhos,2203255,curralinhense,EVERARDO LIMA ARAUJO,345.811,4413,12.76,84.7,0.555,63.49,13668.67189,12623.91663,7820.74,
Curral Novo do Piau&iacute;,2203271,curral novense,ABEL FRANCISCO DE OLIVEIRA JUNIOR,755.251,5073,6.72,95.6,0.527,34.88,16920.99427,13704.25895,12172.27,
Demerval Lob&atilde;o,2203305,morrinhense,RICARDO DE MOURA MELO,216.807,15853,73.12,97.9,0.618,14.85,32040.05026,29658.87834,14202.78,
Dirceu Arcoverde,2203354,arcoverdense,REGINALDO DE OLIVEIRA GOMES,1005.571,7054,7.01,97.5,0.561,-,N&atilde;o informado,N&atilde;o informado,8847.46,
Dom Expedito Lopes,2203404,dom-expedito-lopense,VALMIR BARBOSA DE ARA&Uacute;JO,218.808,6320,28.88,98.5,0.601,16.39,15381.40465,13068.66454,11379.18,
Domingos Mour&atilde;o,2203420,domingos-mouronense,MARIA IRINELDA GOMES DE OLIVEIRA SILVA,848.705,4075,4.80,95.8,0.550,41.67,12625.57011,11843.98706,9576.01,
Dom Inoc&ecirc;ncio,2203453,inocentino,MARIA DAS VIRGENS DIAS,3871.824,9159,2.37,98.4,0.549,-,20616.96655,18661.41778,10043.03,
Elesb&atilde;o Veloso,2203503,elesbonense,RAFAEL MALTA BARBOSA,1383.976,13607,9.83,98.9,0.580,18.52,29373.79818,27174.11646,10458.60,
Eliseu Martins,2203602,eliseu-martinino,ALDIMAR DE SOUSA DIAS,1097.790,4377,3.99,98.4,0.595,58.82,14592.82853,13664.54798,10497.90,
Esperantina,2203701,esperantinense,IVAN&Aacute;RIA DO NASCIMENTO ALVES SAMPAIO,908.748,40970,45.08,97.5,0.605,16.03,72886.22848,71734.37787,10881.53,
Fartura do Piau&iacute;,2203750,farturense,ORLANDO COSTA CAMPINHO BRAGA,713.046,5284,7.41,96.3,0.548,13.16,6866.75212,11281.58375,7914.85,
Flores do Piau&iacute;,2203800,florentino-do-piau&iacute;,EVANDRO FERREIRA DA COSTA,946.719,4414,4.66,99,0.547,60,13043.44806,11655.99295,9890.89,
Floresta do Piau&iacute;,2203859,florestense,AMILTON RODRIGUES DE SOUSA,223.199,2333,10.45,99.3,0.538,-,5088.68243,5515.7882,9532.49,
Floriano,2203909,florianense,ANT&Ocirc;NIO REIS NETO,3407.979,62036,18.20,98.1,0.700,21.57,141641.34217,120928.52775,21866.04,
Francin&oacute;polis,2204006,francinopolitano,PAULO C&Eacute;SAR RODRIGUES DE MORAIS,268.704,4505,16.77,97.5,0.564,-,12864.19584,11575.86989,7817.02,
Francisco Ayres,2204105,airense,EUG&Ecirc;NIA DE SOUSA NUNES,656.475,4412,6.72,98.1,0.577,35.71,12745.84827,11909.83512,9856.56,
Francisco Macedo,2204154,francisco macedense,ADEILSON ANT&Atilde;O DE CARVALHO,179.245,2929,16.34,97.8,0.553,-,11489.26019,10311.65617,10864.74,
Francisco Santos,2204204,francisco-santense,LUIS JOS&Eacute; DE BARROS,492.191,8237,16.74,97.4,0.608,33.71,19697.26269,16931.93601,8856.99,
Fronteiras,2204303,fronteirense,EUDES AGRIPINO RIBEIRO,777.179,10259,13.20,97.5,0.619,14.93,37581.59783,31546.01684,10158.38,
Geminiano,2204352,geminianense,ERCULANO EDIMILSON DE CARVALHO,440.606,5445,12.36,97,0.561,-,14154.26818,12016.40949,10318.12,
Gilbu&eacute;s,2204402,gilbuense,AMILTON LUSTOSA FIGUEREDO FILHO,3495.692,10892,3.12,93.7,0.548,-,25861.84513,25369.73599,28731.95,
Guadalupe,2204501,guadalupense,MARIA JOZENEIDE FERNANDES LIMA,1026.538,10270,10.00,98.8,0.650,46.36,26771.74477,26817.43176,52659.38,
Guaribas,2204550,guaribano,JOERCIO MATIAS DE ANDRADE,3118.231,4276,1.37,98.2,0.508,-,13595.51123,12681.98387,9296.46,
Hugo Napole&atilde;o,2204600,hugo-napoleonense,LUCIANO BARRETO DE CARVALHO FILHO,224.573,3518,15.67,96.8,0.599,-,13171.38105,12298.23884,8229.71,
Ilha Grande,2204659,ilhagrandense,MARINA DE OLIVEIRA BRITO,129.696,9274,71.51,98.1,0.563,-,19581.58151,18923.82527,8467.91,
Inhuma,2204709,inhumense,ELBERT HOLANDA MOURA,978.222,14958,15.29,98.8,0.624,16.76,28264.54945,27340.8185,9993.08,
Ipiranga do Piau&iacute;,2204808,ipiranguense,FRANCISCO ELVIS RAMOS VIEIRA,529.417,9420,17.79,94.9,0.630,18.69,24167.26633,21329.6211,8121.33,
Isa&iacute;as Coelho,2204907,isaiense,FRANCISCO EUDES CASTELO BRANCO NUNES,800.688,7774,9.71,95,0.582,-,18542.51204,17138.25662,9341.78,
Itain&oacute;polis,2205003,itainopolense,MIGUEL RODRIGUES DE MOURA,827.620,10790,13.04,97.1,0.541,18.02,28404.00061,25724.92413,9009.69,
Itaueira,2205102,itaueirense,OSMUNDO DE MORAES ANDRADE,2554.179,10323,4.04,98.7,0.583,29.7,46576.98933,25063.51458,11589.82,
Jacobina do Piau&iacute;,2205151,jacobinense,GEDERLANIO RODRIGUES DE OLIVEIRA,1333.796,5613,4.21,97.7,0.535,12.82,14931.85453,13966.90395,10244.47,
Jaic&oacute;s,2205201,jaicoense,OGILVAN DA SILVA OLIVEIRA,866.788,17527,20.22,95.1,0.524,16.33,40164.52849,36286.00057,10107.94,
Jardim do Mulato,2205250,jardimulatense,DEJAIR LIMA DE SOUSA,510.226,4180,8.19,98.9,0.593,-,12658.3486,12596.03812,7711.23,
Jatob&aacute; do Piau&iacute;,2205276,jatobaense,RAIMUNDO NONATO GOMES DE OLIVEIRA,650.393,4494,6.91,98.9,0.566,20.83,14837.05033,14596.88111,10570.54,
Jerumenha,2205300,jerumenhense,JOS&Eacute; INACIO PEREIRA DA SILVA JUNIOR,1865.940,4497,2.41,97.4,0.591,-,13145.21821,12126.03938,10792.44,
Jo&atilde;o Costa,2205359,jo&atilde;o costense,JOS&Eacute; NETO DE OLIVEIRA,1800.230,2970,1.65,96.9,0.561,-,17953.77877,14078.3885,21329.08,
Joaquim Pires,2205409,joaquim-pirense,GENIVAL BEZERRA DA SILVA,740.561,13886,18.75,96.2,0.522,10,31352.2017,27395.78493,7468.44,
Joca Marques,2205458,jocamarquense,FABIANNA SPINDOLA MARQUES,169.005,5394,31.92,97.2,0.504,13.89,15922.93451,15337.89776,8209.22,
Jos&eacute; de Freitas,2205508,freitense,ROGER COQUEIRO LINHARES,1538.172,42559,27.67,98.7,0.618,14.52,75540.51965,70167.4135,9650.85,
Juazeiro do Piau&iacute;,2205516,juazeirense,JOS&Eacute; WILSON PEREIRA GOMES,935.404,5214,5.57,99.1,0.570,19.23,15591.98768,13401.04814,11055.70,
J&uacute;lio Borges,2205524,julio borgense,EDUARDO HENRIQUE DE CASTRO ROCHA,1283.916,5388,4.20,98.6,0.582,12.66,15551.68152,15017.77043,13124.27,
Jurema,2205532,juremense,KAYLANNE DA SILVA OLIVEIRA,1271.881,4425,3.48,99.2,0.555,14.93,16611.09069,15242.10304,9002.88,
Lagoinha do Piau&iacute;,2205540,lagoinense,KELLY ALVES ALENCAR,67.649,2939,43.44,96.9,0.597,30.3,11091.58172,9753.45988,13026.61,
Lagoa Alegre,2205557,lagoalegrense,CARLOS MAGNO FORTES MACHADO,394.205,8256,20.94,97.8,0.550,31.58,1267.34639,18549.50481,8532.94,
Lagoa do Barro do Piau&iacute;,2205565,lagoa do barrense,GILSON NUNES DE SOUSA,1331.025,4995,3.75,94.7,0.502,39.47,15076.29001,13675.16995,75766.60,
Lagoa de S&atilde;o Francisco,2205573,lagoense,JO&Atilde;O ARILSON DE MESQUITA BEZERRA,155.860,6331,40.62,98.3,0.529,-,16827.35737,14909.68714,7822.03,
Lagoa do Piau&iacute;,2205581,lagoense,MAURO C&Eacute;SAR SOARES DE OLIVEIRA J&Uacute;NNIOR,427.841,4810,11.24,98.9,0.583,-,18370.42042,14012.57216,16365.94,
Lagoa do S&iacute;tio,2205599,sitiolagoense,JOS&Eacute; S&Aacute;VIO DE MOURA E SILVA,805.018,4520,5.61,96.6,0.541,-,12927.49778,12742.57974,8801.75,
Landri Sales,2205607,landri-salesiano,DELISMON SOARES PEREIRA,1088.583,5213,4.79,98.7,0.584,25.64,16900.1108,15332.93344,16600.66,
Lu&iacute;s Correia,2205706,lu&iacute;s-correiense,MARIA DAS DORES FONTENELE BRITO,1074.132,30641,28.53,95.4,0.541,15.38,65225.26447,62511.12573,11442.15,
Luzil&acirc;ndia,2205805,luzilandense,FERNANDA PINTO MARQUES,705.599,25375,35.96,96.1,0.545,11.49,45111.92813,43401.868,8730.55,
Madeiro,2205854,madeirense,JOSE RIBAMAR DE ARAUJO FILHO,178.842,8032,44.91,97.8,0.563,29.7,20434.27687,19096.36138,7725.70,
Manoel Em&iacute;dio,2205904,manoel-emidense,CLAUDIA MARIA DE JESUS PIRES MEDEIROS,1620.413,5209,3.21,99,0.573,15.15,80.01341,14666.29822,10004.77,
Marcol&acirc;ndia,2205953,marcolandense,CORINTO MACHADO DE MATOS NETO,136.785,8533,62.38,94.5,0.562,14.93,20256.57473,18957.49576,17948.05,
Marcos Parente,2206001,marcos-parentense,GEDISON ALVES RODRIGUES,677.416,4724,6.97,97.3,0.590,15.63,14014.78847,12196.11307,10555.49,
Massap&ecirc; do Piau&iacute;,2206050,massap&ecirc;ense,RIVALDO DE CARVALHO COSTA,530.169,5218,9.84,98.6,0.525,18.87,18144.30665,16011.58747,8209.64,
Matias Ol&iacute;mpio,2206100,matiense,GENIVALDO NASCIMENTO ALMEIDA,226.785,10641,46.92,98.5,0.562,6.21,24193.57103,23585.83691,8255.86,
Miguel Alves,2206209,miguel-alvense,FRANCISCO ANTONIO REBELO PAIVA,1392.123,32150,23.09,96.6,0.539,8.3,62959.60603,66953.70893,8293.41,
Miguel Le&atilde;o,2206308,leonino,ROBERTO CESAR DE AR&Eacute;A LE&Atilde;O NASCIMENTO,93.412,1318,14.11,99.6,0.623,-,9227.04662,8248.63563,17413.14,
Milton Brand&atilde;o,2206357,milton brand&atilde;oense,FRANCISCO EVANGELISTA RESENDE,1309.128,6542,5.00,98.9,0.508,38.96,15756.66539,15264.30988,8248.41,
Monsenhor Gil,2206407,monsenhorgilense,JO&Atilde;O LUIZ CARVALHO DA SILVA,567.860,10255,18.06,98.8,0.615,6.85,24182.97964,21251.45441,10232.84,
Monsenhor Hip&oacute;lito,2206506,hipolitano,ANTONIO DJALMA BEZERRA POLICARPO,401.568,7577,18.87,96.7,0.561,53.19,18407.18284,16370.10783,11598.76,
Monte Alegre do Piau&iacute;,2206605,montealegrense,DIJALMA GOMES MASCARENHAS,2417.382,10660,4.41,98.3,0.578,5.78,30161.71877,27518.0085,23522.87,
Morro Cabe&ccedil;a no Tempo,2206654,morrense,JOSU&Eacute; ALVES DA SILVA,2207.658,4377,1.98,97.7,0.542,15.63,13553.41232,13336.89642,7749.96,
Morro do Chap&eacute;u do Piau&iacute;,2206670,morrochapeuense,MARCOS HENRIQUE FORTES REBELO,328.408,6425,19.56,98.8,0.550,10.53,17116.47225,16643.62427,8654.41,
Murici dos Portelas,2206696,muriciense,FRANCISCA DAS CHAGAS CORREIA DE SOUSA,475.720,9004,18.93,96.1,0.530,11.63,22771.74177,20317.76151,7666.11,
Nazar&eacute; do Piau&iacute;,2206704,nazareno-do-piau&iacute;,RAIMUNDO NONATO COSTA,1315.841,6665,5.07,99.3,0.576,11.63,17461.18715,16289.00381,8830.34,
Naz&aacute;ria,2206720,nazariense,OSVALDO BONFIM DE CARVALHO,362.376,10262,28.32,97.1,0.602,29.2,23422.2238,19021.90086,11166.15,
Nossa Senhora de Nazar&eacute;,2206753,nazareno,JOS&Eacute; HENRIQUE DE OLIVEIRA ALVES,356.872,5228,14.65,95.5,0.586,-,15386.46749,14454.96582,8695.81,
Nossa Senhora dos Rem&eacute;dios,2206803,remediense,JOSE FERNANDO OLIVEIRA DE BRITO,357.896,8525,23.82,96.6,0.533,21.43,22680.34842,21842.29398,8561.50,
Novo Oriente do Piau&iacute;,2206902,novo-orientino,FRANCISCO AFONSO RIBEIRO SOBREIRA,525.906,6097,11.59,97.7,0.562,35.71,15894.61852,15360.16045,8112.51,
Novo Santo Ant&ocirc;nio,2206951,santantoniense,ELISA MARIA DA SILVA PAZ,443.872,2827,6.37,96.5,0.528,-,12273.67672,10802.68713,9389.81,
Oeiras,2207009,oeirense,JOSE RAIMUNDO DE S&Aacute; LOPES,2703.138,38161,14.12,97.9,0.634,7.98,68917.28051,64802.78674,14544.80,
Olho D'&Aacute;gua do Piau&iacute;,2207108,olho d&rsquo;aguense,ANTONIO LEAL DA SILVA,183.603,2637,14.36,96.7,0.576,-,10841.85543,9914.1504,10536.77,
Padre Marcos,2207207,padremarcoense,JOS&Eacute; VALDINAR DA SILVA,278.696,6382,22.90,99.5,0.541,27.4,17219.72301,15682.16473,10899.55,
Paes Landim,2207306,paes-landinense,THALLES MOURA F&Eacute; MARQUES,401.378,4088,10.18,98.5,0.575,14.71,14098.90808,13330.45812,10482.02,
Paje&uacute; do Piau&iacute;,2207355,pajeuense,CL&Aacute;UDIO PEREIRA DOS SANTOS,986.961,3000,3.04,98,0.559,38.46,13480.52443,13302.83384,14362.24,
Palmeira do Piau&iacute;,2207405,palmeirino,JOAO DA CRUZ ROSAL DA LUZ,2024.020,4952,2.45,97.4,0.557,14.08,15953.57164,12759.86461,25623.29,
Palmeirais,2207504,palmeirense,JOS&Eacute; BALTAZAR DE OLIVEIRA,1493.764,13263,8.88,98.3,0.562,29.76,31990.70453,32426.2726,8587.18,
Paquet&aacute;,2207553,paquetaense,THALES COELHO PIMENTEL,432.572,3813,8.81,96.9,0.509,-,14093.62041,12421.38159,10645.78,
Parnagu&aacute;,2207603,parnaguaense,JONDSON CASTRO FE,3428.811,10103,2.95,96.4,0.575,19.74,32102.99962,26978.44793,10513.11,
Parna&iacute;ba,2207702,parnaibano,FRANCISCO DE ASSIS DE MORAES SOUZA,436.907,162159,371.15,97.5,0.687,12.65,340708.33219,321306.77298,17021.64,
Passagem Franca do Piau&iacute;,2207751,passagemfranquense,SAULO VINICIUS RODRIGUES SATURNINO,643.226,4135,6.43,98.9,0.561,-,15069.00191,15118.17693,9598.89,
Patos do Piau&iacute;,2207777,patoense,JOAQUIM LOPES DOS REIS NETO,801.403,5425,6.77,98.4,0.563,16.67,16359.03285,15380.80495,8910.23,
Pau D'Arco do Piau&iacute;,2207793,paudarquiense,JOSENILTON DE SOUSA RODRIGUES BACELAR,430.023,3880,9.02,98.1,0.514,20.41,12459.43257,9938.17922,7799.23,
Paulistana,2207801,paulistanense,JOAQUIM JULIO COELHO,1941.111,21055,10.85,97.9,0.600,13.11,56081.65085,50043.2428,12296.03,
Pavussu,2207850,pavussuense,JULIMAR BARBOSA DA SILVA,1090.697,3628,3.33,97.8,0.526,27.78,12901.31676,10447.93147,9690.34,
Pedro II,2207900,pedro-segundense,ELISABETE RODRIGUES DE OLIVEIRA,1544.413,37894,24.54,97.3,0.571,9.75,86140.9556,66740.59688,9205.86,
Pedro Laurentino,2207934,pedro laurentinense,LEONCIO LEITE DE SOUSA,870.614,2458,2.82,97.2,0.562,-,11379.13206,10006.57824,10773.67,
Nova Santa Rita,2207959,Santaritense,HELI MARQUES DE CARVALHO,909.734,4076,4.48,97.1,0.554,22.73,13902.00332,13698.26697,10047.32,
Picos,2208007,picoense,GIL MARQUES DE MEDEIROS,577.284,83090,143.93,98.3,0.698,12.67,184481.15986,179285.43185,22447.51,
Pimenteiras,2208106,pimenteirense,MARIA LUCIA DE LACERDA,4562.580,11341,2.49,98.9,0.566,8.4,25488.71329,25870.49967,8606.05,
Pio IX,2208205,pio-nonense,SILAS NORONHA MOTA,1948.142,17613,9.04,98.8,0.564,8.81,37914.12969,37586.2965,11241.12,
Piracuruca,2208304,piracuruquense,FRANCISCO DE ASSIS DA SILVA MELO,2368.935,28453,12.01,94.8,0.596,8.24,52130.77281,48756.05716,11622.54,
Piripiri,2208403,piripiriense,JOVENILIA ALVES DE OLIVEIRA MONTEIRO,1407.192,65450,46.51,97.3,0.635,5.61,124496.24539,111283.47559,14159.14,
Porto,2208502,portuense,DOMINGOS BACELAR DE CARVALHO,253.113,12052,47.62,98,0.549,9.62,26808.63574,27270.5884,8081.11,
Porto Alegre do Piau&iacute;,2208551,porto  alegrense,MARCIO NEIVA MARTINS,1168.044,2364,2.02,98.9,0.563,-,12313.94079,11914.60031,10612.27,
Prata do Piau&iacute;,2208601,pratense,ACELINO MENDES DE MOURA,196.787,3042,15.46,98.5,0.565,40,14917.48458,10584.21703,8673.02,
Queimada Nova,2208650,queimadanovense,RAIMUNDO JULIO COELHO,1283.369,8738,6.81,99.3,0.515,29.41,19016.33017,17424.73044,13252.51,
Reden&ccedil;&atilde;o do Gurgu&eacute;ia,2208700,gurgue&iacute;no,&Acirc;NGELO JOS&Eacute; SENA SANTOS,2470.531,8394,3.40,97.9,0.589,8.06,19925.31614,17427.18525,9934.44,
Regenera&ccedil;&atilde;o,2208809,regenerense,EDUARDO ALVES CARVALHO,1251.321,17133,13.69,97.4,0.591,8.13,40933.85553,36690.19373,12146.03,
Riacho Frio,2208858,riacho friense,JABES LUSTOSA NOGUEIRA JUNIOR,2220.598,4165,1.88,98.9,0.541,-,15010.33249,13797.20791,10302.28,
Ribeira do Piau&iacute;,2208874,ribeirense,ANTONIO LUIZ DE ARAUJO COSTA NETO,1012.479,4055,4.01,98.4,0.520,42.55,19252.97263,15452.31705,41373.16,
Ribeiro Gon&ccedil;alves,2208908,ribeiro-gon&ccedil;alvino,LINDENBERG VIEIRA DA SILVA,3987.147,6164,1.55,96.8,0.601,-,23907.02368,22229.96172,62510.95,
Rio Grande do Piau&iacute;,2209005,rio-grandense-do-piau&iacute;,MAURICIO MARTINS COSTA SILVA,635.953,5801,9.12,96.5,0.572,-,15796.58622,14990.19608,8894.18,
Santa Cruz do Piau&iacute;,2209104,santa-cruzense,FRANCISCO BARROSO DE CARVALHO NETO,582.658,5831,10.01,96.8,0.601,-,14598.49546,13595.61256,9877.94,
Santa Cruz dos Milagres,2209153,santacruzense,WILNEY RODRIGUES DE MOURA,978.547,3435,3.51,98.6,0.577,-,11892.9292,10633.52481,10275.43,
Santa Filomena,2209203,filomense,CARLOS AUGUSTO DE ARAUJO BRAGA,5293.693,6087,1.15,97.6,0.544,10.2,20195.45181,17795.81906,79755.28,
Santa Luz,2209302,santa-luzense,JOS&Eacute; LIMA DE ARA&Uacute;JO,1185.398,5336,4.50,99.5,0.588,14.49,13413.32196,12920.43878,9592.38,
Santana do Piau&iacute;,2209351,santanense,MARIA JOS&Eacute; DE SOUSA MOURA,112.189,4125,36.77,96.1,0.574,-,12951.98763,11190.2852,8441.59,
Santa Rosa do Piau&iacute;,2209377,santarosense,VER&Iacute;SSIMO ANTONIO SIQUEIRA DA SILVA,338.336,4650,13.74,99,0.567,-,13554.75682,11278.12276,8853.54,
Santo Ant&ocirc;nio de Lisboa,2209401,santo-antoense,FRANCISCO KARLOS LEAL GOMES,385.286,5839,15.15,93.5,0.584,14.71,13307.98414,11681.3077,11138.37,
Santo Ant&ocirc;nio dos Milagres,2209450,santoantonhense,PAULO CAZIMIRO DE SOUSA NETO E SILVA,33.640,2138,63.56,97.5,0.619,34.48,10465.95636,8921.77999,7728.84,
Santo In&aacute;cio do Piau&iacute;,2209500,santinacense,TAIRO MOURA MESQUITA,852.106,3646,4.28,99.3,0.613,-,13511.23533,12817.27701,9867.06,
S&atilde;o Braz do Piau&iacute;,2209559,san-brazense,DEBORAH SAYONARA SANTOS CARDOSO,656.042,4358,6.64,98.7,0.596,24.39,13567.75022,14389.00431,9053.61,
S&atilde;o F&eacute;lix do Piau&iacute;,2209609,s&atilde;o-felicense,JOSE JAILSON PIO,627.033,2842,4.53,100,0.610,-,128.64021,10343.23721,10564.33,
S&atilde;o Francisco de Assis do Piau&iacute;,2209658,s&atilde;ofranciscoense,JOSIMAR JO&Atilde;O DE OLIVEIRA,1072.311,5577,5.20,96,0.485,-,17196.50948,13398.5124,9122.43,
S&atilde;o Francisco do Piau&iacute;,2209708,s&atilde;o-franciscano,ANTONIO MARTINS DE CARVALHO,1341.451,5392,4.02,98.4,0.570,16.39,20144.19608,17792.75488,8823.96,
S&atilde;o Gon&ccedil;alo do Gurgu&eacute;ia,2209757,s&atilde;o gon&ccedil;alense,PAULO LUSTOSA NOGUEIRA,1385.255,2947,2.13,97.4,0.560,-,11629.74715,11197.49833,17604.18,
S&atilde;o Gon&ccedil;alo do Piau&iacute;,2209807,s&atilde;o-gon&ccedil;alense,LU&Iacute;S DE SOUSA RIBEIRO JUNIOR,150.495,4837,32.14,97.7,0.616,15.87,14857.18438,11861.49408,10104.23,
S&atilde;o Jo&atilde;o da Canabrava,2209856,canabravense,ELSON SILVA DE SOUSA,480.537,4242,8.83,96.8,0.559,-,15109.7642,13621.79682,10170.74,
S&atilde;o Jo&atilde;o da Fronteira,2209872,s&atilde;o j&atilde;o fronteirense,ANTONIO ERIVAN RODRIGUES FERNANDES,817.111,5522,6.76,88.3,0.515,13.89,15741.72047,13735.94487,9475.72,
S&atilde;o Jo&atilde;o da Serra,2209906,serra-jonense,JOAO FRANCISCO GOMES DA ROCHA,994.224,6114,6.15,99.1,0.582,15.63,7398.76515,14580.70013,9737.59,
S&atilde;o Jo&atilde;o da Varjota,2209955,sanjoanense,JOSE DOS SANTOS BARBOSA,394.456,4383,11.11,96.9,0.559,61.22,13581.55358,11961.72279,7098.86,
S&atilde;o Jo&atilde;o do Arraial,2209971,s&atilde;o j&atilde;oense,BENEDITA VILMA LIMA,213.377,8186,38.36,98.4,0.523,27.03,18221.93235,17277.28584,7770.35,
S&atilde;o Jo&atilde;o do Piau&iacute;,2210003,sanjoanense,EDNEI MODESTO AMORIM,1527.497,21421,14.02,98.3,0.645,18.24,53644.45795,52610.32457,21694.23,
S&atilde;o Jos&eacute; do Divino,2210052,s&atilde;ojoseense,CARLOS CARVALHO ARA&Uacute;JO,319.367,4841,15.16,99.2,0.565,-,14622.78516,12846.07245,10462.58,
S&atilde;o Jos&eacute; do Peixe,2210102,s&atilde;o-joseense,CELSO ANT&Ocirc;NIO MENDES COIMBRA,1287.174,3297,2.56,97.5,0.573,58.82,13523.20391,12487.67466,10577.53,
S&atilde;o Jos&eacute; do Piau&iacute;,2210201,s&atilde;o-joseense,ADMAELTON BEZERRA SOUSA,373.347,6597,17.67,97.5,0.552,-,13687.11323,13491.45665,10166.95,
S&atilde;o Juli&atilde;o,2210300,s&atilde;o-julianense,SAMUEL DE SOUSA ALENCAR,291.089,6025,20.70,94.3,0.594,-,17088.97766,15242.52904,9082.15,
S&atilde;o Louren&ccedil;o do Piau&iacute;,2210359,lourenciano,BIRACI DAMASCENO RIBEIRO,673.822,4410,6.54,98.9,0.595,-,14186.92375,12401.31315,8883.89,
S&atilde;o Luis do Piau&iacute;,2210375,s&atilde;oluisense,KELSIMAR DE ABREU SOUSA,217.924,2309,10.60,97,0.554,40,10689.18566,9791.515,9391.28,
S&atilde;o Miguel da Baixa Grande,2210383,s&atilde;omiquelense,MARIA DA CONCEI&Ccedil;&Atilde;O MENDES TEIXEIRA,444.528,2269,5.10,98.9,0.563,-,59.73257,8860.61796,10330.77,
S&atilde;o Miguel do Fidalgo,2210391,fidalguense,ERIMAR SOARES DE SOUSA,813.444,2829,3.48,98.7,0.535,-,11602.86967,10920.63874,9378.91,
S&atilde;o Miguel do Tapuio,2210409,tapuiense,POMPILIO EVARISTO CARDOSO FILHO,4988.973,17554,3.52,97.5,0.556,17.32,48150.87719,37841.09592,8543.38,
S&atilde;o Pedro do Piau&iacute;,2210508,s&atilde;o-pedrense,JOS&Eacute; MARIA RIBEIRO DE AQUINO JUNIOR,518.288,13755,26.54,98.4,0.595,5.35,30144.58443,28378.32444,8301.66,
S&atilde;o Raimundo Nonato,2210607,s&atilde;o-raimundense,CARMELITA DE CASTRO SILVA,2415.287,38934,16.12,98,0.661,15.99,65149.95424,62121.81633,15669.40,
Sebasti&atilde;o Barros,2210623,sebasti&atilde;o barrense,PABLO CUST&Oacute;DIO MENDES DE CARVALHO,893.488,3202,3.58,99.3,0.536,-,13553.41232,13336.89642,12095.66,
Sebasti&atilde;o Leal,2210631,sebasti&atilde;o-lealense,MANOELINA DE SOUSA BORGES,3148.857,4446,1.41,97.6,0.562,-,19130.41333,16770.46266,40903.41,
Sigefredo Pacheco,2210656,sigefredense,MURILO BANDEIRA DA SILVA,1031.101,9460,9.17,99.2,0.581,-,20741.2814,17945.23567,7520.14,
Sim&otilde;es,2210706,simonense,JOSE WILSON DE CARVALHO,1076.055,14350,13.34,95.3,0.575,10.15,35710.29048,36149.90934,19456.17,
Simpl&iacute;cio Mendes,2210805,simpl&iacute;cio-mendense,MARCIO JOS&Eacute; PINHEIRO MOURA,1360.028,13881,10.21,98.6,0.627,34.97,39720.45351,29871.76997,15128.68,
Socorro do Piau&iacute;,2210904,socorrense,JOS&Eacute; COELHO FILHO,761.854,4141,5.44,97.8,0.561,-,14447.86074,16630.64372,8935.91,
Sussuapara,2210938,sussuaparense,NAERTON SILVA MOURA,205.194,6220,30.31,93.7,0.586,24.1,15446.05152,13753.90824,10800.55,
Tamboril do Piau&iacute;,2210953,tamborilense,ANA DELCIDES FIGUEIREDO GUEDES,1587.296,2949,1.86,99.6,0.501,21.28,12540.20191,10582.26539,10218.68,
Tanque do Piau&iacute;,2210979,tanquense,NATANAEL SALES DE SOUSA,398.007,2316,5.82,97.9,0.579,-,11484.11815,10337.01166,11869.59,
Teresina,2211001,teresinense,JOS&Eacute; PESSOA LEAL,1391.293,866300,622.66,97.8,0.751,12.1,2804376.07164,2669283.43178,24858.31,
Uni&atilde;o,2211100,unionense,GUSTAVO CONDE MEDEIROS,1170.742,46119,39.39,97.9,0.577,3.45,88044.58508,87307.80997,9139.08,
Uru&ccedil;u&iacute;,2211209,uru&ccedil;uiense,FRANCISCO WAGNER PIRES COELHO,8413.016,25203,3.00,97,0.631,13.57,72450.40111,62120.62513,88333.18,
Valen&ccedil;a do Piau&iacute;,2211308,valenciano,MARCELO COSTA E SILVA,1333.722,22281,16.71,98.6,0.647,18.52,45444.32883,42662.67051,12566.07,
V&aacute;rzea Branca,2211357,varzea-branquense,RAIMUNDO NONATO ALVES PAES LANDIM,450.429,5055,11.22,97.9,0.553,11.76,15047.23541,14562.80699,9398.92,
V&aacute;rzea Grande,2211407,v&aacute;rzea-grandense,ROBERT EUDES NUNES DE SOUSA SEGUNDO,236.453,4417,18.68,99.6,0.571,57.14,13017.22387,11673.39861,9115.19,
Vera Mendes,2211506,veramendense,CARLOS JOS&Eacute; DA SILVA,341.974,3185,9.31,98.2,0.503,48.78,14036.1438,12432.50237,9707.50,
Vila Nova do Piau&iacute;,2211605,vilanovense,EDILSON EDMUNDO DE BRITO,221.627,2935,13.24,98.7,0.565,-,13552.75494,11517.72334,11939.48,
Wall Ferraz,2211704,wal farrazense,LUIZ GUILHERME MAIA DE SOUSA,270.427,4059,15.01,97.3,0.544,-,13474.81433,12680.94248,8382.70,

<table class="fontes-container"><tr><th>Notas:</th></tr><tr><td>Escolariza&ccedil;&atilde;o <span>6 a 14 anos</span>: [população residente no município de 6 a 14 anos de idade matriculada no ensino regular/total de população residente no município de 6 a 14 anos de idade] x 100</td></tr><tr><th>Fontes:</th></tr><tr><td>Área Territorial: Área territorial brasileira 2022. Rio de Janeiro: IBGE, 2023</td></tr><tr><td>População residente: Censo 2022: População e Domicílios - Primeiros Resultados</td></tr><tr><td>Densidade demogr&aacute;fica: Censo 2022: População e Domicílios - Primeiros Resultados</td></tr><tr><td>Escolariza&ccedil;&atilde;o <span>6 a 14 anos</span>: IBGE, Censo Demográfico 2010</td></tr><tr><td>IDHM <span>&Iacute;ndice de desenvolvimento humano municipal</span>: Programa das Nações Unidas para o Desenvolvimento - PNUD</td></tr><tr><td>Mortalidade infantil: Ministério da Saúde, Departamento de Informática do Sistema Único de Saúde - DATASUS 2017</td></tr><tr><td>Receitas realizadas: Contas anuais. Receitas orçamentárias realizadas (Anexo I-C) 2017 e Despesas orçamentárias empenhadas (Anexo I-D) 2017. In: Brasil. Secretaria do Tesouro Nacional, Siconfi: Sistema de Informações Contábeis e Fiscais do Setor Público Brasileiro. Brasília, DF, [2018]. Disponível em: https://siconfi.tesouro.gov.br/siconfi/pages/public/consulta_finbra/finbra_list.jsf. Acesso em: set. 2018</td></tr><tr><td>Despesas empenhadas: Contas anuais. Receitas orçamentárias realizadas (Anexo I-C) 2017 e Despesas orçamentárias empenhadas (Anexo I-D) 2017. In: Brasil. Secretaria do Tesouro Nacional, Siconfi: Sistema de Informações Contábeis e Fiscais do Setor Público Brasileiro. Brasília, DF, [2018]. Disponível em: https://siconfi.tesouro.gov.br/siconfi/pages/public/consulta_finbra/finbra_list.jsf. Acesso em: set. 2018</td></tr><tr><td>PIB per capita: IBGE, em parceria com os Órgãos Estaduais de Estatística, Secretarias Estaduais de Governo e Superintendência da Zona Franca de Manaus - SUFRAMA</td></tr></table>