Santa Catarina | Todos os Munic&iacute;pios
Munic&iacute;pio [-],C&oacute;digo [-],Gent&iacute;lico [-],Prefeito [2021],&Aacute;rea Territorial - km&sup2; [2022],Popula&ccedil;&atilde;o residente - pessoas [2022],Densidade demogr&aacute;fica - hab/km&sup2; [2022],Escolariza&ccedil;&atilde;o &lt;span&gt;6 a 14 anos&lt;/span&gt; - % [2010],IDHM &lt;span&gt;&Iacute;ndice de desenvolvimento humano municipal&lt;/span&gt; [2010],Mortalidade infantil - &oacute;bitos por mil nascidos vivos [2020],Receitas realizadas - R$ (&times;1000) [2017],Despesas empenhadas - R$ (&times;1000) [2017],PIB per capita - R$ [2020],
Abdon Batista,4200051,abdonense,JADIR LUIZ DE SOUZA,237.517,2598,10.94,100,0.694,-,23228.89256,18399.70671,24358.67,
Abelardo Luz,4200101,abelardense,NERCI SANTIN,953.992,17392,18.23,97.1,0.696,-,62978.7649,54531.83536,44568.35,
Agrol&acirc;ndia,4200200,agrolandense,JOS&Eacute; CONSTANTE,206.815,10990,53.14,97,0.725,-,31019.33416,28123.29815,27381.60,
Agron&ocirc;mica,4200309,agronomense,CESAR LUIZ CUNHA,129.774,6055,46.66,94.4,0.741,12.99,20069.01248,17786.6489,33936.32,
&Aacute;gua Doce,4200408,&aacute;gua-docense,NELCI F&Aacute;TIMA TRENTO BORTOLINI,1319.137,6508,4.93,97.9,0.698,-,36852.2711,29718.55841,76341.09,
&Aacute;guas de Chapec&oacute;,4200507,aguense,LEONIR ANT&Ocirc;NIO HENTGES,139.511,6036,43.27,99.3,0.713,-,19632.02159,16715.00412,18199.70,
&Aacute;guas Frias,4200556,&aacute;guasfriense,LUIZ JOS&Eacute; DAGA,76.631,2839,37.05,100,0.745,-,16779.53419,13446.36895,53851.29,
&Aacute;guas Mornas,4200606,&aacute;guas-mornense,OMERO PRIM,326.660,6743,20.64,98.7,0.723,-,22341.68119,18529.15137,27461.67,
Alfredo Wagner,4200705,alfredense,GILMAR SANI,733.489,10481,14.29,92.8,0.668,21.05,27865.23225,24745.22628,31544.28,
Alto Bela Vista,4200754,bela-vistense,ELTON MATTES,103.433,1856,17.94,98.7,0.755,-,17697.95946,15207.1278,37639.17,
Anchieta,4200804,anchietense,IVAN JOS&Eacute; CANCI,232.348,5943,25.58,99.8,0.699,18.52,21139.56862,18767.7054,31585.70,
Angelina,4200903,angelinense,ROSELI ANDERLE,499.998,5358,10.72,99.3,0.687,-,22846.55799,17417.94095,31486.10,
Anita Garibaldi,4201000,anita-garibaldense,JO&Atilde;O CIDINEI DA SILVA,589.812,8285,14.05,96.1,0.688,-,26288.64577,26259.92205,25996.24,
Anit&aacute;polis,4201109,anitapolitano,SOLANGE BACK,540.636,3593,6.65,98.5,0.674,-,18782.75481,14616.07533,20782.17,
Ant&ocirc;nio Carlos,4201208,ant&ocirc;nio-carlense,GERALDO PAULI,234.422,11224,47.88,96.5,0.749,14.81,41263.06961,34036.05703,91539.94,
Api&uacute;na,4201257,apiunense,MARCELO DOUTEL DA SILVA,493.490,9811,19.88,97.8,0.708,8.7,44220.63189,37980.35868,34257.35,
Arabut&atilde;,4201273,arabutanense,LEANI KAPP SCHMITT,132.779,4378,32.97,99.6,0.733,22.73,22875.74556,19242.32116,48230.25,
Araquari,4201307,araquariense,CLENILTON CARLOS PEREIRA,386.693,45180,116.84,96,0.703,8.7,126472.28069,100994.30988,139432.89,
Ararangu&aacute;,4201406,araranguaense,C&Eacute;SAR ANTONIO CESA,301.819,71922,238.30,98.4,0.760,10.38,145710.42022,134742.48641,30024.90,
Armaz&eacute;m,4201505,armazenense,LUIZ PAULO RODRIGUES MENDES,173.958,8834,50.78,98.4,0.770,-,22155.7681,20257.41283,26286.33,
Arroio Trinta,4201604,arroio-trintense,ALCIDIR FELCHILCHER,93.530,3556,38.02,99.3,0.764,-,22626.56519,17225.8726,31290.10,
Arvoredo,4201653,arvoredense,NEURI MENEGUZZI,90.503,2510,27.73,97.6,0.715,32.26,18512.75551,15761.72193,60663.53,
Ascurra,4201703,ascurrense,AR&Atilde;O JOSINO DA SILVA,112.884,8319,73.70,98,0.742,-,20927.55874,17873.09322,26021.95,
Atalanta,4201802,atalantense,JUAREZ MIGUEL RODERMEL,94.383,3227,34.19,98.9,0.733,-,15684.37989,13045.00293,31674.69,
Aurora,4201901,aurorense,ALEXSANDRO KOHL,207.045,6780,32.75,99.3,0.733,-,21639.18974,18239.05644,47204.34,
Balne&aacute;rio Arroio do Silva,4201950,arroio-silvense,EVANDRO SCAINI,94.477,15820,167.45,98.1,0.746,23.81,32652.15086,31450.46926,14574.67,
Balne&aacute;rio Cambori&uacute;,4202008,balneocamboriuense,FABR&Iacute;CIO JOS&Eacute; SATIRO DE OLIVEIRA,45.214,139155,3077.70,98.3,0.845,8.35,784576.90354,717713.61429,42613.60,
Balne&aacute;rio Barra do Sul,4202057,barrassulense,ANTONIO RODRIGUES,108.914,14912,136.92,98.7,0.716,25.64,38773.24933,33759.17685,19580.53,
Balne&aacute;rio Gaivota,4202073,gaivotense,EVERALDO DOS SANTOS,146.834,15669,106.71,98.7,0.728,6.02,38663.79027,34869.54263,16230.67,
Bandeirante,4202081,bandeirantense,CELSO BIEGELMEIER,148.074,3144,21.23,99.3,0.672,27.03,16024.76791,13637.50818,40369.01,
Barra Bonita,4202099,barrabonitense,AGNALDO DERESZ,92.561,1668,18.02,96.5,0.701,-,14133.48549,11873.12736,25798.19,
Barra Velha,4202107,barra-velhense,DOUGLAS ELIAS DA COSTA,138.947,45371,326.53,96.8,0.738,12.68,100625.15242,92003.18861,61735.71,
Bela Vista do Toldo,4202131,bela vistense,ALFREDO CEZAR DREHER,535.682,5872,10.96,98.9,0.675,33.33,23674.13484,22136.26627,27628.13,
Belmonte,4202156,belmontense,JAIR ANTONIO GIUMBELLI,93.852,2658,28.32,100,0.705,-,14431.57378,12673.67461,22792.63,
Benedito Novo,4202206,benedito-novense,ARRABEL ANTONIETA LENZI MURARA,388.291,10520,27.09,98.2,0.740,17.54,30428.43269,26386.98372,31431.74,
Bigua&ccedil;u,4202305,bigua&ccedil;uense,SALMIR DA SILVA,365.755,76773,209.90,96.9,0.739,4.26,208037.65098,173495.01119,34478.80,
Blumenau,4202404,blumenauense,M&Aacute;RIO HILDEBRANDT,518.619,361261,696.58,97,0.806,6.48,1501588.80297,1394618.11867,49145.71,
Bocaina do Sul,4202438,bocainense,JO&Atilde;O EDUARDO DELLA JUSTINA,510.673,3515,6.88,96.8,0.647,44.44,17715.84903,15359.06583,27555.75,
Bombinhas,4202453,bombinense,PAULO HENRIQUE DALAGO M&Uuml;LLER,35.143,25058,713.03,99,0.781,3.13,128430.67488,119098.00801,38729.76,
Bom Jardim da Serra,4202503,bom-jardinense,PEDRO LUIZ OSTETTO,938.516,4026,4.29,97.9,0.696,-,19107.32495,16877.57436,50777.91,
Bom Jesus,4202537,bonjesuense,RAFAEL CALZA,63.883,2777,43.47,97.9,0.718,-,15589.38902,13478.35853,42885.89,
Bom Jesus do Oeste,4202578,bonjesuense,AIRTON ANTONIO REINEHR,67.777,2187,32.27,100,0.712,-,15665.68724,13296.66991,30193.14,
Bom Retiro,4202602,bom-retirense,ALBINO GON&Ccedil;ALVES PADILHA,1057.034,8418,7.96,96.3,0.699,18.69,24743.93304,22998.79313,34476.71,
Botuver&aacute;,4202701,botuveraense,ALCIR MERIZIO,296.256,5363,18.10,99,0.724,34.48,22378.35516,19626.44013,65548.08,
Bra&ccedil;o do Norte,4202800,bra&ccedil;o-nortense,ROBERTO KUERTEN MARCELINO,212.045,33773,159.27,98.9,0.778,12.77,86756.81995,74852.20226,42636.52,
Bra&ccedil;o do Trombudo,4202859,bra&ccedil;o trombudense,NILDO MELMESTET,89.411,4026,45.03,99,0.780,-,20081.02585,17645.94713,48158.44,
Brun&oacute;polis,4202875,brunopolitense,VOLCIR CANUTO,336.439,2489,7.40,98.7,0.661,-,15751.83029,13490.96062,40440.32,
Brusque,4202909,brusquense,JOS&Eacute; ARI VEQUI,284.675,141385,496.65,98,0.795,11.58,411412.85808,343105.63888,50852.17,
Ca&ccedil;ador,4203006,ca&ccedil;adorense,ALENCAR MENDES,983.424,73720,74.96,96,0.735,8.23,209759.61633,173042.40558,50018.63,
Caibi,4203105,caibiense,EDER PICOLI,173.079,6304,36.42,98.7,0.728,-,22995.92655,19499.15887,46542.57,
Calmon,4203154,calmonense,H&Eacute;LIO MARCELO OLENKA,636.208,3443,5.41,95.6,0.622,18.18,18153.01102,15845.22196,25766.32,
Cambori&uacute;,4203204,camboriuense,ELCIO ROG&Eacute;RIO KUHNEN,210.568,103074,489.50,96.6,0.726,9.25,184969.49807,156080.27575,21482.88,
Cap&atilde;o Alto,4203253,cap&atilde;o altense,TITO PEREIRA FREITAS,1331.962,2625,1.97,99.3,0.654,-,19686.21938,15994.33533,63152.56,
Campo Alegre,4203303,campo-alegrense,ALICE BAYERL GROSSKOPF,499.216,12501,25.04,98.6,0.714,-,49476.91897,41087.82107,46970.84,
Campo Belo do Sul,4203402,campo-belense,CLAUDIANE VARELA PUCCI,1025.638,7257,7.08,95.7,0.641,12.2,24917.85912,21542.63003,33788.57,
Campo Er&ecirc;,4203501,campo-erense,ROZANE BORTONCELLO MOREIRA,479.161,9623,20.08,98.7,0.690,13.89,30272.71685,26088.9685,39311.07,
Campos Novos,4203600,campos-novense,GILMAR MARCO&nbsp;PEREIRA,1717.697,36932,21.50,97.3,0.742,11.88,131821.93751,113156.79885,66661.29,
Canelinha,4203709,canelense,DIOGO FRANCISCO ALVES MACIEL,151.008,12821,84.90,98.5,0.697,31.75,32311.05894,27528.05721,17360.90,
Canoinhas,4203808,canoinhense,JULIANA MACIEL HOPPE,1148.036,55016,47.92,98.8,0.757,9.38,159433.30085,136538.26699,34235.42,
Capinzal,4203907,capinzalense,NILVO DORINI,244.057,23314,95.53,97.8,0.752,18.46,83185.0007,75710.18268,41754.23,
Capivari de Baixo,4203956,capivariense,VICENTE CORREA COSTA,53.222,23975,450.47,97.6,0.767,-,75631.89516,60422.93719,50510.96,
Catanduvas,4204004,catanduvense,DORIVAL RIBEIRO DOS SANTOS,199.166,10566,53.05,96.2,0.714,-,38393.81947,30798.27866,41459.88,
Caxambu do Sul,4204103,caxambuense,GLAUBER BURTET,140.873,4614,32.75,96.1,0.691,-,20955.3264,16144.81823,54574.66,
Celso Ramos,4204152,celso-ramense,LUIZANGELO GRASSI,208.391,2805,13.46,99,0.719,-,17048.95426,15515.7133,21005.17,
Cerro Negro,4204178,cerronegrense,ADEMILSON CONRADO,418.544,3317,7.93,96.3,0.621,-,15835.71526,14370.89779,25508.28,
Chapad&atilde;o do Lageado,4204194,lageadense,ABEL DA SILVA,124.866,2950,23.63,99.4,0.704,-,15001.40219,13583.61985,32621.71,
Chapec&oacute;,4204202,chapecoense,JO&Atilde;O RODRIGUES,624.846,254781,407.75,98.4,0.790,11.05,750226.84332,663703.31008,53365.35,
Cocal do Sul,4204251,sul-cocalense,FERNANDO DE FAVERI MARCELINO,70.965,17240,242.94,98.8,0.780,15,56279.85882,51261.19842,42041.00,
Conc&oacute;rdia,4204301,concordiense,ROG&Eacute;RIO LUCIANO PACHECO,799.194,81646,102.16,98.4,0.800,8.64,283391.4751,222561.85557,52058.27,
Cordilheira Alta,4204350,cordilheiraltense,CLODOALDO BRIANCINI,83.556,4781,57.22,99.4,0.747,-,26003.67295,22834.30057,69620.13,
Coronel Freitas,4204400,freitense ou freitano,DELIR CASSARO,233.698,10388,44.45,99.6,0.744,16.13,37727.50614,31225.90175,33400.94,
Coronel Martins,4204459,coronel martiense,MOACIR BRESOLIN,107.502,2065,19.21,99.3,0.696,43.48,14656.61154,11880.27774,20890.88,
Corup&aacute;,4204509,corupaense,LUIZ CARLOS TAMANINI,405.761,15034,37.05,99.1,0.780,-,49796.13103,45241.41475,42026.16,
Correia Pinto,4204558,correia-pintense,EDILSON GERMINIANI DOS SANTOS,647.388,15727,24.29,97.3,0.702,25.42,49068.56625,43569.86169,53416.00,
Crici&uacute;ma,4204608,criciumense,CL&Eacute;SIO SALVARO,234.865,214493,913.26,98.5,0.788,5.89,703723.40372,621037.95305,40518.91,
Cunha Por&atilde;,4204707,cunha-porense,LUZIA ILIANE VACARIN,220.099,10953,49.76,99.3,0.742,-,35063.83144,29558.26465,63324.88,
Cunhata&iacute;,4204756,cunhataiense,LUCIANO FRANZ,54.811,1968,35.91,100,0.754,-,14219.01694,11713.44732,29735.44,
Curitibanos,4204806,curitibanense,KLEBERSON LUCIANO LIMA,949.865,40045,42.16,97.7,0.721,6.22,118126.77901,98516.79951,40221.18,
Descanso,4204905,descansense,SADI INACIO BONAMIGO,287.057,8530,29.72,99.2,0.743,11.76,25165.99557,21816.50613,32499.66,
Dion&iacute;sio Cerqueira,4205001,cerqueirense,THYAGO WANDERLAN GNOATTO GON&Ccedil;ALVES,378.843,15008,39.62,96.6,0.706,4.81,49867.04394,40662.60333,31861.37,
Dona Emma,4205100,donemense,NERCI BARP,178.157,4221,23.69,98.1,0.742,-,17253.78731,15134.84505,32405.44,
Doutor Pedrinho,4205159,pedrinhense,HARTWIG PERSUHN,374.205,3637,9.72,98.4,0.716,29.41,16255.19045,13665.2484,31919.46,
Entre Rios,4205175,entrerriense,JO&Atilde;O MARIA ROQUE,103.888,3402,32.75,97.3,0.657,16.95,16037.74913,14029.89386,16910.22,
Ermo,4205191,ermense,PAULO DELLA VECCHIA,65.311,2269,34.74,97.9,0.726,-,15800.27991,12871.21219,58397.14,
Erval Velho,4205209,ervalhense,SEVERINO JAIME SCHMIDT,208.841,4885,23.39,97.5,0.723,21.28,21940.91739,18481.53544,34374.92,
Faxinal dos Guedes,4205308,faxinalense,GILBERTO ANGELO LAZZARI,340.070,11192,32.91,97.4,0.758,12.35,43334.60963,37805.33446,54350.88,
Flor do Sert&atilde;o,4205357,flor-sertanense,SIDNEI JOS&Eacute; WILLINGHOFER,58.457,1783,30.50,99.1,0.708,-,14271.80722,12136.83083,34724.50,
Florian&oacute;polis,4205407,florianopolitano,TOP&Aacute;ZIO SILVEIRA NETO,674.844,537213,796.06,98.4,0.847,7.78,1756259.96948,1706736.75298,41885.53,
Formosa do Sul,4205431,formoense do sul,JORGE ANTONIO COMUNELLO,100.408,2682,26.71,98.9,0.715,-,15782.57714,12813.40158,24384.91,
Forquilhinha,4205456,forquilhinhense,JOS&Eacute; CL&Aacute;UDIO GON&Ccedil;ALVES,183.351,31431,171.43,98.3,0.753,13.79,86374.73732,69721.59594,35971.52,
Fraiburgo,4205506,fraiburgense,WILSON RIBEIRO CARDOSO JUNIOR,549.188,33481,60.96,98.1,0.731,11.34,107350.47966,98842.93041,31471.88,
Frei Rog&eacute;rio,4205555,frei rogeriense,JAIR DA SILVA RIBEIRO,158.775,2411,15.19,100,0.682,-,15103.60225,13058.63276,36399.21,
Galv&atilde;o,4205605,galv&atilde;oense,ADMIR EDI DALLA CORT,139.836,3219,23.02,97.9,0.708,21.74,16373.30078,12934.94959,34227.92,
Garopaba,4205704,garopabense,JUNIOR DE ABREU BENTO,114.773,29959,261.03,99.6,0.753,8.8,81029.13081,66051.60978,29049.85,
Garuva,4205803,garuvense,RODRIGO ADRIANY DAVID,503.595,18556,36.85,98,0.725,7.14,61482.70192,52381.56681,75137.66,
Gaspar,4205902,gasparense,KLEBER&nbsp;EDSON WAN-DALL,386.616,72570,187.71,97.3,0.765,5.28,213043.05406,173394.2887,47336.15,
Governador Celso Ramos,4206009,gancheiro,MARCOS HENRIQUE DA SILVA,127.556,16915,132.61,97.9,0.747,20,63126.53452,61158.13659,26000.50,
Gr&atilde;o-Par&aacute;,4206108,gr&atilde;o-paraense,HELIO ALBERTON JUNIOR,334.362,6277,18.77,98.2,0.736,-,22721.07742,20996.33164,39952.10,
Gravatal,4206207,gravatalense,CLEINILS RODRIGUES DA SILVA,165.718,12435,75.04,98,0.757,-,31987.4202,30302.1947,24984.77,
Guabiruba,4206306,guabirubense,VALMIR ZIRKE,172.173,24543,142.55,97.6,0.754,14.12,60149.80898,54704.65203,41700.42,
Guaraciaba,4206405,guaraciabense,VANDECIR DORIGON,331.766,10796,32.54,99.4,0.751,8,33556.0147,31053.14597,39674.40,
Guaramirim,4206504,guaramirense,LUIS ANTONIO CHIODINI,267.514,46711,174.61,96.7,0.751,7.97,137189.83104,117869.45722,43971.16,
Guaruj&aacute; do Sul,4206603,guarujaense,CLAUDIO JUNIOR WESCHENFELDER,100.630,4829,47.99,98.2,0.730,-,20077.08146,18231.59653,34803.72,
Guatamb&uacute;,4206652,guatumbuense,LUIZ CL&Oacute;VIS DAL PIVA,206.196,8425,40.86,98.8,0.717,20.83,26504.64092,22205.47211,62476.41,
Herval d'Oeste,4206702,hervalense,MAURO SERGIO MARTINI,216.581,21724,100.30,97.4,0.758,3.51,67744.90122,54001.48607,23800.01,
Ibiam,4206751,ibianense,JOARES TREVISOL,146.009,2008,13.75,100,0.725,-,14887.92635,10784.39927,32053.03,
Ibicar&eacute;,4206801,ibicareense,GIANFRANCO VOLPATO,156.439,3269,20.90,98.4,0.708,-,18376.43282,13933.83812,39787.80,
Ibirama,4206900,ibiramense,ADRIANO POFFO,247.102,19862,80.38,98.8,0.737,-,53809.58638,49535.61244,25468.05,
I&ccedil;ara,4207007,i&ccedil;arense,DALVANIA PEREIRA CARDOSO,230.393,59035,256.24,96.4,0.741,13.23,192425.86622,165621.83995,48482.56,
Ilhota,4207106,ilhotense,ERICO DE OLIVEIRA,253.024,17046,67.37,97,0.738,10.99,48167.39707,44999.50183,51514.55,
Imaru&iacute;,4207205,imaruense,PATRICK CORR&Ecirc;A,542.238,11881,21.91,97.5,0.667,8.4,29037.27384,24905.13165,23847.12,
Imbituba,4207304,imbitubense,ROSENVALDO DA SILVA JUNIOR,181.577,52581,289.58,99.1,0.765,9.79,136373.94408,119366.91981,47432.32,
Imbuia,4207403,imbuiense,DENY SCHEIDT,119.113,5982,50.22,99.7,0.713,12.99,20957.89546,17968.21041,34084.94,
Indaial,4207502,indaialense,ANDRE LUIZ MOSER,430.799,71549,166.08,98.1,0.777,6.55,233805.1009,205258.96271,44128.41,
Iomer&ecirc;,4207577,iomerense,LUCI PERETTI,113.986,2877,25.24,100,0.795,-,20998.82684,18385.95905,62711.29,
Ipira,4207601,ipirense,MARCELO BALDISSERA,155.651,4578,29.41,99.5,0.736,-,22219.22501,20119.06648,22203.50,
Ipor&atilde; do Oeste,4207650,ipor&atilde;-oestino,AD&Eacute;LIO MARX,200.960,9333,46.44,98.8,0.759,-,30474.27552,24132.09966,36096.57,
Ipua&ccedil;u,4207684,ipua&ccedil;uense,CLORI PEROZA,261.081,7501,28.73,95.7,0.660,15.75,27612.92416,23454.01088,36593.77,
Ipumirim,4207700,ipumiriense,HILARIO REFFATTI,245.921,7816,31.78,99.7,0.738,-,33186.87361,28318.2081,52357.94,
Iraceminha,4207759,iraceminhense,JEAN CARLOS NYLAND,165.147,3986,24.14,98.9,0.722,54.05,18408.61074,16140.9748,28439.94,
Irani,4207809,iraniense,VANDERLEI CANCI,325.862,10195,31.29,98.2,0.742,8.33,34299.92617,29572.67379,25678.23,
Irati,4207858,iratiense,NEURI MEURER,77.912,2069,26.56,97.8,0.707,-,13837.81296,11338.18546,24376.20,
Irine&oacute;polis,4207908,irineopolitense,LADEMIR FERNANDO ARCARI,589.698,10285,17.44,97.5,0.699,15.87,34406.61307,30706.09521,34526.55,
It&aacute;,4208005,itaense,CLEMOR ANT&Ocirc;NIO BATTISTI,166.265,7067,42.50,98.4,0.771,13.51,47396.96589,39171.80972,61080.80,
Itai&oacute;polis,4208104,itaiopolense,MOZART JOS&Eacute; MYCZKOWSKI,1297.543,22051,16.99,97.3,0.708,9.84,68222.75025,56506.58378,39291.00,
Itaja&iacute;,4208203,itajaiense,VOLNEI JOSE MORASTONI,289.215,264054,913.00,97.9,0.795,10.88,1379945.86986,1131925.77303,148284.92,
Itapema,4208302,itapemense,NILZA NILDA SIMAS,58.210,75940,1304.59,98,0.796,6.12,205178.77574,178203.81614,35730.51,
Itapiranga,4208401,itapiranguense,ALEXANDRE GOMES RIBAS,281.782,16638,59.05,99.8,0.775,8.81,65866.43736,57385.24181,55611.34,
Itapo&aacute;,4208450,itapoaense,JEFERSON RUBENS GARCIA,245.394,30750,125.31,98.7,0.761,15.72,107481.66677,84940.55029,53821.06,
Ituporanga,4208500,ituporanguense,GERV&Aacute;SIO JOS&Eacute; MACIEL,336.588,26525,78.81,98,0.748,18.32,70048.27196,66529.55611,43773.44,
Jabor&aacute;,4208609,jaboraense,CLEVSON RODRIGO FREITAS,182.483,4310,23.62,99.6,0.732,18.52,21618.54658,18606.17917,41224.04,
Jacinto Machado,4208708,jacinto-machadense,JO&Atilde;O BATISTA MEZZARI,430.704,10624,24.67,98.3,0.716,-,30989.60065,26612.95503,43845.99,
Jaguaruna,4208807,jaguarunense,LAERTE SILVA DOS SANTOS,326.362,20375,62.43,97.3,0.721,3.98,58795.69551,51809.06821,40101.96,
Jaragu&aacute; do Sul,4208906,jaraguaense,ANTIDIO ALEIXO LUNELLI,530.894,182660,344.06,98.3,0.803,10.76,808446.41603,641960.81833,55108.89,
Jardin&oacute;polis,4208955,jardinopolense,MAURO FRANCISCO RISSO,68.499,1776,25.93,100,0.709,-,14362.87157,12431.38011,38423.08,
Joa&ccedil;aba,4209003,joa&ccedil;abense,DIOCL&Eacute;SIO RAGNINI,241.637,30146,124.76,99.8,0.827,10.87,162503.71353,125903.66016,64260.58,
Joinville,4209102,joinvilense,ADRIANO BORNSCHEIN SILVA,1127.947,616323,546.41,97.3,0.809,7.6,2280394.17065,1907863.93556,60890.86,
Jos&eacute; Boiteux,4209151,jos&eacute;-boatense,ADAIR ANT&Ocirc;NIO STOLLMEIER,405.552,5985,14.76,98.3,0.694,9.17,18566.4162,16617.45863,23451.33,
Jupi&aacute;,4209177,jupiaense,VALDELIRIO LOCATELLI DA CRUZ,91.448,2546,27.84,99.1,0.719,34.48,14428.39551,13290.83971,33302.69,
Lacerd&oacute;polis,4209201,lacerdopolitano,S&Eacute;RGIO LUIZ CALEGARI,69.036,2248,32.56,99.6,0.781,-,16164.44781,12446.04593,61442.18,
Lages,4209300,lageano,ANTONIO CERON,2637.660,164981,62.55,97.3,0.770,14.45,575551.53174,512302.59652,37369.21,
Laguna,4209409,lagunense,SAMIR AZMI IBRAHIM MUHAMMAD AHMAD,333.260,42785,128.38,97.7,0.752,16.17,104264.20968,89404.36581,20877.14,
Lajeado Grande,4209458,lajeado grandense,ANDERSON ELIAS BIANCHI,65.348,1702,26.05,96,0.771,-,14434.86615,11679.26369,42970.57,
Laurentino,4209508,laurentinense,MARCELO TADEO ROCHA,79.333,7932,99.98,97.6,0.749,25.32,21516.57982,19144.86525,47739.96,
Lauro M&uuml;ller,4209607,lauro-milense,SAIONARA CORREA DE CARVALHO BORA,271.852,14381,52.90,98.7,0.735,20.73,48149.15327,39798.0847,26925.99,
Lebon R&eacute;gis,4209706,lebon-regense,DOUGLAS FERNANDO DE MELLO,941.640,11472,12.18,95.3,0.649,5.41,31201.34049,28189.6684,30207.77,
Leoberto Leal,4209805,leobertense,VITOR NORBERTO ALVES,293.600,3330,11.34,98.9,0.686,-,18430.06956,14444.07807,39958.69,
Lind&oacute;ia do Sul,4209854,lindoiense,NEUDI ANGELO BERTOL,190.171,4549,23.92,98.1,0.743,23.26,21379.60944,19098.27909,30621.22,
Lontras,4209904,lontrense,MARCIONEI HILLESHEIM,197.586,12873,65.15,98.5,0.704,6.1,34911.74787,31455.23079,32083.57,
Luiz Alves,4210001,luizalvense ou  luiz-alvense,MARCOS PEDRO VEBER,260.106,11684,44.92,96.7,0.737,15.54,40462.30721,37693.46593,45245.79,
Luzerna,4210035,luzernense,JULIANO SCHNEIDER,117.099,5794,49.48,99.6,0.789,19.61,22748.07107,20995.13241,41925.09,
Macieira,4210050,macieirense,EDGARD FARINON,261.208,1778,6.81,94.1,0.662,50,16898.81635,12155.48075,31091.57,
Mafra,4210100,mafrense,EMERSON MAAS,1404.084,55286,39.38,98.9,0.777,11.19,161520.25749,152602.60809,37248.38,
Major Gercino,4210209,majorense,VALMOR PEDRO KAMMERS,306.058,3214,10.50,98,0.698,-,16005.98134,13167.17079,15603.51,
Major Vieira,4210308,major-vieirense,ADILSON LISCZKOVSKI,520.816,7425,14.26,97.8,0.690,-,25682.92897,22863.99753,29576.35,
Maracaj&aacute;,4210407,maracajaense,ANIBAL BRAMBILA,62.902,7815,124.24,98.5,0.768,18.02,26510.31108,19972.7533,30083.40,
Maravilha,4210506,maravilhense,SANDRO DONATI,170.339,28251,165.85,97.7,0.781,10.47,78792.35176,71206.14695,61755.28,
Marema,4210555,maremense,MAURI DAL BELLO,104.184,2184,20.96,100,0.743,-,16890.71302,13564.65893,43484.85,
Massaranduba,4210605,massarandubense,ARMINDO SESAR TASSI,374.459,17162,45.83,98.4,0.774,15.08,52549.62547,44945.87386,37956.66,
Matos Costa,4210704,matos-costense,PAULO BUENO DE CAMARGO,435.391,2761,6.34,98.4,0.657,-,15413.61125,13187.44831,20807.65,
Meleiro,4210803,meleirense,EDER MATTOS,186.439,7006,37.58,99.7,0.738,23.81,27810.51353,23489.44674,38969.74,
Mirim Doce,4210852,mirindocense,BERNARDO PERON,337.991,2498,7.39,96.7,0.708,34.48,15886.87224,12986.45291,32778.84,
Modelo,4210902,modelense,DIRCEU SILVEIRA,92.346,4080,44.18,100,0.760,-,19594.15261,17292.31618,31766.54,
Monda&iacute;,4211009,mondaiense,VALDIR RUBERT,200.276,10066,50.26,96.1,0.748,25.64,37040.34872,31547.52135,73494.72,
Monte Carlo,4211058,montecarlense,SONIA SALETE VEDOVATTO,191.278,9117,47.66,98.6,0.643,-,29146.11483,26489.69232,19666.55,
Monte Castelo,4211108,monte-castelense,JEAN CARLO MEDEIROS DE SOUZA,560.743,7736,13.80,98.4,0.675,-,27978.39671,24319.18243,24344.22,
Morro da Fuma&ccedil;a,4211207,fumacense,AGENOR CORAL,82.818,18537,223.83,98.1,0.738,14.02,56492.5525,50480.1653,39463.16,
Morro Grande,4211256,morrograndense,CLELIO DANIEL OLIVO,260.143,3010,11.57,100,0.701,27.78,20181.7163,16756.22344,39796.15,
Navegantes,4211306,navegantino,LIBARDONI LAURO CLAUDINO FRONZA,111.377,86401,775.75,97.4,0.736,11.3,287994.21413,231927.20379,59445.85,
Nova Erechim,4211405,nova-erechinense,EDILSON FERLA,65.087,5155,79.20,99.5,0.765,15.63,21429.88051,19818.14707,42413.42,
Nova Itaberaba,4211454,nova itaberadense,IVANIR JOS&Eacute; POSSEBON,137.388,4536,33.02,98.4,0.736,-,20942.24499,17179.67738,33497.97,
Nova Trento,4211504,nova-trentino,TIAGO DALSASSO,402.852,13727,34.07,99.1,0.748,-,49970.35577,41708.38121,42368.54,
Nova Veneza,4211603,veneziano,ROG&Eacute;RIO JOS&Eacute; FRIGO,295.061,13664,46.31,99.4,0.768,-,50410.50513,39360.50902,52808.65,
Novo Horizonte,4211652,novo-horizontino,VANDERLEI SANAGIOTTO,151.722,2650,17.47,100,0.706,-,18038.75607,14013.75006,47535.88,
Orleans,4211702,orleanense,JORGE LUIZ KOCH,549.859,23661,43.03,98.1,0.755,15.06,73129.79585,61961.55289,42445.72,
Otac&iacute;lio Costa,4211751,otaciliense,FABIANO BALDESSAR DE SOUZA,847.253,17312,20.43,96,0.740,17.02,69082.7967,63145.38915,45016.06,
Ouro,4211801,ourense,CLAUDIR DUARTE,213.543,7032,32.93,98.8,0.774,-,24254.83489,21643.47305,29781.21,
Ouro Verde,4211850,ouro-verdense,MOACIR MOTTIN,188.568,2181,11.57,98.1,0.695,-,16358.05537,13906.44042,53495.48,
Paial,4211876,paialense,NEVIO ANTONIO MORTARI,86.048,1927,22.39,100,0.718,-,14364.45739,12364.18041,32292.49,
Painel,4211892,painelense,ANTONIO MARCOS CAVALHEIRO FLORES,738.331,2215,3.00,97.4,0.664,-,13634.35362,12125.85279,28231.47,
Palho&ccedil;a,4211900,palhocense,EDUARDO FRECCIA,394.850,222598,563.75,97.6,0.757,10.64,502990.731,418845.2173,37261.15,
Palma Sola,4212007,palma-solense,CLEOMAR JOSE MANTELLI,330.878,7605,22.98,98.7,0.704,8.77,25325.29365,22259.39207,34010.75,
Palmeira,4212056,palmeirense,FERNANDA DE SOUZA C&Oacute;RDOVA,289.097,2561,8.86,92.8,0.671,32.26,16417.29698,13466.0168,48263.86,
Palmitos,4212106,palmitense,DAIR JOCELY ENGE,351.051,15626,44.51,99,0.737,13.61,45416.9238,33335.82446,47163.53,
Papanduva,4212205,papanduvense,LUIZ HENRIQUE SALIBA,764.737,19150,25.04,98.1,0.704,13.47,61529.7736,48335.32363,37403.67,
Para&iacute;so,4212239,paraisense,MARLENE FURLAN GIACOMINI,180.338,4267,23.66,100,0.700,-,17348.56201,14622.955,40355.88,
Passo de Torres,4212254,passo-torrense / passotorrense,VALMIR AUGUSTO RODRIGUES,92.638,12897,139.22,97.5,0.720,-,27020.22323,25393.92253,22261.17,
Passos Maia,4212270,passosmaiense,OSMAR TOZZO,617.092,4034,6.54,96.8,0.659,-,21382.18443,18846.31288,35526.63,
Paulo Lopes,4212304,paulo-lopense,NADIR CARLOS RODRIGUES,446.165,9066,20.32,98.9,0.716,12.05,23326.99996,20073.3865,30073.78,
Pedras Grandes,4212403,pedras-grandense,AGNALDO FILIPPI,159.891,4245,26.55,98.8,0.728,26.32,18908.78163,15950.92661,54543.18,
Penha,4212502,penhense,AQUILES JOS&Eacute; SCHNEIDER DA COSTA,57.752,33663,582.89,97.6,0.743,14.53,84016.70992,71239.63086,27429.18,
Peritiba,4212601,peritibense,PAULO JOS&Eacute; DEITOS,96.168,2992,31.11,98.5,0.766,-,16537.81183,14667.92564,38331.95,
Pescaria Brava,4212650,bravense,DEYVISONN DA SILVA DE SOUZA,106.853,10190,95.36,-,-,37.38,21004.81365,20922.82171,10600.01,
Petrol&acirc;ndia,4212700,petrolandense,IRONE DUARTE,306.760,6716,21.89,99.3,0.716,13.16,19738.85339,17133.3036,31888.83,
Balne&aacute;rio Pi&ccedil;arras,4212809,pi&ccedil;arrense,TIAGO MACIEL BALTT,99.355,27127,273.03,95.5,0.756,12.12,99756.12291,94787.65522,51408.62,
Pinhalzinho,4212908,pinhalense,M&Aacute;RIO AFONSO WOITEXEM,128.726,21972,170.69,99.2,0.783,6.12,67857.62734,53171.00032,64994.86,
Pinheiro Preto,4213005,pinheirense,GILBERTO CHIARANI,61.011,3473,56.92,100,0.777,-,23072.072,16377.79176,63870.82,
Piratuba,4213104,piratubense,OLMIR PAULINHO BENJAMINI,146.088,5769,39.49,99.7,0.758,-,38926.90105,33475.17606,198923.18,
Planalto Alegre,4213153,planaltoalegrense,SADI DALLACORTTE,63.100,2946,46.69,100,0.751,28.57,15626.61464,13556.33589,39960.88,
Pomerode,4213203,pomerodense,&Eacute;RCIO KRIEK,214.299,34263,159.88,98.7,0.780,6.73,148802.04264,117942.26377,64601.95,
Ponte Alta,4213302,ponte-altense,EDSON JULIO WOLINGER,575.170,4437,7.71,98.4,0.673,16.39,18624.92681,16903.18891,31408.08,
Ponte Alta do Norte,4213351,norte pontealtense,ARI ALVES WOLINGER,396.882,3210,8.09,97.9,0.689,-,17274.83442,14934.09681,40446.70,
Ponte Serrada,4213401,ponte-serradense,ALCEU ALBERTO WRUBEL,560.731,10649,18.99,98.4,0.693,24.24,35743.20489,31938.63185,21484.27,
Porto Belo,4213500,porto-belense,JOEL ORLANDO LUCINDA,93.673,27688,295.58,97.4,0.760,12.23,88175.33465,87629.07058,60832.87,
Porto Uni&atilde;o,4213609,porto-unionense,ELISEU MIBACH,848.779,32970,38.84,98.2,0.786,13.12,92239.98479,73095.94812,25711.99,
Pouso Redondo,4213708,pouso-redondense,RAFAEL NEITZKE TAMBOSI,356.539,17125,48.03,98.6,0.720,7.58,44048.98316,35976.29819,36355.86,
Praia Grande,4213807,praia-grandense,ELISANDRO PEREIRA MACHADO,284.360,8270,29.08,99,0.718,18.87,23340.64171,22606.90798,26019.03,
Presidente Castello Branco,4213906,castelinense,NEIVA KLEEMANN TONIELO,65.433,1689,25.81,100,0.770,-,14847.57213,12616.39218,45756.62,
Presidente Get&uacute;lio,4214003,getulense,NELSON VIRTUOSO,297.160,20010,67.34,98,0.759,3.58,58373.51312,50677.30949,43704.54,
Presidente Nereu,4214102,nereusense,CELSO AUGUSTO VIEIRA,224.748,2301,10.24,99.4,0.737,41.67,13782.12079,11969.07635,25271.21,
Princesa,4214151,princesense,EDILSON MIGUEL VOLKWEIS,85.598,2964,34.63,99.3,0.706,-,15792.07106,12920.07501,35754.71,
Quilombo,4214201,quilombense,SILVANO DE PARIZ,278.983,10937,39.20,97.3,0.730,6.29,35055.52607,28762.12991,41404.37,
Rancho Queimado,4214300,rancho-queimadense,CLECI APARECIDA VERONEZI,286.461,3279,11.45,98.4,0.753,-,20768.21851,17228.51087,50535.12,
Rio das Antas,4214409,rio-antense,JO&Atilde;O CARLOS MUNARETTO,314.913,6253,19.86,97.1,0.697,13.7,30074.74763,25367.17787,41276.80,
Rio do Campo,4214508,rio-campense,VIDAL BALAK,502.095,6452,12.85,99.3,0.729,14.08,24484.85252,21644.21985,31196.33,
Rio do Oeste,4214607,riense-do-oeste,ARNILDO FERRARI,245.057,7747,31.61,97.6,0.754,25.32,24157.26559,20947.5863,31425.12,
Rio dos Cedros,4214706,rio-cedrense,JORGE LUIZ STOLF,555.473,10865,19.56,96.4,0.729,9.26,32465.93393,29312.47717,33023.68,
Rio do Sul,4214805,rio-sulense,JOS&Eacute; EDUARDO ROTHBARTH THOME,260.817,72587,278.31,96.5,0.802,2.24,290917.28543,245030.2421,43266.93,
Rio Fortuna,4214904,rio-fortunense,NERI VANDRESEN,302.390,4847,16.03,99,0.806,-,20333.81453,17007.4537,49289.41,
Rio Negrinho,4215000,rio-negrinhense,CAIO CESAR TREML,907.420,39258,43.26,97.9,0.738,3.66,147154.20143,126339.57124,32682.50,
Rio Rufino,4215059,rio rufinense,ERLON TANCREDO COSTA,282.571,2397,8.48,99.2,0.653,-,13452.27329,12505.59342,27233.44,
Riqueza,4215075,riquezense,RENALDO MUELLER,191.061,4768,24.96,98.5,0.714,-,18827.63135,15857.88328,27974.27,
Rodeio,4215109,rodeiense,VALCIR FERRARI,129.001,12757,98.89,96.5,0.754,-,32644.52607,29253.37558,28012.89,
Romel&acirc;ndia,4215208,romelandino,JUAREZ FURTADO,223.333,4823,21.60,97.8,0.692,-,18501.4117,15642.14234,22600.68,
Salete,4215307,saletense,SOLANGE APARECIDA BITENCOURT SCHLICHTING,177.887,7489,42.10,98.7,0.744,12.66,28313.98905,22924.5047,37975.03,
Saltinho,4215356,saltinhense,EDIMAR NORONHA DE FREITAS,156.568,3632,23.20,98.6,0.654,-,16825.64182,13817.05856,21415.22,
Salto Veloso,4215406,velosoense,NEREU BORGA,104.531,4390,42.00,98.4,0.784,40,26928.36638,19736.54318,50294.20,
Sang&atilde;o,4215455,sang&atilde;oense,CASTILHO SILVANO VIEIRA,82.984,12882,155.23,94.9,0.700,6.21,29975.75289,26280.59511,28094.47,
Santa Cec&iacute;lia,4215505,ceciliense,ALESSANDRA APARECIDA GARCIA,1145.845,15546,13.57,96.8,0.698,22.06,45468.42769,39261.38131,32217.95,
Santa Helena,4215554,santaelenense,BL&Aacute;SIO IVO HICKMANN,81.004,2425,29.94,100,0.727,-,15260.68499,12867.97344,41862.51,
Santa Rosa de Lima,4215604,rosa-limense,SALESIO WIEMES,203.218,2088,10.27,97.7,0.757,41.67,14157.9037,12161.8533,30252.72,
Santa Rosa do Sul,4215653,sul-santarrosense,ALMIDES ROBERG SILVA DA ROSA,150.299,9792,65.15,99.2,0.705,10.2,24545.7251,21330.1125,18227.11,
Santa Terezinha,4215679,terezinhense,GENIR ANTONIO JUNCKES,715.551,8066,11.27,97.4,0.669,24.69,23082.21733,19744.50878,21981.93,
Santa Terezinha do Progresso,4215687,terezinhano,MARCIA DETOFOL,119.653,2576,21.53,98.5,0.682,-,14521.79989,12075.17282,24562.16,
Santiago do Sul,4215695,santiaguense,JULCIMAR ANTONIO LORENZETTI,73.335,1651,22.51,99,0.728,-,13625.60648,11501.48882,31204.25,
Santo Amaro da Imperatriz,4215703,santo-amarense,RICARDO LAURO DA COSTA,344.235,27272,79.22,99,0.781,6.85,73618.91011,57194.44914,43792.08,
S&atilde;o Bernardino,4215752,bernardinense,DALVIR LUIZ LUDWIG,149.891,2684,17.91,99.4,0.677,-,16136.16325,12286.44363,34277.97,
S&atilde;o Bento do Sul,4215802,s&atilde;o-bentense,ANTONIO JOAQUIM TOMAZINI FILHO,495.772,83275,167.97,97.8,0.782,8.4,319781.80324,249738.46544,42665.85,
S&atilde;o Bonif&aacute;cio,4215901,s&atilde;o-bonifacense,LAURINO PETERS,461.438,2946,6.38,98.9,0.731,28.57,15057.78888,12449.5373,28853.92,
S&atilde;o Carlos,4216008,s&atilde;o-carlense,RUDI MIGUEL SANDER,162.120,10282,63.42,98.9,0.769,7.69,34842.10711,29454.84137,38679.19,
S&atilde;o Crist&oacute;v&atilde;o do Sul,4216057,s&atilde;o-cristovense,ILSE AMELIA LEOBET,345.903,6084,17.59,97.3,0.665,-,24275.55465,20088.08828,28774.09,
S&atilde;o Domingos,4216107,dominguense,M&Aacute;RCIO LUIZ BIGOLIN GROSBELLI,367.525,9226,25.10,98.2,0.765,-,30626.61856,31583.24958,35929.40,
S&atilde;o Francisco do Sul,4216206,francisquense,GODOFREDO GOMES MOREIRA FILHO,493.266,52674,106.79,98.5,0.762,12.12,256943.68179,212928.61372,88536.78,
S&atilde;o Jo&atilde;o do Oeste,4216255,s&atilde;o-joanense,GEN&Eacute;SIO MARINO ANTON,163.747,6295,38.44,100,0.761,-,26643.30992,21573.06886,49454.37,
S&atilde;o Jo&atilde;o Batista,4216305,batistense,PEDRO ALFREDO RAMOS,200.765,32687,162.81,94.9,0.740,8.44,88240.97724,78044.26498,22870.82,
S&atilde;o Jo&atilde;o do Itaperi&uacute;,4216354,itaperiuense,CL&Eacute;ZIO JOS&Eacute; FORTUNATO,151.885,4463,29.38,98.6,0.738,-,16776.90258,13556.74816,64366.61,
S&atilde;o Jo&atilde;o do Sul,4216404,jo&atilde;o-sulense,MOACIR FRANCISCO TEIXEIRA,184.375,8668,47.01,98.3,0.695,18.02,24742.82617,21870.67511,32637.21,
S&atilde;o Joaquim,4216503,joaquinense,GIOVANI NUNES,1888.634,25939,13.73,95.7,0.687,14.81,62821.89566,52838.1786,33819.52,
S&atilde;o Jos&eacute;,4216602,josefense,ORVINO COELHO DE &Aacute;VILA,150.499,270295,1795.99,97.5,0.809,7.17,688207.81013,561868.82752,45979.27,
S&atilde;o Jos&eacute; do Cedro,4216701,cedrense,JO&Atilde;O LUIZ DE ANDRADE,280.760,14167,50.46,98.9,0.731,6.06,45703.47422,41185.34083,35163.81,
S&atilde;o Jos&eacute; do Cerrito,4216800,cerritense,JOS&Eacute; DIRCEU DA SILVA,948.714,8708,9.18,96.8,0.636,62.5,21741.07006,17931.25061,23751.33,
S&atilde;o Louren&ccedil;o do Oeste,4216909,lourencense ou lourenciano,RAFAEL CALEFFI,356.193,24785,69.58,99,0.749,21.21,75054.9234,65088.35366,49081.82,
S&atilde;o Ludgero,4217006,s&atilde;o-ludgerense,IBANEIS LEMBECK,106.765,13509,126.53,99.1,0.755,5.26,44746.1582,38720.47623,56583.77,
S&atilde;o Martinho,4217105,s&atilde;o-martinhense,ROBSON JEAN BACK,224.566,3405,15.16,96.6,0.742,-,15738.08556,13278.6677,28258.76,
S&atilde;o Miguel da Boa Vista,4217154,boa-vistense,VANDERLEI BONALDO,72.755,1781,24.48,98.5,0.710,-,12912.24275,10033.10581,26311.51,
S&atilde;o Miguel do Oeste,4217204,miguel-oestino,WILSON TREVISAN,234.202,44330,189.28,97.7,0.801,1.92,113719.2263,99566.71635,44307.29,
S&atilde;o Pedro de Alc&acirc;ntara,4217253,alcantarense,CHARLES DA CUNHA,139.196,5776,41.50,98.4,0.734,-,20983.38335,15793.09964,15695.37,
Saudades,4217303,saudadense,MACIEL SCHNEIDER,205.781,10265,49.88,99.4,0.755,-,31304.32911,26134.38535,41967.55,
Schroeder,4217402,cheredense,FELIPE VOIGT,165.237,20061,121.41,98.2,0.769,10.38,56242.35926,50533.50149,27669.05,
Seara,4217501,searaense,EDEMILSON CANALE,309.627,18620,60.14,98.6,0.779,15.04,61699.35965,51631.85432,57742.39,
Serra Alta,4217550,serra-altense,RAFA&Eacute;L MARIN,90.564,3303,36.47,100,0.773,-,17519.78149,13463.33265,29949.81,
Sider&oacute;polis,4217600,sideropolitano,ANGELO FRANQUI SALVARO,262.004,13714,52.34,99.4,0.774,37.5,41139.09289,36415.00879,43656.47,
Sombrio,4217709,sombriense,GISLANE DIAS DA CUNHA,143.457,29991,209.06,97.6,0.728,9.5,77993.83065,67460.6467,25497.26,
Sul Brasil,4217758,sul brasilense,MAUR&Iacute;LIO OSTROSKI,113.125,2832,25.03,99.3,0.707,-,15939.47743,13757.4425,31068.44,
Tai&oacute;,4217808,taioense,HORST ALEXANDRE PURNHAGEN,693.847,18318,26.40,97.4,0.761,-,62033.04349,53065.5398,38882.18,
Tangar&aacute;,4217907,tangaraense,ALDAIR BIASIOLO,390.044,8143,20.88,98.4,0.737,19.8,36491.60208,31989.71439,55252.20,
Tigrinhos,4217956,tigrinhense,DERLI ANTONIO DE OLIVEIRA,56.962,2329,40.89,100,0.717,33.33,14266.75239,11312.26569,31232.16,
Tijucas,4218004,tijuquense,ELOI MARIANO ROCHA,279.159,51592,184.81,96.5,0.760,8.97,132110.39115,105594.9555,48369.17,
Timb&eacute; do Sul,4218103,timbeense,ROBERTO BIAVA,328.507,5386,16.40,98.3,0.720,-,20244.02936,18328.01182,26685.31,
Timb&oacute;,4218202,timboense,JORGE AUGUSTO KRUGER,128.313,46099,359.27,98.2,0.784,4.3,160097.79072,133326.23791,46530.28,
Timb&oacute; Grande,4218251,timb&oacute;-grandense,VALDIR CARDOSO DOS SANTOS,596.344,7342,12.31,95.2,0.659,18.52,27351.51869,23594.77281,27329.41,
Tr&ecirc;s Barras,4218301,tr&ecirc;s-barrense,LUIZ DIVONSIR SHIMOGUIRI,436.496,19746,45.24,96.2,0.706,13.51,78178.11955,61047.0709,67414.17,
Treviso,4218350,trevisano,VAL&Eacute;RIO MORETTI,156.610,3689,23.56,99.8,0.774,-,27995.78356,24141.89305,61845.38,
Treze de Maio,4218400,treze-maioense,JAILSO BARDINI,159.833,7362,46.06,97.1,0.729,12.99,22852.77752,19646.33073,23523.56,
Treze T&iacute;lias,4218509,treze-tiliense,RUDI OHLWEILER,185.937,8787,47.26,97.7,0.795,-,37420.01471,33296.89885,96747.64,
Trombudo Central,4218608,trombudense,GEOVANA GESSNER,109.648,7274,66.34,99.7,0.775,-,26136.91097,22786.29001,42058.25,
Tubar&atilde;o,4218707,tubaronense,JOARES CARLOS PONTICELLI,301.485,110088,365.15,98.8,0.796,2.96,253879.45068,231612.22148,37995.67,
Tun&aacute;polis,4218756,tunapolitano,MARINO JOSE FREY,132.939,4916,36.98,99.4,0.752,35.09,21907.21804,18326.33885,38023.18,
Turvo,4218806,turvense,SANDRO CIRIMBELLI,235.104,13043,55.48,98.5,0.740,12.27,43294.02102,38027.56399,49618.15,
Uni&atilde;o do Oeste,4218855,uni&atilde;o-oestense,VALMOR GOLO,92.857,2774,29.87,100,0.705,-,16893.95014,13338.49799,31753.56,
Urubici,4218905,urubiciense,MARIZA COSTA,1021.371,10834,10.61,96.7,0.694,9.62,32895.54189,29464.78888,29164.99,
Urupema,4218954,urupemense,EVANDRO FRIGO PEREIRA,350.472,2656,7.58,99.7,0.699,-,13946.19337,13042.91425,30738.90,
Urussanga,4219002,urussanguense,LUIS GUSTAVO CANCELLIER,254.954,20919,82.05,97.6,0.772,10.7,71367.07141,62542.54673,42812.27,
Varge&atilde;o,4219101,vargeonense,VOLMIR FELIPE,166.685,3634,21.80,94,0.686,24.39,20817.81233,18305.95992,46743.53,
Vargem,4219150,vargense,MILENA ANDERSEN LOPES BECHER,350.606,2627,7.49,98.9,0.629,-,17152.11081,13510.60694,26463.66,
Vargem Bonita,4219176,vargembonitense,ROSAMARCIA HETKOWSKI ROMAN,299.807,4576,15.26,99.3,0.718,-,28146.3487,21808.81622,116313.83,
Vidal Ramos,4219200,vidal-ramense,NELSON BACK,346.932,6189,17.84,99.3,0.700,33.33,27543.11648,24119.99426,51011.65,
Videira,4219309,videirense,DORIVAL CARLOS BORGA,384.127,55466,144.39,96.9,0.764,11.04,211656.37499,165215.84811,55351.47,
Vitor Meireles,4219358,vitor-meirelense,BENTO FRANCISCO SILVY,370.414,5370,14.50,96.9,0.673,12.35,18826.80997,16858.27609,26033.10,
Witmarsum,4219408,witmarsumense,CESAR PANINI,153.776,4255,27.67,98.1,0.710,15.15,17129.14123,14766.17269,35935.74,
Xanxer&ecirc;,4219507,xanxerense,OSCAR MARTARELLO,377.426,51607,136.73,98.6,0.775,8.57,123285.85526,113122.01433,42322.34,
Xavantina,4219606,xavantinense,LUCIANO ANTONIO ALTENHOFEN,218.032,3653,16.75,99.4,0.749,-,22896.89996,19119.64225,44986.58,
Xaxim,4219705,xaxiense,EDILSON ANTONIO FOLLE,293.628,31918,108.70,96.4,0.752,18.07,85997.07298,70477.21407,38235.08,
Zort&eacute;a,4219853,zorteense,ROSANE ANTUNES PIRES INFELD,190.179,3930,20.66,98.9,0.761,-,18213.23233,16591.3106,24088.11,
Balne&aacute;rio Rinc&atilde;o,4220000,balneo-rinconense,JAIRO CELOY CUST&Oacute;DIO,63.420,15981,251.99,-,-,5.13,42067.44878,35955.44359,20891.76,

<table class="fontes-container"><tr><th>Notas:</th></tr><tr><td>Escolariza&ccedil;&atilde;o <span>6 a 14 anos</span>: [população residente no município de 6 a 14 anos de idade matriculada no ensino regular/total de população residente no município de 6 a 14 anos de idade] x 100</td></tr><tr><th>Fontes:</th></tr><tr><td>Área Territorial: Área territorial brasileira 2022. Rio de Janeiro: IBGE, 2023</td></tr><tr><td>População residente: Censo 2022: População e Domicílios - Primeiros Resultados</td></tr><tr><td>Densidade demogr&aacute;fica: Censo 2022: População e Domicílios - Primeiros Resultados</td></tr><tr><td>Escolariza&ccedil;&atilde;o <span>6 a 14 anos</span>: IBGE, Censo Demográfico 2010</td></tr><tr><td>IDHM <span>&Iacute;ndice de desenvolvimento humano municipal</span>: Programa das Nações Unidas para o Desenvolvimento - PNUD</td></tr><tr><td>Mortalidade infantil: Ministério da Saúde, Departamento de Informática do Sistema Único de Saúde - DATASUS 2017</td></tr><tr><td>Receitas realizadas: Contas anuais. Receitas orçamentárias realizadas (Anexo I-C) 2017 e Despesas orçamentárias empenhadas (Anexo I-D) 2017. In: Brasil. Secretaria do Tesouro Nacional, Siconfi: Sistema de Informações Contábeis e Fiscais do Setor Público Brasileiro. Brasília, DF, [2018]. Disponível em: https://siconfi.tesouro.gov.br/siconfi/pages/public/consulta_finbra/finbra_list.jsf. Acesso em: set. 2018</td></tr><tr><td>Despesas empenhadas: Contas anuais. Receitas orçamentárias realizadas (Anexo I-C) 2017 e Despesas orçamentárias empenhadas (Anexo I-D) 2017. In: Brasil. Secretaria do Tesouro Nacional, Siconfi: Sistema de Informações Contábeis e Fiscais do Setor Público Brasileiro. Brasília, DF, [2018]. Disponível em: https://siconfi.tesouro.gov.br/siconfi/pages/public/consulta_finbra/finbra_list.jsf. Acesso em: set. 2018</td></tr><tr><td>PIB per capita: IBGE, em parceria com os Órgãos Estaduais de Estatística, Secretarias Estaduais de Governo e Superintendência da Zona Franca de Manaus - SUFRAMA</td></tr></table>