Goi&aacute;s | Todos os Munic&iacute;pios
Munic&iacute;pio [-],C&oacute;digo [-],Gent&iacute;lico [-],Prefeito [2021],&Aacute;rea Territorial - km&sup2; [2022],Popula&ccedil;&atilde;o residente - pessoas [2022],Densidade demogr&aacute;fica - hab/km&sup2; [2022],Escolariza&ccedil;&atilde;o &lt;span&gt;6 a 14 anos&lt;/span&gt; - % [2010],IDHM &lt;span&gt;&Iacute;ndice de desenvolvimento humano municipal&lt;/span&gt; [2010],Mortalidade infantil - &oacute;bitos por mil nascidos vivos [2020],Receitas realizadas - R$ (&times;1000) [2017],Despesas empenhadas - R$ (&times;1000) [2017],PIB per capita - R$ [2020],
Abadia de Goi&aacute;s,5200050,abadiense,WANDER SARAIVA DE CARVALHO,143.357,19128,133.43,97.2,0.708,11.81,35644.53804,30190.8877,31181.96,
Abadi&acirc;nia,5200100,abadianense,JOS&Eacute; APARECIDO ALVES DINIZ,1044.555,17228,16.49,94.3,0.689,32.09,45743.81048,40518.07995,20179.10,
Acre&uacute;na,5200134,acreunense,CLAUDIOMAR CONTIN PORTUGAL,1566.742,21568,13.77,97.1,0.686,19.76,69963.05917,64395.62778,35669.65,
Adel&acirc;ndia,5200159,adelandense,EDSON VIEIRA DE PAULA,115.385,2297,19.91,100,0.702,-,12780.34678,11340.786,16858.06,
&Aacute;gua Fria de Goi&aacute;s,5200175,&aacute;gua-friense,JOS&Eacute; EDUARDO OLIVEIRA NETO,2023.636,4954,2.45,97.4,0.671,-,18592.62308,17048.44293,60314.60,
&Aacute;gua Limpa,5200209,&aacute;gua-limpense,JOS&Eacute; CARLOS GUIMAR&Atilde;ES FILHO,458.836,1851,4.03,97.4,0.722,-,15934.6702,13860.20279,29853.12,
&Aacute;guas Lindas de Goi&aacute;s,5200258,&aacute;guas lindense,LUCAS DE CARVALHO ANTONIETTI,191.817,225671,1176.49,96.6,0.686,9.57,318867.71233,261959.13942,9594.73,
Alex&acirc;nia,5200308,alexaniense,ALLYSSON SILVA LIMA,846.876,27008,31.89,97,0.682,2.43,73422.68484,67957.2004,35507.95,
Alo&acirc;ndia,5200506,aloandense,RENATO BATISTA DA SILVA,102.094,1973,19.33,98.1,0.697,-,13201.27554,10952.0547,27304.40,
Alto Horizonte,5200555,alto horizontino,LUIZ BORGES DA CRUZ,500.342,6072,12.14,97,0.719,8.2,69116.92295,54918.72124,119081.22,
Alto Para&iacute;so de Goi&aacute;s,5200605,alto-paraisense,MARCUS ADILSON RINCO,2594.998,10298,3.97,98,0.713,28.78,28163.12745,24889.05869,29784.01,
Alvorada do Norte,5200803,alvoradense,IOLANDA HOLICENI MOREIRA DOS SANTOS,1268.347,8446,6.66,98,0.660,14.08,29941.35374,25461.49669,17801.21,
Amaralina,5200829,amaralinense,DASIO MARQUES FERREIRA,1343.742,3268,2.43,92.2,0.609,-,16252.58399,14383.88094,22883.25,
Americano do Brasil,5200852,americanense-do-Brasil,MORETSON DA SILVA BORGES,133.834,5259,39.29,97.4,0.700,-,14738.77499,13424.40813,13022.31,
Amorin&oacute;polis,5200902,amorinopolense,GUSTAVO SILVA DE OLIVEIRA,406.930,3007,7.39,98.4,0.681,-,13814.4434,12717.50524,26012.30,
An&aacute;polis,5201108,anapolino,ROBERTO NAVES E SIQUEIRA,935.672,398817,426.24,96.3,0.737,11.02,1023805.91977,1030856.11056,39019.61,
Anhanguera,5201207,anhanguerino,MARCELO MARTINS DE PAIVA,55.569,924,16.63,100,0.725,-,12037.81074,11096.04417,19277.31,
Anicuns,5201306,anicuense,PAULO CESAR JOSE DO NASCIMENTO,976.038,18503,18.96,98.4,0.714,5.24,73589.95641,50672.12445,20696.77,
Aparecida de Goi&acirc;nia,5201405,aparecidense,GUSTAVO MENDANHA MELO,279.954,527550,1884.42,95.3,0.718,14.15,1074025.74531,903381.9826,25173.46,
Aparecida do Rio Doce,5201454,riodocense,EDY CARLOS GON&Ccedil;ALVES,603.254,2907,4.82,93.3,0.693,-,19127.66933,18960.881,37682.45,
Apor&eacute;,5201504,aporeano,RENATO SIROTTO CARVALHO,2899.237,4325,1.49,99.1,0.693,39.22,30816.71296,27852.47774,73022.16,
Ara&ccedil;u,5201603,ara&ccedil;uense,MILTON LEMES DE PAULA,149.776,3799,25.36,99,0.693,-,14893.57757,12680.21201,19584.50,
Aragar&ccedil;as,5201702,aragarcense,RICARDO GALV&Atilde;O DE SOUSA,661.677,18390,27.79,98.3,0.732,15.08,37360.04907,32630.07277,12568.04,
Aragoi&acirc;nia,5201801,aragoianense,JOSE GARCIA DE SOUZA,218.125,11890,54.51,98,0.684,-,26718.64341,24529.41229,14120.38,
Araguapaz,5202155,araguapaense,GABRIEL FORNIELES MOREIRA,2188.100,7153,3.27,97.8,0.674,39.22,21196.22081,19087.9606,19084.18,
Aren&oacute;polis,5202353,arenopolino,DELMIRO DE OLIVEIRA CANO,1075.535,2946,2.74,100,0.687,27.03,15422.35179,13911.34783,70062.81,
Aruan&atilde;,5202502,aruanense,HERMANO DE CARVALHO,3054.773,8300,2.72,97.5,0.675,20.62,30834.56862,25799.19592,22638.85,
Auril&acirc;ndia,5202601,aurilandense,MARIA APARECIDA MAGALHAES FURTADO MACEDO,565.514,3284,5.81,97.5,0.700,-,15499.30472,13954.3068,23700.38,
Avelin&oacute;polis,5202809,avelinopense,ADRIANO DE ARA&Uacute;JO,170.228,2868,16.85,97.9,0.660,-,13912.11202,11808.83597,24346.91,
Baliza,5203104,balizense,FERNANDA NOLASCO VANDERLEY OLIVEIRA,1780.173,3351,1.88,98.6,0.655,-,17210.45043,14545.0844,18025.66,
Barro Alto,5203203,barro-altense,&Agrave;LVARO MACHADO DE FREITAS,1080.268,10371,9.60,99,0.742,6.17,56611.85395,59366.72461,133652.60,
Bela Vista de Goi&aacute;s,5203302,bela-vistense,N&Aacute;RCIA KELLY ALVES DA SILVA,1274.034,34445,27.04,98.3,0.716,12.66,86393.60111,70653.03762,43338.72,
Bom Jardim de Goi&aacute;s,5203401,bom-jardinense,ODAIR SIVIRINO LEONEL,1901.137,7826,4.12,98.1,0.670,-,22709.94019,20149.34253,20946.02,
Bom Jesus de Goi&aacute;s,5203500,bom-jesuense,ADAIR HENRIQUES DA SILVA,1405.605,23958,17.04,98.4,0.701,6.31,73377.5673,64617.64484,36395.07,
Bonfin&oacute;polis,5203559,bonfinopolino,KELTON PINHEIRO,121.915,10296,84.45,98.8,0.683,36.36,21802.12958,17835.3908,10699.38,
Bon&oacute;polis,5203575,bonopolino,DEOCLECIANO ARAUJO DE LIRA,1635.319,3299,2.02,98.1,0.630,-,17951.60413,14709.24839,25564.79,
Brazabrantes,5203609,brazabrantino,JOS&Eacute; TOM&Eacute; CORREIA FILHO,125.326,3992,31.85,99.2,0.701,-,14759.27793,13235.59474,21961.60,
Brit&acirc;nia,5203807,britaniense,MARCONNI PIMENTA DA SILVA,1458.459,5695,3.90,97.6,0.672,-,19559.58609,19161.63681,27591.86,
Buriti Alegre,5203906,buriti-alegrense,ANDRE DE SOUSA CHAVES,901.932,10495,11.64,96.9,0.710,8.2,32074.18418,28123.91955,40047.39,
Buriti de Goi&aacute;s,5203939,buritiense,&Aacute;TILA R&Uacute;BIA DE DEUS,202.576,2732,13.49,99.4,0.687,34.48,17388.40977,13327.08416,20123.48,
Buritin&oacute;polis,5203962,buritinopolense,ANA PAULA SOARES DOURADO,246.075,3145,12.78,98.7,0.704,-,15817.31403,14512.07849,25794.18,
Cabeceiras,5204003,cabeceirense,EVERTON FRANCISCO DE MATOS,1126.434,7560,6.71,96.4,0.668,-,20845.41385,19154.69182,38641.46,
Cachoeira Alta,5204102,cachoeira-altense,MARCELO BATISTA DE PAULA,1657.226,11513,6.95,98,0.710,19.48,35319.35061,33587.46256,22689.57,
Cachoeira de Goi&aacute;s,5204201,cachoeirense,GERALDO ANT&Ocirc;NIO NETO,424.490,1405,3.31,100,0.727,-,12269.89874,10414.87852,25156.27,
Cachoeira Dourada,5204250,cachoeirense-do-sul,RODRIGO RODRIGUES ALMEIDA,528.281,7782,14.73,98.8,0.698,10.87,54504.40839,48741.06561,51392.55,
Ca&ccedil;u,5204300,ca&ccedil;uense,ANA CLAUDIA LEMOS OLIVEIRA,2254.340,13774,6.11,98.7,0.730,12.42,64607.71671,57664.49092,55809.47,
Caiap&ocirc;nia,5204409,caiaponiense,ARGEMIRO RODRIGUES SANTOS NETO,8627.961,16507,1.91,97.2,0.693,5.75,53434.25777,45430.20004,29921.85,
Caldas Novas,5204508,calda-novense,KLEBER LUIZ MARRA,1608.523,98622,61.31,97.3,0.733,10.11,256050.46736,246501.15303,27373.02,
Caldazinha,5204557,caldazinhense,SOLANGE MARIA GOUVEIA CASTRO,251.720,4507,17.90,93.3,0.685,-,14178.97745,12820.47688,19717.97,
Campestre de Goi&aacute;s,5204607,campestrino,FABIANO QUEIROZ CAPUZZO,272.734,3755,13.77,97.7,0.653,44.44,14697.20967,12279.7235,16453.06,
Campina&ccedil;u,5204656,campina&ccedil;uense,DOUGLAS ADYEL RIBEIRO DE FARIA,1978.386,3708,1.87,93.5,0.631,-,17305.12283,8753.94581,21394.45,
Campinorte,5204706,campinortense,CLEOMAR MARTINS DE ARA&Uacute;JO,1064.541,12510,11.75,99.1,0.688,15.27,28027.39206,24272.58721,23708.48,
Campo Alegre de Goi&aacute;s,5204805,campo-alegrense,JOS&Eacute; ANTONIO NETO SIQUEIRA,2450.111,7422,3.03,98.7,0.694,27.03,37518.14102,30796.18678,75156.84,
Campo Limpo de Goi&aacute;s,5204854,campolimpense,GRACIELE MARTA DO NASCIMENTO,156.113,8081,51.76,97.2,0.661,22.73,18983.79408,17099.15657,18009.84,
Campos Belos,5204904,campo-belense,PABLO GEOVANNI MOREIRA BATISTA,735.126,18108,24.63,99.4,0.692,3.6,49292.31221,44316.77979,14469.61,
Campos Verdes,5204953,campo-verdense,HAROLDO NAVES SOARES,443.125,4005,9.04,97,0.654,18.87,18443.69178,14911.02175,27432.04,
Carmo do Rio Verde,5205000,carmo-rio-verdino,GERALDO DOS REIS OLIVEIRA,419.821,9710,23.13,99.4,0.713,20.41,33632.666,23301.82311,26249.97,
Castel&acirc;ndia,5205059,castelandense,MARCOS ANTONIO CARLOS,299.228,2985,9.98,92.8,0.701,-,17336.40638,14480.07305,24578.68,
Catal&atilde;o,5205109,catalano,ADIB ELIAS JUNIOR,3826.370,114427,29.90,97.1,0.766,13.7,410029.29072,322085.26293,65498.10,
Catura&iacute;,5205208,caturaiense,DIVINA APARECIDA ZAGO SOUSA,205.065,5184,25.28,98,0.664,17.24,17190.8491,14552.93691,14986.63,
Cavalcante,5205307,cavalcantense,VILMAR SOUZA COSTA,6948.780,9589,1.38,92.9,0.584,-,27958.72907,28408.7381,46043.74,
Ceres,5205406,ceresino,EDMARIO DE CASTRO BARBOSA,213.070,22046,103.47,99.3,0.775,24.19,88715.9101,79890.4842,29463.84,
Cezarina,5205455,cezarinense,VALTENIR GON&Ccedil;ALVES DA SILVA,417.080,8090,19.40,97.8,0.711,10.64,31692.18771,28972.8547,38665.55,
Chapad&atilde;o do C&eacute;u,5205471,chapadense,EDUARDO PAGNONCELLI PEIXOTO,2184.076,12870,5.89,93.3,0.742,16.95,77308.95618,64106.70635,174999.62,
Cidade Ocidental,5205497,ocidentalense,F&Aacute;BIO CORREA DE OLIVEIRA,389.984,91767,235.31,97.2,0.717,11.86,133844.75402,116762.11328,11808.14,
Cocalzinho de Goi&aacute;s,5205513,cocalzinhense,Alessandro Otone Barcelos,1785.339,25016,14.01,95.2,0.657,-,55933.25739,48610.34294,18093.58,
Colinas do Sul,5205521,colinense,FERNANDO PAULINO DA SILVA,1707.519,4030,2.36,95.2,0.658,-,18726.79448,17131.5278,16846.55,
C&oacute;rrego do Ouro,5205703,corregorino,MURILO CESAR DA SILVA,458.077,2454,5.36,97.2,0.686,-,15095.79596,12939.17589,27345.52,
Corumb&aacute; de Goi&aacute;s,5205802,corumbaense,FRANCISCO ALESSANDRO FERNANDES,1064.833,10562,9.92,96.6,0.680,-,30837.58,26925.20475,21254.49,
Corumba&iacute;ba,5205901,corumbaibense,SEBASTI&Atilde;O RODRIGUES GOMES FILHO,1864.277,9164,4.92,95.5,0.698,31.58,45987.99031,39302.60273,66819.97,
Cristalina,5206206,cristalinense,DANIEL SABINO VAZ,6153.921,62249,10.12,95.6,0.699,11.22,176144.01946,156584.74526,55561.44,
Cristian&oacute;polis,5206305,cristianopolino,JULIANA IZABEL DE PAULA COSTA,221.624,3504,15.81,98.7,0.688,-,19141.94866,16994.52278,29069.22,
Crix&aacute;s,5206404,crixasense,CARLOS SEIXO DE BRITO JUNIOR,4673.039,17065,3.65,96.7,0.708,9.17,55896.73683,53546.31806,37008.21,
Crom&iacute;nia,5206503,crominiense,GILVANDER ALVES PEREIRA,364.918,3883,10.64,95.7,0.706,-,12953.37578,12904.64081,24566.01,
Cumari,5206602,cumarino,JO&Atilde;O BATISTA DAVI RIOS,568.365,2927,5.15,99.7,0.737,-,16794.7588,13610.99525,27035.82,
Damian&oacute;polis,5206701,damianopolino,ANDREIA LINS DEPOLLO,417.625,3770,9.03,100,0.654,18.18,15079.66361,12300.97625,12622.90,
Damol&acirc;ndia,5206800,damolandense,ROG&Eacute;RIO LABANCA NETO,86.057,2724,31.65,98.6,0.697,33.33,13522.52083,12519.44335,14884.33,
Davin&oacute;polis,5206909,davinopolino,DIOGO ROSA NUNES,482.857,1902,3.94,98.5,0.716,-,20059.2868,18659.2507,288689.93,
Diorama,5207105,dioramense,ALTAMIRO JOSE DE LIMA,685.382,2062,3.01,100,0.729,-,14488.63873,11601.75121,29271.00,
Doverl&acirc;ndia,5207253,doverlandense,GENILVA KATIA RODRIGUES DE ASSIS,3227.558,6956,2.16,96.4,0.668,29.41,29417.36089,22810.54514,37063.87,
Edealina,5207352,edealinense,DOLORES CRISTINA LEANDRO NEVES,598.218,4001,6.69,98.6,0.702,-,19387.72023,17933.86254,95170.07,
Ed&eacute;ia,5207402,edeiense,JOSE WAGNER NEVES DE ANDRADE,1469.099,11747,8.00,98.2,0.739,5.99,47367.91154,41146.82175,65810.24,
Estrela do Norte,5207501,estrela-nortense,EDMAR DE ASSIS SILVA,301.139,3205,10.64,97.8,0.707,-,15725.02562,13464.3501,18490.80,
Faina,5207535,fainense,PAULO ROBERTO VIEIRA,1949.685,7070,3.63,97.9,0.650,-,24521.30501,22397.52349,20210.08,
Fazenda Nova,5207600,fazenda-novense,MARCUS VINICIUS AZEREDO COSTA,1279.107,5877,4.59,88.5,0.685,-,19886.36,14265.19201,22114.53,
Firmin&oacute;polis,5207808,firminopolense,JOSE AIRTON DE OLIVEIRA,422.340,10419,24.67,98.1,0.732,-,28721.43284,26208.4864,16430.61,
Flores de Goi&aacute;s,5207907,florense,ALTRAN LOPES AVELAR NERY,3695.106,13744,3.72,96.6,0.597,9.9,29754.69676,27558.6547,11208.21,
Formosa,5208004,formosense,GUSTAVO MARQUES DE OLIVEIRA,5804.292,115669,19.93,96.6,0.744,8.83,239603.64852,224544.38103,22142.56,
Formoso,5208103,formosense,HALISON MACEDO DOS SANTOS,843.420,4660,5.53,96.8,0.715,-,16231.89559,14909.45459,22762.61,
Gameleira de Goi&aacute;s,5208152,gameleirense,WILSON TAVARES DE SOUSA JUNIOR,588.328,3456,5.87,99.5,0.659,-,19577.55008,17779.29159,56540.47,
Divin&oacute;polis de Goi&aacute;s,5208301,divinopolino,CHARLEY RODRIGUES TOLENTINO,828.874,4457,5.38,97.1,0.653,35.09,19354.36801,17513.18609,17117.96,
Goian&aacute;polis,5208400,goianapolino,JEOVA LEITE CARDOSO,166.642,13967,83.81,96.4,0.703,15.96,31393.54105,27021.06969,21742.26,
Goiandira,5208509,goiandirense,ALLISSON HENRIQUE BARBOSA PEIXOTO,569.917,4968,8.72,98.6,0.760,28.57,18642.80701,16014.21956,28254.51,
Goian&eacute;sia,5208608,goianesiense,LEONARDO SILVA MENEZES,1547.319,73708,47.64,98,0.727,6.78,171698.5432,147809.69826,22400.43,
Goi&acirc;nia,5208707,goianiense,ROG&Eacute;RIO CRUZ,729.296,1437237,1970.72,96.4,0.799,9.26,4526869.6741,4184020.44767,33826.84,
Goianira,5208806,goianirense,CARLOS ALBERTO ANDRADE OLIVEIRA,213.772,71916,336.41,97.6,0.694,19.47,106182.23149,82193.98103,21206.85,
Goi&aacute;s,5208905,goiano,ADERSON LIBERATO GOUVEA,3108.423,24071,7.74,98.2,0.709,4.59,77228.05746,74785.93658,29330.28,
Goiatuba,5209101,goiatubense,JOSE ALVES VIEIRA,2479.591,35649,14.38,96.9,0.725,9.22,150671.27313,149637.87016,55866.46,
Gouvel&acirc;ndia,5209150,gouvelandense,FAUSTO CAIADO BARBOSA,827.373,4390,5.31,98.8,0.674,21.74,30644.74836,22819.19962,28068.51,
Guap&oacute;,5209200,guapoense,COLEMAR CARDOSO DE QUEIROZ,514.178,19545,38.01,96.8,0.697,9.43,38273.867,40711.6985,18367.17,
Guara&iacute;ta,5209291,guaraitense,ADNA FERREIRA DE ALMEIDA MARTINS,205.533,2188,10.65,98.4,0.687,-,12155.34631,10398.00374,22283.94,
Guarani de Goi&aacute;s,5209408,guaraniense,JAN&Eacute;ZIO PEREIRA DA SILVA,1221.054,4085,3.35,97.2,0.637,20.83,18417.27741,17398.25688,17805.56,
Guarinos,5209457,guarinense,JOS&Eacute; ANT&Ocirc;NIO DA SILVA,593.188,2161,3.64,98.1,0.652,83.33,13924.71382,11960.14686,30619.34,
Heitora&iacute;,5209606,heitoraiense,LUCIO PIRES DOS SANTOS,228.615,3354,14.67,97,0.694,-,14783.8111,11679.54525,18420.85,
Hidrol&acirc;ndia,5209705,hidrolandense,JOS&Eacute; D&Eacute;LIO ALVES J&Uacute;NIOR,952.122,27741,29.14,97.1,0.706,30.3,59502.79396,57460.5614,53146.51,
Hidrolina,5209804,hidrolinense,ELI GON&Ccedil;ALVES SIQUEIRA,583.756,3545,6.07,98,0.677,-,13118.09258,13127.4502,21680.35,
Iaciara,5209903,iaciarense,WAGNER NERY SAMPAIO,1547.183,10584,6.84,97.2,0.644,11.43,32962.14266,26750.78317,14044.95,
Inaciol&acirc;ndia,5209937,inaciolandense,CL&Aacute;UDIO HENRIQUE CAIXETA,689.201,5954,8.64,98.4,0.692,14.93,27163.03911,23807.3364,36658.96,
Indiara,5209952,indiarense,DIVINO MARQUES DE SOUSA,955.419,17061,17.86,96.8,0.701,20.41,44431.29215,34023.42316,26639.64,
Inhumas,5210000,inhumense,JOAO ANTONIO FERREIRA,614.887,52204,84.90,98.4,0.720,7.92,123032.84311,97442.35522,23623.99,
Ipameri,5210109,ipamerino,JANIO PACHECO,4382.863,25548,5.83,97.4,0.701,6.47,88405.28314,85312.85419,67165.71,
Ipiranga de Goi&aacute;s,5210158,ipiranguense,ALEX DE QUEIROZ,244.209,2919,11.95,98.1,0.696,-,12960.44354,11100.25689,20913.12,
Ipor&aacute;,5210208,iporaense,NA&Ccedil;OITAN ARAUJO LEITE,1027.249,35684,34.74,98.4,0.743,10.29,81701.74969,70046.25826,23924.21,
Israel&acirc;ndia,5210307,israelandense,ADEL&Iacute;CIA MOURA DA COSTA,579.190,2560,4.42,99.5,0.711,-,15356.87077,11803.61358,20813.77,
Itabera&iacute;,5210406,itaberino,RITA DE CASSIA SOARES MENDON&Ccedil;A,1461.916,44734,30.60,97.5,0.719,13.75,95265.67448,91442.0514,32512.62,
Itaguari,5210562,itaguarino,ADELINO SOUZA AQUINO,142.652,4963,34.79,98.4,0.693,-,17887.56348,15296.08343,18027.62,
Itaguaru,5210604,itaguaruense,EDILSON FILGUEIRA DA SILVA,241.029,4904,20.35,99,0.718,-,18845.27714,16786.8057,16507.57,
Itaj&aacute;,5210802,itajaense,RENIS CESAR DE OLIVEIRA,2082.736,4380,2.10,98,0.691,-,26147.12309,22936.94444,24186.49,
Itapaci,5210901,itapacino,MARIO JOSE SALLES,952.998,21087,22.13,97.5,0.725,13.25,42761.85143,44080.95466,19556.92,
Itapirapu&atilde;,5211008,itapirapuano,ERIVALDO ALEXANDRE DA SILVA,2047.874,8002,3.91,98.1,0.677,37.97,23073.97988,20180.47606,38110.73,
Itapuranga,5211206,itapuranguense,GERALDO PAULO FERNANDES,1281.404,26113,20.38,99.2,0.726,-,59867.44878,54411.32853,19457.49,
Itarum&atilde;,5211305,itarumaense,RICARDO FRANCISCO GOULART,3437.367,6101,1.77,95.2,0.693,11.24,32994.4025,28295.25052,37358.14,
Itau&ccedil;u,5211404,itau&ccedil;uense,CLAYTON PEREIRA DE MELO,383.066,7736,20.19,95.7,0.718,11.9,21447.13758,21611.12658,20190.80,
Itumbiara,5211503,itumbiarense,DIONE JOS&Eacute; DE ARAUJO,2447.014,107970,44.12,97.9,0.752,10.39,332703.54196,300167.31422,45096.18,
Ivol&acirc;ndia,5211602,ivolandense,VALDESSON VIEIRA JUNIOR,1260.841,2693,2.14,97.1,0.704,47.62,19013.40449,16927.87914,57511.59,
Jandaia,5211701,jandaiense,MILENA PEREIRA LOPES MOURA,863.087,6272,7.27,99.6,0.707,-,27468.61998,25038.63324,55805.99,
Jaragu&aacute;,5211800,jaraguense,PAULO VITOR AVELAR,1848.947,45223,24.46,96.4,0.699,13.36,92663.88433,83928.67936,15738.50,
Jata&iacute;,5211909,jataiense,HUMBERTO DE FREITAS MACHADO,7178.792,105729,14.73,97.5,0.757,13.41,334242.82348,308398.15369,58610.70,
Jaupaci,5212006,jaupacino,LAERTE DOURADO DOS SANTOS,528.783,2924,5.53,100,0.689,-,13593.95044,12233.68652,22494.90,
Jes&uacute;polis,5212055,jesupolino,ADRIANO PEIXOTO OLIVEIRA,115.211,2123,18.43,92.5,0.649,-,13379.50491,11498.98814,13425.15,
Jovi&acirc;nia,5212105,jovianiense,RENIS EUSTAQUIO GON&Ccedil;ALVES,446.258,7159,16.04,96.8,0.706,29.41,27465.97663,25528.782,35221.69,
Jussara,5212204,jussariano,MARIA IDALI DA SILVA BONTEMPO,4092.340,19625,4.80,97.6,0.743,16.95,57416.19027,54289.35631,32234.46,
Lagoa Santa,5212253,lagoense,NUCIA KELLY DE FREITAS OLIVEIRA,463.289,1390,3.00,98.5,0.740,-,13979.98659,12487.63462,26699.20,
Leopoldo de Bulh&otilde;es,5212303,leopoldense,JO&Atilde;O ALECIO MENDES,476.137,8745,18.37,97.3,0.659,32.61,22748.26295,21482.21373,36541.84,
Luzi&acirc;nia,5212501,luzianiense,DIEGO VAZ SORGATTO,3962.107,208725,52.68,97,0.701,11.48,386450.51248,369433.08543,22550.25,
Mairipotaba,5212600,mairipotabense,CARLOS HENRIQUE RODRIGUES PEREIRA,468.029,2561,5.47,99.3,0.745,-,13556.59843,11875.03663,30244.59,
Mamba&iacute;,5212709,mambaiense,JOAQUIM BARBOSA FILHO,858.270,8124,9.47,96.4,0.626,8.06,21282.96208,17608.23416,9552.79,
Mara Rosa,5212808,mararrosense,FLAVIO DIVINO MAURICIO DE MOURA,1695.463,10700,6.31,98.3,0.691,23.62,24132.64455,23362.17515,27374.36,
Marzag&atilde;o,5212907,marzagonense,SOLIMAR CARDOSO DE SOUZA,225.518,2758,12.23,98.8,0.699,24.39,13350.46489,10258.26859,22611.65,
Matrinch&atilde;,5212956,matrinchaense,IV&Acirc;NIA ALVES FERNANDES PESSOA,1150.503,4042,3.51,97.9,0.679,16.13,19100.484,16687.96856,30736.11,
Mauril&acirc;ndia,5213004,maurilandense,EDJANE ALVES DE ALMEIDA,389.959,10304,26.42,97.5,0.677,30.3,27561.21427,24230.04419,15462.69,
Mimoso de Goi&aacute;s,5213053,mimosense,ROSANGELA ALVES DOS REIS,1380.701,2614,1.89,99.6,0.665,-,12151.25344,11945.84525,67176.93,
Mina&ccedil;u,5213087,mina&ccedil;uense,CARLOS ALBERTO LEREIA DA SILVA,2854.137,27075,9.49,98.6,0.707,2.7,110134.59161,98922.34554,34129.64,
Mineiros,5213103,mineirense,ALEOMAR DE OLIVEIRA REZENDE,9042.844,70073,7.75,97.3,0.718,14.01,264290.15345,222196.12902,38421.24,
Moipor&aacute;,5213400,moiporaense,WILSON JOSE FERREIRA,452.314,1685,3.73,99.6,0.696,-,10936.22605,10323.88071,28622.33,
Monte Alegre de Goi&aacute;s,5213509,monte-alegrense,FELIPI DE SOUSA CAMPOS,3119.860,6692,2.14,95.7,0.615,21.98,18036.98129,15772.50722,11414.24,
Montes Claros de Goi&aacute;s,5213707,montes-clarense,JOSE VILMAR MACIEL,2900.397,8756,3.02,99.6,0.707,-,30774.96495,28474.09993,54269.06,
Montividiu,5213756,montividiuense,EDSON BUENO COUTINHO,1869.581,12521,6.70,98.4,0.733,6.54,54974.45803,44322.15947,75616.84,
Montividiu do Norte,5213772,montividense,JACIRA MARTINS FERNANDES PAIVA,1337.232,3779,2.83,96.8,0.613,-,17171.37911,14560.63036,18293.46,
Morrinhos,5213806,morrinhense,JOAQUIM GUILHERME BARBOSA DE SOUZA,2846.299,51351,18.04,97.9,0.734,12.92,122103.24314,111624.55443,33475.27,
Morro Agudo de Goi&aacute;s,5213855,morro-agudense,ANATAIR ANTONIO SANTANA,282.333,2456,8.70,99.7,0.695,-,14687.1572,12693.61735,20868.71,
Moss&acirc;medes,5213905,mossamedino,C&Aacute;CIO MOREIRA ADORNO,684.882,4654,6.80,99.2,0.706,20.83,22497.32156,22066.79241,25892.92,
Mozarl&acirc;ndia,5214002,mozarlandense,VALTER ALEIXO,1738.516,14750,8.48,97.5,0.683,8.16,52246.62515,47513.71142,57605.17,
Mundo Novo,5214051,mundo-novense,MARLENE LOUREN&Ccedil;O,2141.534,6189,2.89,97.7,0.634,-,23450.88276,19920.77698,27501.27,
Mutun&oacute;polis,5214101,mutunopolitano,LUIZ MARTINS DE OLIVEIRA,955.069,3564,3.73,98.7,0.680,39.22,17950.23683,16779.74872,19588.16,
Naz&aacute;rio,5214408,nazarinense,JO&Atilde;O BATISTA CARVALHO,281.147,8189,29.13,98.8,0.710,-,23743.11891,20899.01344,26693.80,
Ner&oacute;polis,5214507,neropolino,GIL TAVARES,204.713,31932,155.98,97.8,0.721,8.58,102901.18574,88123.75748,31243.32,
Niquel&acirc;ndia,5214606,niquelandense,FERNANDO CARNEIRO DA SILVA,9846.293,34964,3.55,97.8,0.715,2.31,113605.62152,118881.96004,22943.94,
Nova Am&eacute;rica,5214705,nova-americano,CLEBER JUNIO DE SOUZA,209.432,2337,11.16,99.4,0.678,-,15126.50,14023.95243,17632.70,
Nova Aurora,5214804,nova-aurorense,JOAO PIMENTA DE PADUA JUNIOR,307.335,2101,6.84,100,0.747,-,11985.032,10112.47938,26142.21,
Nova Crix&aacute;s,5214838,nova-crixaense,LAZARO VALDIVINO DA SILVA,7308.681,12815,1.75,96.7,0.643,31.65,55279.9089,43067.94032,37325.81,
Nova Gl&oacute;ria,5214861,nova-glorino,CARLOS LUIZ DE OLIVEIRA,411.753,8310,20.18,99.2,0.681,-,16063.40208,14253.34866,14798.73,
Nova Igua&ccedil;u de Goi&aacute;s,5214879,nova igua&ccedil;uense,JOSE RIBEIRO DE ARAUJO,625.625,3010,4.81,96.5,0.655,-,13408.22929,11939.55759,17279.95,
Nova Roma,5214903,nova-romano,ELEUSES RODRIGUES GONZAGA,2136.725,3076,1.44,97.9,0.634,-,17721.3141,15335.16033,17077.65,
Nova Veneza,5215009,nova-venezino,VALDEMAR BATISTA COSTA,122.354,9481,77.49,98,0.718,-,26015.07044,20753.51401,16871.39,
Novo Brasil,5215207,novo-brasilense,GABRIEL GOMES ALVES DE CASTRO,649.349,3527,5.43,98.7,0.699,-,15273.16958,13708.34089,25169.04,
Novo Gama,5215231,novo-gamense,CARLOS ALVES DOS SANTOS,192.285,103804,539.84,95.7,0.684,8.58,143800.24012,131809.71982,9132.84,
Novo Planalto,5215256,planaltense,EUDES RODRIGUES DE ARAUJO,1254.491,3716,2.96,91.4,0.658,-,17240.38263,14488.81269,25200.40,
Orizona,5215306,orizonense,FELIPE ANTONIO DIAS,1971.265,16399,8.32,99.2,0.715,4.59,45516.8274,42368.33311,40994.06,
Ouro Verde de Goi&aacute;s,5215405,ouro-verdense,RODRIGO PEREIRA FONSECA,208.804,4057,19.43,98.8,0.719,21.28,20372.93858,18346.9109,41585.45,
Ouvidor,5215504,ouvidorense,CEBIO MACHADO DO NASCIMENTO,411.318,7200,17.50,98.7,0.747,-,45861.91119,35501.79392,87996.06,
Padre Bernardo,5215603,padre-bernardense,JOSELEIDE L&Aacute;ZARO LUIZ DA SILVA,3142.615,34967,11.13,96.1,0.651,9.78,81273.60772,73692.00676,22008.60,
Palestina de Goi&aacute;s,5215652,palestinense,EDUARDO TALVANI DE LIMA COUTO,1318.047,3132,2.38,98.6,0.713,-,16033.08436,12239.93725,33846.10,
Palmeiras de Goi&aacute;s,5215702,palmeirense,VANDO VITOR ALVES,1537.196,31858,20.72,96.7,0.698,20.83,83292.22459,72939.11372,48017.56,
Palmelo,5215801,palmelino,RENATO DAMASIO RESENDE,59.809,2259,37.77,97.8,0.730,-,14472.8185,12657.8583,18031.73,
Palmin&oacute;polis,5215900,palminopolino,FRANC HELVIS VAZ,393.326,3851,9.79,99.6,0.722,15.87,19446.55455,17989.7185,44408.61,
Panam&aacute;,5216007,panamenho,JOSE WILLIAN COELHO DE PAULA,432.204,2455,5.68,98.9,0.686,33.33,14765.11105,12960.44089,35729.05,
Paranaiguara,5216304,paranaiguarense,JOSE CARLOS BARBOSA,1153.415,7607,6.60,98.9,0.711,-,28999.84083,27545.21416,20341.57,
Para&uacute;na,5216403,paraunense,PAULO JOSE MARTINS,3786.578,10659,2.81,98.8,0.672,6.13,60781.37729,53008.90538,110587.64,
Perol&acirc;ndia,5216452,perolandense,JHONATTA CORTEZ DA SILVA,1033.657,2964,2.87,99.2,0.676,21.74,26834.90214,23138.00588,151572.82,
Petrolina de Goi&aacute;s,5216809,petrolinense,TIAGO PACHECO DE JESUS,530.490,9573,18.05,98.3,0.712,-,27737.44105,21913.12574,15761.77,
Pilar de Goi&aacute;s,5216908,pilarense,TIAGO JAPIASSU BATISTA DO NASCIMENTO ANDRADE,906.048,2328,2.57,98.1,0.684,25,21505.76226,21567.89046,72702.45,
Piracanjuba,5217104,piracanjubense,CLAUDINEY ANTONIO MACHADO,2374.232,24883,10.48,97.8,0.721,12.71,75069.60661,69918.43201,44313.38,
Piranhas,5217203,piranhense,MARCO ROGERIO CANDIDO LEITE,2045.088,11712,5.73,98,0.721,-,36354.69307,32884.71646,45337.01,
Piren&oacute;polis,5217302,pirenopolino,NIVALDO ANT&Ocirc;NIO DE MELO,2200.369,26690,12.13,97.8,0.693,7.22,53162.3634,43426.46362,21842.31,
Pires do Rio,5217401,piresino,MARIA APARECIDA MARASCO TOMAZINI,1077.641,32373,30.04,97.7,0.744,9.06,71572.28737,63285.9614,33736.10,
Planaltina,5217609,planaltinense,CRISTIOMARIO DE SOUSA MEDEIROS,2558.924,105031,41.04,96.4,0.669,8.43,169336.64405,151930.45698,14085.34,
Pontalina,5217708,pontalinense,EDSON GUIMARAES DE FARIA,1434.289,18309,12.77,92.3,0.687,-,46505.69347,41806.91795,32999.90,
Porangatu,5218003,porangatuense,VANUZA PRIMO DE ARAUJO VALADARES,4825.287,44317,9.18,98,0.727,9.45,109343.49527,112149.60063,22280.54,
Porteir&atilde;o,5218052,porteirense,JO&Atilde;O HENRIQUE SILVA,606.262,4070,6.71,94,0.684,-,23975.40916,18395.78246,53594.04,
Portel&acirc;ndia,5218102,portelandense,MARLY DAVID REZENDE RODRIGUES,553.411,3280,5.93,97.7,0.654,-,18159.27041,15244.60618,57179.19,
Posse,5218300,possense,HELDER SILVA BONFIM,2076.990,34914,16.81,95.7,0.659,20.75,80763.38791,72825.23428,15535.51,
Professor Jamil,5218391,jamilense,NEY FABIO DE NOVAES,356.292,3649,10.24,98.6,0.684,-,12794.29208,12245.49681,19870.79,
Quirin&oacute;polis,5218508,quirinopolino,ANDERSON DE PAULA SILVA,3786.026,48447,12.80,97.2,0.740,12.07,148441.62213,119142.31606,39052.81,
Rialma,5218607,rialmense,FREDERICO GON&Ccedil;ALVES VIDIGAL,268.291,12165,45.34,99.7,0.727,16.76,29114.90597,24127.67162,25420.30,
Rian&aacute;polis,5218706,rianapolino,GILBER ROQUE PEREIRA DE MIRANDA,157.379,3980,25.29,98.6,0.693,-,15970.58292,15226.53017,15343.35,
Rio Quente,5218789,rio-quentense,ANA PAULA LIMA DE OLIVEIRA,244.655,3864,15.79,99,0.731,21.74,35615.70985,30821.86361,58072.57,
Rio Verde,5218805,rio-verdense ou rio-verdino,PAULO FARIA DO VALE,8374.255,225696,26.95,97,0.754,14.41,884294.52009,801466.76216,49156.63,
Rubiataba,5218904,rubiatabense,WEBER SIVIRINO DA COSTA,750.659,19788,26.36,98.9,0.719,8.44,65698.40782,57424.53823,25738.93,
Sanclerl&acirc;ndia,5219001,sanclerlandense,ITAMAR LEAO DO AMARAL,509.402,7918,15.54,99.4,0.736,-,23396.93988,21500.2046,24738.23,
Santa B&aacute;rbara de Goi&aacute;s,5219100,santa-barbarense,JOB MARTINS DE DEUS,140.957,6149,43.62,99.4,0.706,-,18982.12532,17525.11327,17435.31,
Santa Cruz de Goi&aacute;s,5219209,santa-cruzano,ANGELO NATAL DA PAZ,1109.007,3002,2.71,99.3,0.688,-,13700.10663,14262.32486,60456.87,
Santa F&eacute; de Goi&aacute;s,5219258,santa-feense,EDIMILSON ALVES DOS SANTOS,1164.186,4951,4.25,98.7,0.713,37.04,22888.56914,18038.40052,46129.89,
Santa Helena de Goi&aacute;s,5219308,santa-helenense,JOAO ALBERTO VIEIRA RODRIGUES,1142.337,38492,33.70,97.3,0.724,17.79,102609.30335,88658.78281,34762.02,
Santa Isabel,5219357,santa-isabelense,CASSIA SILVIA CAIXETA DOURADO,812.756,3538,4.35,97.2,0.683,28.57,16552.54459,14334.56867,23114.34,
Santa Rita do Araguaia,5219407,santa-ritense,CARLOS TADEU ROCHA VIEIRA,1357.197,5927,4.37,94.3,0.714,10.99,18343.98657,15808.28334,15814.56,
Santa Rita do Novo Destino,5219456,santaritense,ROBERTO JO&Atilde;O DE OLIVEIRA,970.448,2689,2.77,95.5,0.634,-,14696.17683,12881.54236,26610.58,
Santa Rosa de Goi&aacute;s,5219506,santa-rosense,ULISSES ALVES DE BRITO,166.440,2820,16.94,98.2,0.701,-,15015.31053,14095.62142,21647.69,
Santa Tereza de Goi&aacute;s,5219605,santerezino,EDSON PALMEIRAS DOS SANTOS,789.544,3293,4.17,95.1,0.665,-,15115.41235,14371.42474,21029.63,
Santa Terezinha de Goi&aacute;s,5219704,terezinhense,KARLA CRISTINA MOREIRA ALVES,1206.600,10645,8.82,95.8,0.701,33.33,24523.93587,22606.32421,17484.06,
Santo Ant&ocirc;nio da Barra,5219712,santatoniense,JOSE CANDIDO DO NASCIMENTO,450.336,4267,9.48,96,0.691,42.55,22113.17487,18064.86634,55447.18,
Santo Ant&ocirc;nio de Goi&aacute;s,5219738,santoantoniense,KLEBER COSME DE FREITAS,135.022,7386,54.70,97.1,0.723,11.9,23916.93087,20387.73178,22669.07,
Santo Ant&ocirc;nio do Descoberto,5219753,descobertense,ALEANDRO OLIVIO CALDATO,943.948,72134,76.42,96.9,0.665,13.63,121004.95253,121025.33471,9863.49,
S&atilde;o Domingos,5219803,dominicano,CLEITON GON&Ccedil;ALVES MARTINS,3335.999,9711,2.91,96.7,0.597,16.26,31682.55324,27082.09046,20018.76,
S&atilde;o Francisco de Goi&aacute;s,5219902,franciscano,CLEUTON GOMES DE MOURA,416.535,6378,15.31,96.4,0.651,16.39,18235.07145,16019.45708,17060.68,
S&atilde;o Jo&atilde;o d'Alian&ccedil;a,5220009,s&atilde;o-joanense,D&Eacute;BORA DOMINGUES CARVALH&Ecirc;DO BARROS,3334.455,13984,4.19,96,0.685,-,54751.50,29872.6511,31803.39,
S&atilde;o Jo&atilde;o da Para&uacute;na,5220058,joanino,UBIRAJARA ANT&Ocirc;NIO DUARTE JUNIOR,286.979,1774,6.18,98.3,0.724,38.46,14151.8783,12503.72126,49495.94,
S&atilde;o Lu&iacute;s de Montes Belos,5220108,monte-belense,ELDEC&Iacute;RIO DA SILVA,829.620,33852,40.80,99.3,0.731,18.82,90063.83625,79679.44477,37101.20,
S&atilde;o Luiz do Norte,5220157,s&atilde;o-luizense,ELIEUDES DIAS DE MORAES,583.832,4837,8.28,98.7,0.669,-,22815.38752,18298.08308,26075.97,
S&atilde;o Miguel do Araguaia,5220207,s&atilde;o-miguelense,AZAIDE DONIZETTI BORGES MARTINS,6150.179,21900,3.56,96.6,0.664,29.8,67533.26898,69649.77578,24943.69,
S&atilde;o Miguel do Passa Quatro,5220264,passa-quatrense,GILMAR PEREIRA DE SOUZA,537.347,4464,8.31,98.1,0.697,-,18652.02139,15136.46044,48479.52,
S&atilde;o Patr&iacute;cio,5220280,sampatriciense,DANILO MAX DE SOUZA COSTA,172.763,2143,12.40,98.6,0.693,-,15143.11888,11991.66492,22309.84,
S&atilde;o Sim&atilde;o,5220405,canalense,FRANCISCO DE ASSIS PEIXOTO,415.015,17020,41.01,97.3,0.720,15.08,102819.49099,85732.29161,66270.59,
Senador Canedo,5220454,canedense,FERNANDO PELLOZO,247.005,155635,630.09,96.8,0.701,11.31,459400.54381,387549.67884,32428.11,
Serran&oacute;polis,5220504,serranopolino,TARCIO DUTRA,5521.774,8027,1.45,97.1,0.681,9.52,34593.11345,34900.8662,57681.62,
Silv&acirc;nia,5220603,silvaniense,GERALDO LUIZ SANTANA,2349.924,22245,9.47,97.4,0.709,8.62,58264.37729,57558.15893,42034.40,
Simol&acirc;ndia,5220686,simolandense,ILDETE GOMES FERREIRA,346.811,5742,16.56,97.5,0.645,13.16,19095.36728,16250.97387,20911.12,
S&iacute;tio d'Abadia,5220702,sitiense,WEBER REIS LACERDA,1611.851,2927,1.82,97.6,0.617,-,15779.00006,11872.18224,21625.52,
Taquaral de Goi&aacute;s,5221007,taquaralense,HELIO GONTIJO DE OLIVEIRA,205.665,4026,19.58,98.4,0.716,20.41,16473.22308,13549.21347,23491.70,
Teresina de Goi&aacute;s,5221080,teresinense,KLEVERTON BARBOSA DE MELLO,784.793,2701,3.44,97.2,0.661,78.95,14749.49349,13497.66128,10213.51,
Terez&oacute;polis de Goi&aacute;s,5221197,terezopolino,UILTON PEREIRA DOS SANTOS,107.407,7944,73.96,98.4,0.685,-,23858.51389,21050.12775,21147.06,
Tr&ecirc;s Ranchos,5221304,triranchense,HUGO DELEON DE CARVALHO COSTA,284.034,2921,10.28,100,0.745,-,18794.27599,16600.1645,20193.12,
Trindade,5221403,trindadense,MARDEN GABRIEL ALVES DE AGUIAR JUNIOR,712.690,142431,199.85,96.4,0.699,12.85,217742.66521,177346.79616,18593.29,
Trombas,5221452,trombense,DELVAIR RAMOS MARINHO,802.905,3120,3.89,97.1,0.653,-,16117.72522,14285.54934,16989.08,
Turv&acirc;nia,5221502,turvaniense,FAUSTO MARIANO GON&Ccedil;ALVES,482.317,4480,9.29,97.6,0.697,18.52,12719.95651,15087.32368,24185.29,
Turvel&acirc;ndia,5221551,turvelandense,SIRON QUEIROZ DOS SANTOS,935.659,4985,5.33,98.1,0.691,14.29,33861.95067,27503.90207,87061.08,
Uirapuru,5221577,uirapuruense,ELIVAN RIBEIRO DOS SANTOS,1154.305,2798,2.42,97.7,0.670,32.26,13600.22567,13235.02211,20881.40,
Urua&ccedil;u,5221601,urua&ccedil;uense,VALMIR PEDRO TEREZA,2142.484,42546,19.86,95.6,0.737,9.43,88886.35049,82794.81802,26111.47,
Uruana,5221700,uruanense,NEI DOS REIS CRUZ,522.904,13729,26.26,94.9,0.703,7.41,33149.88085,29689.38798,18996.39,
Uruta&iacute;,5221809,uruta&iacute;no,AILTON MARTINS DE OLIVEIRA,623.821,3553,5.70,97.3,0.732,-,16027.18166,15952.15574,34252.29,
Valpara&iacute;so de Goi&aacute;s,5221858,valparaisense,P&Aacute;BIO CORREIA LOPES,61.488,198861,3234.14,96.8,0.746,12.91,331983.7696,285683.37097,15621.31,
Varj&atilde;o,5221908,varj&atilde;oense,RAFAEL PEREIRA MACHADO FRANCO,517.402,3716,7.18,97.9,0.687,68.97,15937.37358,13251.4306,22092.62,
Vian&oacute;polis,5222005,vianopolino,SAMUEL DOS REIS COTRIM,954.115,14956,15.68,98.6,0.712,5.81,45423.47574,44429.5618,42019.96,
Vicentin&oacute;polis,5222054,vicentinopolino,NEILTON FERREIRA DE OZEDA,733.794,8768,11.95,99.1,0.684,7.19,35433.16261,29294.84421,47171.97,
Vila Boa,5222203,vilaboense,RUBENS FRANCISCO LOPES,1052.593,4215,4.00,96,0.647,-,19158.83742,19158.83742,19310.39,
Vila Prop&iacute;cio,5222302,propiciense,WALDILEI JOSE DE LEMOS,2181.593,5815,2.67,96.9,0.634,-,20688.29806,19046.75108,37142.72,

<table class="fontes-container"><tr><th>Notas:</th></tr><tr><td>Escolariza&ccedil;&atilde;o <span>6 a 14 anos</span>: [população residente no município de 6 a 14 anos de idade matriculada no ensino regular/total de população residente no município de 6 a 14 anos de idade] x 100</td></tr><tr><th>Fontes:</th></tr><tr><td>Área Territorial: Área territorial brasileira 2022. Rio de Janeiro: IBGE, 2023</td></tr><tr><td>População residente: Censo 2022: População e Domicílios - Primeiros Resultados</td></tr><tr><td>Densidade demogr&aacute;fica: Censo 2022: População e Domicílios - Primeiros Resultados</td></tr><tr><td>Escolariza&ccedil;&atilde;o <span>6 a 14 anos</span>: IBGE, Censo Demográfico 2010</td></tr><tr><td>IDHM <span>&Iacute;ndice de desenvolvimento humano municipal</span>: Programa das Nações Unidas para o Desenvolvimento - PNUD</td></tr><tr><td>Mortalidade infantil: Ministério da Saúde, Departamento de Informática do Sistema Único de Saúde - DATASUS 2017</td></tr><tr><td>Receitas realizadas: Contas anuais. Receitas orçamentárias realizadas (Anexo I-C) 2017 e Despesas orçamentárias empenhadas (Anexo I-D) 2017. In: Brasil. Secretaria do Tesouro Nacional, Siconfi: Sistema de Informações Contábeis e Fiscais do Setor Público Brasileiro. Brasília, DF, [2018]. Disponível em: https://siconfi.tesouro.gov.br/siconfi/pages/public/consulta_finbra/finbra_list.jsf. Acesso em: set. 2018</td></tr><tr><td>Despesas empenhadas: Contas anuais. Receitas orçamentárias realizadas (Anexo I-C) 2017 e Despesas orçamentárias empenhadas (Anexo I-D) 2017. In: Brasil. Secretaria do Tesouro Nacional, Siconfi: Sistema de Informações Contábeis e Fiscais do Setor Público Brasileiro. Brasília, DF, [2018]. Disponível em: https://siconfi.tesouro.gov.br/siconfi/pages/public/consulta_finbra/finbra_list.jsf. Acesso em: set. 2018</td></tr><tr><td>PIB per capita: IBGE, em parceria com os Órgãos Estaduais de Estatística, Secretarias Estaduais de Governo e Superintendência da Zona Franca de Manaus - SUFRAMA</td></tr></table>