Paran&aacute; | Todos os Munic&iacute;pios
Munic&iacute;pio [-],C&oacute;digo [-],Gent&iacute;lico [-],Prefeito [2021],&Aacute;rea Territorial - km&sup2; [2022],Popula&ccedil;&atilde;o residente - pessoas [2022],Densidade demogr&aacute;fica - hab/km&sup2; [2022],Escolariza&ccedil;&atilde;o &lt;span&gt;6 a 14 anos&lt;/span&gt; - % [2010],IDHM &lt;span&gt;&Iacute;ndice de desenvolvimento humano municipal&lt;/span&gt; [2010],Mortalidade infantil - &oacute;bitos por mil nascidos vivos [2020],Receitas realizadas - R$ (&times;1000) [2017],Despesas empenhadas - R$ (&times;1000) [2017],PIB per capita - R$ [2020],
Abati&aacute;,4100103,abatiense,NELSON GARCIA JUNIOR,228.717,7241,31.66,96.5,0.687,-,21302.4779,17805.68531,32365.02,
Adrian&oacute;polis,4100202,adrianopolitano ou adrianopolense,VANDIR DE OLIVEIRA ROSA,1349.311,6256,4.64,95.8,0.667,-,27896.90718,26008.12705,48809.91,
Agudos do Sul,4100301,agudense-do-sul ou agudense,JESSE DA ROCHA ZOELLNER,192.261,10233,53.22,96.3,0.660,-,23790.02827,21427.99858,21880.29,
Almirante Tamandar&eacute;,4100400,tamandareense,GERSON DENILSON COLODEL,194.228,119825,616.93,95.6,0.699,7.54,200858.73732,165618.13589,14102.03,
Altamira do Paran&aacute;,4100459,altamirense,JOSE ETEVALDO DE OLIVEIRA,386.945,3590,9.28,97.5,0.667,19.23,21885.68263,18892.50535,49808.79,
Alt&ocirc;nia,4100509,altoniano,CLAUDENIR GERVASONE,661.560,18738,28.32,99.7,0.721,8.89,56894.27554,47629.1877,18892.65,
Alto Paran&aacute;,4100608,alto-paranaense,CLAUDEMIR JOIA PEREIRA,407.719,13909,34.11,96,0.696,11.11,49050.42207,38262.57745,21075.07,
Alto Piquiri,4100707,alto-piquirense,GIOVANE MENDES DE CARVALHO,447.666,9727,21.73,97.7,0.676,7.58,33578.9144,30480.36361,35792.24,
Alvorada do Sul,4100806,alvoradense-do-sul,MARCOS ANTONIO VOLTARELLI,424.250,10326,24.34,97.4,0.708,-,38595.7058,32758.45843,31448.37,
Amapor&atilde;,4100905,amaporense,MAURO LEMOS,384.735,4762,12.38,98.3,0.669,-,23652.63869,19791.33832,19169.32,
Amp&eacute;re,4101002,amperense,DISNEI LUQUINI,298.349,19620,65.76,99.3,0.709,3.62,53952.96976,47302.73743,33663.05,
Anahy,4101051,anaiense,CARLOS ANTONIO REIS,102.895,2918,28.36,97.4,0.695,-,16524.26347,13907.21309,43281.18,
Andir&aacute;,4101101,andiraense,IONE ELISABETH ALVES ABIB,235.944,19878,84.25,99.1,0.725,13.27,76575.51877,64662.02459,39411.87,
&Acirc;ngulo,4101150,angulense,ROG&Eacute;RIO APARECIDO BERNARDO,106.021,3235,30.51,100,0.721,-,22532.87433,17528.14675,47666.31,
Antonina,4101200,antoninense,JOS&Eacute; PAULO VIEIRA AZIM,891.582,18091,20.29,97.6,0.687,-,54850.93103,50220.65781,30251.42,
Ant&ocirc;nio Olinto,4101309,antoniolintense,ALAN JAROS,469.620,7018,14.94,98.6,0.656,13.33,23695.77347,20198.7081,28833.44,
Apucarana,4101408,apucaranense,SEBASTIAO FERREIRA MARTINS JUNIOR,556.990,130134,233.64,97.8,0.748,10.63,333503.24963,302077.09003,24507.46,
Arapongas,4101507,araponguense,SERGIO ONOFRE DA SILVA,382.215,119138,311.70,97.3,0.748,8.01,311862.45872,282449.51696,35763.17,
Arapoti,4101606,arapotiense,IRANI JOSE BARROS,1358.176,25777,18.98,97.7,0.723,16.57,95686.15669,76735.60762,45222.72,
Arapu&atilde;,4101655,arapuense,DEODATO MATIAS,217.371,3527,16.23,97.1,0.676,-,17607.90099,15645.49382,42448.85,
Araruna,4101705,ararunense,LEANDRO CESAR DE OLIVEIRA,493.191,14485,29.37,99.1,0.704,-,47109.10876,43286.37144,38106.60,
Arauc&aacute;ria,4101804,araucariano,HISSAM HUSSEIN DEHAINI,469.240,151666,323.22,97.4,0.740,6.4,1031236.18221,713669.69042,134901.01,
Ariranha do Iva&iacute;,4101853,ariranhense do iva&iacute;,THIAGO EPIFANIO DA SILVA,234.076,2329,9.95,99.4,0.670,-,17929.99824,13204.38201,60657.48,
Assa&iacute;,4101903,assaiense,MICHEL ANGELO BOMTEMPO,440.347,13797,31.33,98,0.728,6.49,47740.25987,39980.4735,33138.39,
Assis Chateaubriand,4102000,assis-chateaubriense,VALTER APARECIDO SOUZA CORREIA,980.727,36808,37.53,98.6,0.729,6.88,110029.77719,93861.28847,41822.91,
Astorga,4102109,astorgano,SUZIE APARECIDA PUCILLO ZANATTA,434.792,25475,58.59,97.4,0.747,21.28,81604.54154,69112.08505,33123.48,
Atalaia,4102208,atalaiense,CARLOS EDUARDO ARMELIN MARIANI,137.663,3980,28.91,99.6,0.736,-,22112.7648,19697.19113,47593.53,
Balsa Nova,4102307,balsa-novense,MARCOS ANTONIO ZANETTI,348.926,13395,38.39,87.4,0.696,19.35,53670.59253,45954.50726,54374.33,
Bandeirantes,4102406,bandeirantense,JAELSON RAMALHO MATTA,445.192,31273,70.25,97.8,0.727,5.17,73915.03994,63634.5801,32178.42,
Barbosa Ferraz,4102505,barbosense,EDENILSON APARECIDO MILIOSSI,538.636,10795,20.04,98.2,0.696,-,36116.20339,31640.69078,24656.06,
Barrac&atilde;o,4102604,barraconense,JORGE LUIZ SANTIN,161.213,9759,60.53,95.3,0.706,-,39271.02329,33672.37782,26002.93,
Barra do Jacar&eacute;,4102703,barrense,EDIMAR DE FREITAS ALBONETI,115.855,2814,24.29,98.7,0.744,-,16904.05899,13728.96018,44296.46,
Bela Vista da Caroba,4102752,bela-vistense,GELSON MAFFI,148.107,4031,27.22,99.5,0.681,25,16979.21179,13878.83643,27178.16,
Bela Vista do Para&iacute;so,4102802,bela-vistense,FABRICIO PASTORE,242.689,14833,61.12,97.3,0.716,19.35,44196.64293,36909.66925,34254.32,
Bituruna,4102901,biturenense,RODRIGO ROSSONI,1234.946,15533,12.58,98.2,0.667,14.87,54066.00709,47507.87074,27047.59,
Boa Esperan&ccedil;a,4103008,boa-esperansense,JOEL CELSO BUSCARIOL,302.739,4558,15.06,99,0.720,-,23815.23761,20710.11438,68257.95,
Boa Esperan&ccedil;a do Igua&ccedil;u,4103024,boaesperencense,GIVANILDO TRUMI,151.797,2455,16.17,98.3,0.700,-,18090.96703,15984.69558,47668.10,
Boa Ventura de S&atilde;o Roque,4103040,boa venturense,EDSON FL&Aacute;VIO HOFFMANN,620.453,6378,10.28,97.5,0.655,23.26,31809.68918,23937.45271,47237.13,
Boa Vista da Aparecida,4103057,boa-vistense,LEONIR ANTUNES DOS SANTOS,266.175,7924,29.77,99.2,0.670,-,29754.88719,29694.59198,23951.05,
Bocai&uacute;va do Sul,4103107,bocaiuvense,ANTONIO LUIZ GUSSO,825.665,13281,16.09,95.1,0.640,15.31,33981.14629,27294.50966,17752.38,
Bom Jesus do Sul,4103156,bonjesuense,HELIO JOSE SURDI,176.129,3980,22.60,99.4,0.697,-,19948.46221,17631.48328,26171.87,
Bom Sucesso,4103206,bom-sucessense,RAIMUNDO SEVERIANO DE ALMEIDA JUNIOR,322.755,6581,20.39,95.5,0.686,-,27358.73939,24688.72162,20863.76,
Bom Sucesso do Sul,4103222,bomsucessense do sul,NILSON ANTONIO FEVERSANI,195.931,3202,16.34,98.3,0.742,-,22286.35576,18117.63482,80669.52,
Borraz&oacute;polis,4103305,borrazopolitano,DALTON FERNANDES MOREIRA,334.378,7735,23.13,99,0.717,12.66,23979.11338,19373.08251,35872.73,
Braganey,4103354,braganense,ODAIR GUERREIRO OLIVEIRA,343.321,4854,14.14,98,0.701,-,23080.73628,17629.07055,45488.11,
Brasil&acirc;ndia do Sul,4103370,brasilandiense,ALEX ANTONIO CAVALCANTE,291.036,3708,12.74,97.8,0.681,23.81,23381.87059,21465.422,84215.69,
Cafeara,4103404,cafearense,ELTON FABIO LAZARETTI,185.800,2627,14.14,99.5,0.693,-,16859.40046,14641.14835,26072.93,
Cafel&acirc;ndia,4103453,cafelandense,CULESTINO KIARA,274.904,18997,69.10,98,0.748,3.15,74075.55686,60227.67424,113468.44,
Cafezal do Sul,4103479,cafezalense,MARIO JUNIO KAZUO DA SILVA,335.392,4473,13.34,98.4,0.692,15.38,19863.67722,19078.61298,32588.40,
Calif&oacute;rnia,4103503,californiano,PAULO WILSON MENDES,141.817,8710,61.42,97.2,0.722,25.42,27659.24936,21097.54658,25365.67,
Cambar&aacute;,4103602,cambaraense,JOS&Eacute; SALIM HAGGI NETO,366.153,23210,63.39,97.3,0.721,10.75,75318.25344,55466.07134,31395.74,
Camb&eacute;,4103701,cambeense,CONRADO &Acirc;NGELO SCHELLER,495.375,107208,216.42,97.5,0.734,7.26,285940.19392,248791.5082,43317.49,
Cambira,4103800,cambirense,EMERSON TOLEDO PIRES,164.786,9460,57.41,97.5,0.725,-,26273.58534,21131.9679,31027.22,
Campina da Lagoa,4103909,campinense-da-lagoa,MILTON LUIZ ALVES,796.614,15723,19.74,97.3,0.704,20.41,48287.58412,40522.95684,39228.76,
Campina do Sim&atilde;o,4103958,campineiro do sim&atilde;o,ANDR&Eacute; JUNIOR DE PAULA,448.424,3936,8.78,98.4,0.630,-,22366.71652,20245.09941,33865.26,
Campina Grande do Sul,4104006,campinense-do-sul,BIHL ELERIAN ZANETTI,539.245,47799,88.64,98,0.718,8.8,146811.35667,115275.2415,39962.74,
Campo Bonito,4104055,campo-bonitense,MARIO WEBER,433.832,4027,9.28,97.4,0.681,-,24283.5252,19430.62493,63941.17,
Campo do Tenente,4104105,tenentiano,WEVERTON WILLIAN VIZENTIN,304.488,7508,24.66,98.7,0.686,18.02,24380.72221,22983.35229,25714.04,
Campo Largo,4104204,campo-larguense,MAUR&Iacute;CIO ROBERTO RIVABEM,1243.551,136327,109.63,97.7,0.745,10.7,334617.81068,263348.38055,35257.96,
Campo Magro,4104253,campomagrense,CLAUDIO CESAR CASAGRANDE,275.352,29879,108.51,96.1,0.701,5.31,70517.06947,66764.12173,16886.79,
Campo Mour&atilde;o,4104303,mour&atilde;oense,TAUILLO TEZELLI,749.637,99432,132.64,98.2,0.757,11.97,325876.0211,263940.0456,48044.40,
C&acirc;ndido de Abreu,4104402,c&acirc;ndido-abreuense,RENAN MENCK ROMANICHEN,1510.160,15244,10.09,98.1,0.629,10.36,44514.10934,39540.31021,26109.08,
Cand&oacute;i,4104428,candoianos,ALDOINO GOLDONI FILHO,1512.786,14973,9.90,93.8,0.635,9.26,62024.48056,45619.27801,45172.98,
Cantagalo,4104451,cantagalense,JO&Atilde;O KONJUNSKI,583.304,10933,18.74,96,0.635,13.25,37515.04895,33100.62622,22938.84,
Capanema,4104501,capanemense,AMERICO BELLE,419.036,20481,48.88,98.2,0.706,8.2,63634.53021,52869.59706,41763.44,
Capit&atilde;o Le&ocirc;nidas Marques,4104600,le&ocirc;nidas-marquesiense,MAXWELL SCAPINI,280.063,14648,52.30,98.2,0.716,15.63,54181.82619,44754.17599,88037.48,
Carambe&iacute;,4104659,carambiense,ELISANGELA PEDROSO DE OLIVEIRA NUNES,649.680,23283,35.84,98.2,0.728,8.67,85492.76962,75170.97805,61284.85,
Carl&oacute;polis,4104709,carlopolitano,HIROSHI KUBO,451.418,16905,37.45,98.1,0.713,9.9,39762.4564,32200.5857,27951.87,
Cascavel,4104808,cascavelense,LEONALDO PARANHOS DA SILVA,2091.199,348051,166.44,98.1,0.782,7.09,962657.58077,805933.7399,42593.14,
Castro,4104907,castrense,MOACYR ELIAS FADEL JUNIOR,2531.503,73044,28.85,97.2,0.703,8.88,214539.00,176703.13882,45840.39,
Catanduvas,4105003,catanduvense,MOISES APARECIDO DE SOUZA,580.421,10446,18.00,97.8,0.678,-,31959.51902,25617.01953,34208.67,
Centen&aacute;rio do Sul,4105102,centenariense,MELQUIADES TAVIAN JUNIOR,371.834,10832,29.13,97.9,0.668,-,33044.34839,29330.14889,25652.14,
Cerro Azul,4105201,cerro-azulense,PATRIK MAGARI,1341.189,16134,12.03,92.9,0.573,-,45669.89414,40136.50712,19689.69,
C&eacute;u Azul,4105300,c&eacute;u-azulense,LAURINDO SPEROTTO,1179.449,11087,9.40,98.4,0.732,9.17,51371.45943,44429.249,68194.17,
Chopinzinho,4105409,chopinzinhense,EDSON LUIZ CENCI,959.692,21079,21.96,98.1,0.740,7.55,85971.58126,71992.95039,44203.04,
Cianorte,4105508,cianortense,MARCO ANTONIO FRANZATO,811.666,79527,97.98,98.2,0.755,10.76,283157.49013,248120.80945,32063.31,
Cidade Ga&uacute;cha,4105607,cidade-gauchense ou citadino,HENRIQUE DOMINGUES,403.045,11467,28.45,98.5,0.718,6.9,37818.07454,34806.09798,32914.70,
Clevel&acirc;ndia,4105706,clevelandense,RAFAELA MARTINS LOSI,703.638,15070,21.42,96,0.694,23.26,54997.73135,46848.90778,36271.28,
Colombo,4105805,colombense,HELDER LUIZ LAZAROTTO,197.580,232056,1174.49,96.6,0.733,8.21,407967.01225,356978.85096,20107.90,
Colorado,4105904,colorado,MARCOS JOS&Eacute; CONSALTER DE MELLO,407.568,22896,56.18,98.1,0.730,13.89,85272.00514,70195.43477,29678.38,
Congonhinhas,4106001,congonhinhense,JOS&Eacute; OLEG&Aacute;RIO RIBEIRO LOPES,535.963,8320,15.52,98.7,0.668,-,28467.00531,21350.00712,29826.16,
Conselheiro Mairinck,4106100,mairinquense,ALEX SANDRO PEREIRA COSTA DOMINGUES,204.705,3461,16.91,98.7,0.707,-,16124.20854,14861.85142,30444.44,
Contenda,4106209,contendense,ANTONIO ADAMIR DIGNER,299.037,19128,63.97,99.6,0.681,12.82,56309.73279,45438.71896,23892.21,
Corb&eacute;lia,4106308,corbeliano,GIOVANI MIGUEL WOLF HNATUW,529.137,17470,33.02,97.9,0.738,9.01,70372.98162,56025.86279,60245.12,
Corn&eacute;lio Proc&oacute;pio,4106407,procopense,AMIN JOSE HANNOUCHE,635.100,45206,71.18,98.7,0.759,13.27,128152.47518,112439.98133,36570.29,
Coronel Domingos Soares,4106456,domingosoarense,JANDIR BANDIERA,1556.186,5649,3.63,95.9,0.600,24.39,29988.1546,25562.98895,30537.60,
Coronel Vivida,4106506,coronel-vividense,ANDERSON MANIQUE BARRETO,684.417,23331,34.09,97.5,0.723,12.5,71385.64644,69625.73308,35432.15,
Corumbata&iacute; do Sul,4106555,corumbataiense,ALEXANDRE DONATO,164.341,3760,22.88,97,0.638,-,17470.1544,15905.4491,26232.36,
Cruzeiro do Igua&ccedil;u,4106571,cruzeirense,LEONIR ANT&Ocirc;NIO GELHEN,161.862,4133,25.53,98.4,0.709,23.26,22958.25502,18967.24352,36519.20,
Cruzeiro do Oeste,4106605,cruzeirense,MARIA HELENA BERTOCO RODRIGUES,775.984,23831,30.71,97.7,0.717,13.99,67573.12677,60804.21937,39724.57,
Cruzeiro do Sul,4106704,cruzeirense-do-sul,MARCOS CESAR SUGIGAN,259.103,4494,17.34,98.5,0.713,45.45,20030.83922,19005.56609,44322.60,
Cruz Machado,4106803,cruz-machadense,ANTONIO LUIS SZAYKOWSKI,1478.350,15978,10.81,96.9,0.664,25.51,62925.55054,53592.70036,23545.33,
Cruzmaltina,4106852,cruzmaltinense,NATAL CASAVECHIA,312.299,2882,9.23,99.3,0.666,-,17818.47504,14222.88015,54952.45,
Curitiba,4106902,curitibano,RAFAEL VALDOMIRO GRECA DE MACEDO,434.892,1773733,4078.56,97.6,0.823,7.1,8661107.78088,8029191.25759,45318.46,
Curi&uacute;va,4107009,curiuvense,NATA NAEL MOURA DOS SANTOS,576.263,13647,23.68,98.7,0.656,11.36,43138.38771,35909.33769,15267.41,
Diamante do Norte,4107108,diamantense,ELIEL DOS SANTOS CORREA,242.887,5142,21.17,97.2,0.723,-,28753.79623,23537.77297,79100.78,
Diamante do Sul,4107124,sul-diamantino,DARCI TIRELLI,347.233,3171,9.13,99.4,0.608,51.28,16436.06517,14263.14011,20314.28,
Diamante D'Oeste,4107157,diamantense,GUILHERME PIVATTO JUNIOR,309.110,4557,14.74,98.2,0.644,40.82,23414.96838,18879.33991,21447.36,
Dois Vizinhos,4107207,duovizinhense,LUIS CARLOS TURATTO,418.648,44869,107.18,98.4,0.767,4.66,121616.7359,106017.22608,43778.73,
Douradina,4107256,douradinense,OBERDAM JOS&Eacute; DE OLIVEIRA,420.604,9161,21.78,97.2,0.724,-,29112.24873,25816.10272,76341.42,
Doutor Camargo,4107306,camarguense,&Eacute;DILEN HENRIQUE XAVIER,118.279,6327,53.49,98.6,0.746,33.33,22321.54379,19686.67747,36574.86,
En&eacute;as Marques,4107405,en&eacute;as-marquense,EDSON LUPATINI,192.203,5999,31.21,99.3,0.752,-,26915.87323,20281.07224,41229.64,
Engenheiro Beltr&atilde;o,4107504,engenheiro-beltrense,ADALMIR JOS&Eacute; GARBIM JUNIOR,467.470,12454,26.64,97.8,0.730,7.25,43004.04584,36378.45247,39593.87,
Esperan&ccedil;a Nova,4107520,esperan&ccedil;anovense,EVERTON BARBIERI,141.286,1849,13.09,98.5,0.689,-,17889.63783,12350.56202,37133.47,
Entre Rios do Oeste,4107538,entrerriense,ARI ALO&Iacute;SIO MALDANER,120.967,4575,37.82,100,0.761,-,35878.21502,29709.30992,63704.75,
Espig&atilde;o Alto do Igua&ccedil;u,4107546,espig&atilde;oense,AGENOR BERTONCELO,326.440,4797,14.69,97.9,0.636,-,21033.60554,17792.35574,39563.70,
Farol,4107553,farolense,OCLECIO DE FREITAS MENESES,289.232,3039,10.51,97.1,0.715,-,20234.9281,17490.82625,71406.53,
Faxinal,4107603,faxinalense,YLSON ALVARO CANTAGALLO,715.943,16389,22.89,96.3,0.687,10,57332.06947,43740.98432,27236.23,
Fazenda Rio Grande,4107652,fazendense,NASSIB KASSEM HAMMAD,116.678,148873,1275.93,95.8,0.720,9.92,248605.46237,198791.34565,27169.68,
F&ecirc;nix,4107702,fenexense,ALTAIR MOLINA SERRANO,234.099,4492,19.19,99.1,0.716,18.52,22835.77304,19390.40659,44656.87,
Fernandes Pinheiro,4107736,fernandespinheirense,CLEONICE APARECIDA KUFENER SCHUCK,406.500,6255,15.39,96.5,0.645,-,33515.65742,28014.7274,40231.31,
Figueira,4107751,figueirense,JOS&Eacute; CARLOS CONTIERO,129.769,8062,62.13,98.1,0.677,-,26919.22103,24908.65512,17983.88,
Flora&iacute;,4107801,floraiense,EDNA DE LOURDES CARPINE CONTIN,191.133,4792,25.07,97,0.745,-,22436.08301,19654.20244,47746.80,
Flor da Serra do Sul,4107850,sulflorense,VALMOR FELIPE JUNIOR,255.721,4364,17.07,98.7,0.682,13.33,24577.22803,20446.87644,33103.93,
Floresta,4107900,florestense,ADEMIR LUIZ MACIEL,158.226,10458,66.10,98.8,0.736,-,29597.06466,25451.00517,38210.16,
Florest&oacute;polis,4108007,florestopolitano,ONICIO DE SOUZA,246.853,11446,46.37,97.2,0.701,6.76,35234.59684,30887.48358,44903.06,
Fl&oacute;rida,4108106,floridense,ANTONIO EMERSON SETTE,83.046,2652,31.93,96.3,0.732,-,18338.55781,14876.32076,27980.76,
Formosa do Oeste,4108205,formosense-do-oeste,LUIZ ANTONIO DOMINGOS DE AGUIAR,275.901,7635,27.67,96.4,0.723,-,27155.64365,20319.77586,48513.23,
Foz do Igua&ccedil;u,4108304,igua&ccedil;uense,FRANCISCO LACERDA BRASILEIRO,609.192,285415,468.51,96.4,0.751,9.14,1031540.52937,873653.36565,69247.40,
Francisco Alves,4108320,alvense,VALTER CESAR ROSA,321.898,8116,25.21,98.6,0.669,25.64,28993.43766,25193.92414,40282.73,
Francisco Beltr&atilde;o,4108403,beltronense,CLEBER FONTANA,735.111,96666,131.50,98.8,0.774,9.4,323537.38641,257972.58845,34627.69,
Foz do Jord&atilde;o,4108452,fozjordense,FRANCISCO CLEI DA SILVA,235.382,4926,20.93,96.4,0.645,-,22703.79059,18585.15732,37608.99,
General Carneiro,4108502,carneirense,JOEL RICARDO MARTINS FERREIRA,1071.183,11062,10.33,96.7,0.652,5.05,38179.0947,30453.26399,26159.81,
Godoy Moreira,4108551,godoense,PRIMIS DE OLIVEIRA,131.012,2977,22.72,100,0.675,-,17168.85036,15514.79192,22371.93,
Goioer&ecirc;,4108601,goio-erense,ROBERTO DOS REIS DE LIMA,564.163,28437,50.41,97.4,0.731,8.98,83543.22307,76107.26551,35384.85,
Goioxim,4108650,goioxinhense,MARI TEREZINHA DA SILVA,702.471,6566,9.35,98.1,0.641,18.52,23738.29914,20424.4738,40059.32,
Grandes Rios,4108700,grande-riense,ANTONIO RIBEIRO DA SILVA,314.198,5641,17.95,96.1,0.658,23.81,20110.83737,17939.79366,25055.73,
Gua&iacute;ra,4108809,guairense,HERALDO TRENTO,563.742,32097,56.94,95.9,0.724,4.45,105766.50093,95433.84395,33844.64,
Guaira&ccedil;&aacute;,4108908,guaira&ccedil;aense,MARCELO ALVES DE OLIVEIRA,493.940,6544,13.25,96.9,0.693,38.46,20755.37126,19047.00635,37387.53,
Guamiranga,4108957,guamiranguense,MARCELO LEITE,244.795,7856,32.09,97.5,0.669,28.17,29876.4066,21264.04967,30458.93,
Guapirama,4109005,guapiramense,EDUI GON&Ccedil;&Atilde;LVES,189.100,4626,24.46,98.6,0.702,-,21152.21126,18966.69163,36687.94,
Guaporema,4109104,guaporemense,GILBERTO CASTIGLIONI,201.150,2191,10.89,98.4,0.719,55.56,17753.54661,15755.63449,32265.29,
Guaraci,4109203,guaraciense,SIDNEI DEZOTI,211.680,4748,22.43,99.3,0.698,-,25258.14495,20162.29852,26783.92,
Guarania&ccedil;u,4109302,guarania&ccedil;uano,OSMARIO DE LIMA PORTELA,1238.320,13735,11.09,96.9,0.677,5.24,47921.34543,40563.93066,38578.10,
Guarapuava,4109401,guarapuavano,CELSO FERNANDO G&Oacute;ES,3168.087,182093,57.48,97.1,0.731,9.89,429923.42332,358585.02795,41146.84,
Guaraque&ccedil;aba,4109500,guaraque&ccedil;abano,LILIAN RAMOS NARLOCH,2011.357,7430,3.69,95.3,0.587,-,27641.04798,22267.77227,14947.17,
Guaratuba,4109609,guaratubano,ROBERTO CORDEIRO JUSTUS,1326.670,42062,31.70,97.8,0.717,11.17,137741.27182,144526.94848,23546.70,
Hon&oacute;rio Serpa,4109658,hon&oacute;rio serpense,LUCIANO DIAS,502.235,4941,9.84,99.1,0.683,13.7,24492.73642,17567.10942,46372.52,
Ibaiti,4109708,ibaitiense,ANTONELY DE CASSIO ALVES DE CARVALHO,898.221,28830,32.10,96.5,0.710,8.33,63775.96913,46837.93239,24357.42,
Ibema,4109757,ibemense,VIVIANE COMIRAN,145.446,6218,42.75,98,0.685,-,21136.1128,17140.11908,26471.30,
Ibipor&atilde;,4109807,ibiporanense,JOS&Eacute; MARIA FERREIRA,297.742,51603,173.31,96.8,0.726,19.23,209186.1627,172097.45833,48227.17,
Icara&iacute;ma,4109906,icaraimense,MARCOS ALEX DE OLIVEIRA,675.240,8991,13.32,97.8,0.666,28.04,33968.32351,31657.72182,33147.69,
Iguara&ccedil;u,4110003,iguara&ccedil;uense,ELISEU SILVA DA COSTA,164.983,5338,32.35,98.3,0.758,-,23567.67003,20742.65292,41297.84,
Iguatu,4110052,iguatuense,VLADEMIR ANTONIO BARELLA,106.937,2144,20.05,96.7,0.703,-,15008.70503,12070.65246,40662.64,
Imba&uacute;,4110078,imbauense,DAYANE SOVINSKI RODRIGUES,330.734,14249,43.08,97.2,0.622,6.13,29448.29617,27047.31744,17219.46,
Imbituva,4110102,imbituvense,CELSO KUBASKI,756.535,29924,39.55,95.9,0.660,9.03,90941.42459,72054.76637,31752.68,
In&aacute;cio Martins,4110201,in&aacute;cio-martinense,EDEMETRIO BENATO JUNIOR,936.208,9670,10.33,94.5,0.600,5.92,45687.39397,32169.45357,21134.41,
Inaj&aacute;,4110300,inajaense,CLEBER GERALDO DA SILVA,194.704,2536,13.02,98.6,0.705,-,18021.34316,15663.32402,16635.06,
Indian&oacute;polis,4110409,indianopolitano,JULIANO TREVISAN CORDEIRO,122.622,4448,36.27,100,0.724,-,29593.43139,25481.73304,104627.04,
Ipiranga,4110508,ipiranguense,DOUGLAS DAVI CRUZ,900.721,14142,15.70,97.4,0.652,14.35,48447.88927,41809.71146,37307.71,
Ipor&atilde;,4110607,ipor&atilde;ense,SERGIO LUIZ BORGES,647.894,15746,24.30,99.2,0.706,9.48,49180.6497,39327.693,32146.73,
Iracema do Oeste,4110656,iracemense,ELZA HAASE RODRIGUES,81.538,2343,28.74,98.3,0.707,-,15300.75687,12663.61136,40156.23,
Irati,4110706,iratiense,JORGE DAVID DERBLI PINTO,999.517,59250,59.28,98.5,0.726,5.36,163562.3799,140858.64724,33519.24,
Iretama,4110805,iretamense,SAME SAAB,570.459,10684,18.73,98.7,0.665,23.26,40146.53561,31278.75466,30019.09,
Itaguaj&eacute;,4110904,itaguajeense,CRISOGONO NOLETO E SILVA JUNIOR,194.353,4481,23.06,98.9,0.707,-,23191.43986,19899.49881,25492.26,
Itaipul&acirc;ndia,4110953,itaipulandiense,CLEIDE IN&Ecirc;S GRIEBELER PRATES,330.846,11485,34.71,99.2,0.738,14.49,101491.879,88941.31451,39844.76,
Itambarac&aacute;,4111001,itambaracaense,M&Ocirc;NICA CRISTINA ZAMBON HOLZMANN,207.342,5908,28.49,99.5,0.694,-,21900.86252,20027.42926,31137.03,
Itamb&eacute;,4111100,itambenense,VITOR APARECIDO FEDRIGO,243.822,6111,25.06,99.2,0.746,14.08,22541.24796,18861.56865,40067.91,
Itapejara d'Oeste,4111209,itapejarense,VILMAR SCHMOLLER,254.014,12344,48.60,100,0.731,18.87,41943.68175,33048.44523,57811.89,
Itaperu&ccedil;u,4111258,itaperu&ccedil;uense,NENEU JOS&Eacute; ARTIGAS,322.991,31217,96.65,94.9,0.637,1.89,52087.24682,47937.5453,19734.39,
Ita&uacute;na do Sul,4111308,itaunense,GILSON JOS&Eacute; DE GOIS,128.870,3572,27.72,93.6,0.656,22.22,15606.20677,14341.30318,30358.29,
Iva&iacute;,4111407,ivaiense,IDIR TREVISO,607.848,13229,21.76,97.2,0.651,10.15,40132.32813,35495.50998,33542.27,
Ivaipor&atilde;,4111506,ivaipor&atilde;nense,LUIZ CARLOS GIL,436.989,32720,74.88,98.3,0.730,23.05,89810.16576,80261.84193,27021.03,
Ivat&eacute;,4111555,ivateense,DENILSON VAGLIERI PREVITAL,410.156,6831,16.65,98.1,0.706,22.73,27092.36272,21331.44065,24589.23,
Ivatuba,4111605,ivatubense,SERGIO JOSE SANTI,96.661,2708,28.02,99.2,0.766,29.41,43455.73601,16007.53533,42794.37,
Jaboti,4111704,jabotiense,REGIS WILLIAM SIQUEIRA RODRIGUES,139.277,5427,38.97,97.6,0.718,-,19959.08933,19595.15821,23427.33,
Jacarezinho,4111803,jacarezinhense,MARCELO JOS&Eacute; BERNARDELI PALHARES,602.528,40375,67.01,98.1,0.743,5.26,105850.74167,90957.51801,36380.60,
Jaguapit&atilde;,4111902,jaguapit&atilde;ense,GERSON LUIZ MARCATO,475.004,15122,31.84,98.9,0.715,11.76,47516.38143,40141.48595,67490.69,
Jaguaria&iacute;va,4112009,jaguariaivense,ALCIONE LEMOS,1453.066,35141,24.18,98,0.743,3.77,101707.18291,89723.91847,40432.40,
Jandaia do Sul,4112108,jandaiense-do-sul,LAURO DE SOUZA SILVA JUNIOR,187.600,21408,114.12,99.2,0.747,8.51,61490.15584,52660.84095,36093.77,
Jani&oacute;polis,4112207,janiopolitano,ISMAEL JOSE DEZANOSKI,335.650,5870,17.49,99,0.696,-,23256.74689,18528.57227,49129.26,
Japira,4112306,japirense,ANGELO MARCOS VIGILATO,187.802,4972,26.47,98.3,0.696,36.36,18509.25062,16805.05207,23778.00,
Japur&aacute;,4112405,japuraense,ADRIANA CRISTINA POLIZER,165.185,9144,55.36,98.4,0.712,21.74,36890.66014,32486.82385,32919.45,
Jardim Alegre,4112504,jardim-alegrense,JOSE ROBERTO FURLAN,413.386,12004,29.04,98.1,0.689,7.41,35235.56798,29567.08901,28862.02,
Jardim Olinda,4112603,jardinolindense,LUCIMAR DE SOUZA MORAIS,128.515,1343,10.45,97.5,0.682,-,15444.02901,12418.31194,34983.34,
Jataizinho,4112702,jatainhense,WILSON FERNANDES,159.178,11813,74.21,97.9,0.687,18.87,2822950.30607,25262.39694,19544.75,
Jesu&iacute;tas,4112751,jesuitense,APARECIDO JOSE WEILLER JUNIOR,247.496,10506,42.45,97.6,0.705,9.62,30215.11279,22231.05452,46988.16,
Joaquim T&aacute;vora,4112801,tavorense,REGINALDO VILELA,289.173,11945,41.31,97.4,0.700,17.44,39646.08306,32178.59858,54389.11,
Jundia&iacute; do Sul,4112900,jundiaiense-do-sul,ECLAIR RAUEN,320.816,3333,10.39,99,0.688,23.26,14934.89521,12120.17231,35050.43,
Juranda,4112959,jurandense,LEILA MIOTTO AMADEI,354.364,7771,21.93,98.2,0.708,-,29497.29092,23482.58446,54991.35,
Jussara,4113007,jussarense,ROBISON PEDROSO DA SILVA,210.869,6690,31.73,97,0.718,-,35130.23922,28349.9864,52739.70,
Kalor&eacute;,4113106,kaloreense,EDMILSON LUIS STENCEL,193.299,4582,23.70,95.9,0.721,20,20449.51506,17856.79084,36042.52,
Lapa,4113205,lapeano,DIEGO TIMBIRUSSU RIBAS,2093.859,45003,21.49,98.8,0.706,14.84,152038.316,127433.96912,41860.50,
Laranjal,4113254,laranjaense,JOAO ELINTON DUTRA,559.439,5600,10.01,97.2,0.585,10.87,25137.73177,18358.34687,17442.39,
Laranjeiras do Sul,4113304,laranjeirense-do-sul,JONATAS FELISBERTO DA SILVA,673.688,32227,47.84,96.3,0.706,12.22,90216.47084,75216.02056,27657.70,
Le&oacute;polis,4113403,leopolense,ALESSANDRO RIBEIRO,344.918,3752,10.88,98.8,0.707,46.51,20945.91265,16968.23061,47861.74,
Lidian&oacute;polis,4113429,lidianopolitano,ADAUTO APARECIDO MANDU,151.456,3938,26.00,99.4,0.680,-,16780.8902,13928.82482,34820.41,
Lindoeste,4113452,lindo-estense,SILVIO DE SOUZA,347.093,5175,14.91,98.9,0.666,31.25,23625.5061,20271.97637,40661.73,
Loanda,4113502,loandense,JOS&Eacute; MARIA PEREIRA FERNANDES,722.496,23225,32.15,97.9,0.725,3.1,70315.68635,56542.04393,28257.95,
Lobato,4113601,lobatense,FABIO CHICAROLI,240.904,4601,19.10,98.8,0.744,20.83,25303.00329,21942.49535,46941.77,
Londrina,4113700,londrinense,MARCELO BELINATI MARTINS,1652.569,555937,336.41,97.3,0.778,11.84,1885135.89707,1810745.5818,37766.29,
Luiziana,4113734,luizianense,WILSON ANTONIO TURECK,916.839,6690,7.30,98.1,0.668,-,34716.56864,28726.07875,68992.36,
Lunardelli,4113759,lunardelliense,REINALDO GROLA,199.213,4872,24.46,98.5,0.690,-,18659.4804,17288.27907,24757.47,
Lupion&oacute;polis,4113809,lupionopolense,ANTONIO PELOSO FILHO,121.066,4813,39.76,98.5,0.710,44.44,20395.76141,17185.46758,25521.80,
Mallet,4113908,malletense,MOACIR ALFREDO SZINVELSKI,760.224,13428,17.66,98.5,0.708,-,43637.89765,33377.37529,50836.02,
Mambor&ecirc;,4114005,mamborense,RICARDO RADOMSKI,788.061,13452,17.07,98.8,0.719,-,53755.49519,44496.99152,60487.18,
Mandagua&ccedil;u,4114104,mandagua&ccedil;uense,MAURICIO APARECIDO DA SILVA,294.019,31457,106.99,96.8,0.718,9.46,70597.34385,58797.78222,26700.35,
Mandaguari,4114203,mandaguariense,IVON&Eacute;IA DE ANDRADE APARECIDO FURTADO,335.814,36716,109.33,98.7,0.751,12.22,102767.67968,88203.49454,48890.10,
Mandirituba,4114302,mandiritubense,LUIS ANTONIO BISCAIA,379.179,27434,72.35,94.7,0.655,11.8,68008.57966,60168.27808,22257.63,
Manfrin&oacute;polis,4114351,manfrinopolitano,ILENA DE FATIMA PEGORARO OLIVEIRA,215.779,2770,12.84,98.3,0.645,-,17085.54485,14034.69356,29008.94,
Mangueirinha,4114401,mangueirinhense,ELIDIO ZIMERMAN DE MORAES,1055.458,16603,15.73,97.6,0.688,29.17,77962.26207,72338.57182,93856.18,
Manoel Ribas,4114500,manoel-ribense,JOSE CARLOS DA SILVA CORONA,571.135,14240,24.93,95.6,0.716,-,41858.73533,35370.37475,34040.32,
Marechal C&acirc;ndido Rondon,4114609,rondonense,MARCIO ANDREI RAUBER,745.748,55836,74.87,98.5,0.774,8.06,194758.44085,158195.37254,52945.55,
Maria Helena,4114708,maria-helenense,MARLON RANCER MARQUES,486.224,5865,12.06,97.8,0.703,-,24186.71929,20223.3779,22986.88,
Marialva,4114807,marialvense,VICTOR CELSO MARTINI,475.564,41851,88.00,99.2,0.735,16.33,106423.91972,84396.27028,56859.39,
Maril&acirc;ndia do Sul,4114906,marilandense,AQUILES TAKEDA FILHO,384.424,8677,22.57,98.7,0.691,8,34267.73005,27971.24038,44441.93,
Marilena,4115002,marilenense,JOS&Eacute; APARECIDO DA SILVA,232.363,7253,31.21,98.5,0.681,12.82,27155.29445,19637.26467,24131.05,
Mariluz,4115101,mariluzense,PAULO ARMANDO DA SILVA ALVES,433.170,9847,22.73,99.1,0.639,13.7,40317.5675,35106.37153,26109.29,
Maring&aacute;,4115200,maringaense,ULISSES DE JESUS MAIA KOTSIFAS,487.012,409657,841.16,98.4,0.808,7.29,1444416.10224,1243868.00778,46507.74,
Mari&oacute;polis,4115309,mariopolitano,MARIO EDUARDO LOPES PAULEK,230.365,6371,27.66,97.5,0.698,11.9,31600.48908,24913.6753,56090.84,
Marip&aacute;,4115358,maripaense,RODRIGO ANDR&Eacute; SCHANOSKI,283.793,6555,23.10,99.6,0.758,13.16,34392.54914,29737.73504,80026.33,
Marmeleiro,4115408,marmeleirense,PAULO JAIR PILATI,387.612,15901,41.02,98.1,0.722,4.78,54954.5072,46560.05121,37623.33,
Marquinho,4115457,marquinhense,ELIO BOLZON JUNIOR,503.858,4504,8.94,99.4,0.614,-,21497.22168,18316.38877,24777.59,
Marumbi,4115507,marumbiense,ADHEMAR FRANCISCO REJANI,208.470,4699,22.54,97.1,0.721,21.28,19063.3749,14545.04407,18901.23,
Matel&acirc;ndia,4115606,matelandiense,MAXIMINO PIETROBON,639.746,18450,28.84,98.8,0.725,3.42,78061.38254,67476.60999,54720.40,
Matinhos,4115705,matinhense,JOS&Eacute; CARLOS DO ESPIRITO SANTO,117.899,39259,332.99,98.7,0.743,15.41,133385.50317,121568.23356,23357.36,
Mato Rico,4115739,mato-riquense,EDELIR DE JESUS RIBEIRO DA SILVA,394.533,3267,8.28,97.1,0.632,54.05,22448.28135,17729.92864,30568.43,
Mau&aacute; da Serra,4115754,mauaense da serra,HERMES WICTHOFF,108.324,9383,86.62,98.6,0.652,-,32436.63675,27700.93926,33050.32,
Medianeira,4115804,medianeirense,ANTONIO FRAN&Ccedil;A BENJAMIM,328.732,54369,165.39,98.7,0.763,13.85,159297.58977,143716.96502,44389.21,
Mercedes,4115853,mercedense,LAERTON WEBER,197.136,5931,30.09,99.6,0.740,-,33204.9214,30517.54926,44295.13,
Mirador,4115903,miradorense,FABIANO MARCOS DA SILVA TRAVAIN,221.708,2238,10.09,97.2,0.680,-,17090.60166,14118.68908,59251.11,
Miraselva,4116000,miraselvano,ROG&Eacute;RIO APARECIDO DA SILVA,90.294,1966,21.77,99.6,0.748,-,14141.09837,11105.70987,23792.51,
Missal,4116059,missalense,ADILTO LUIS FERRARI,324.397,11064,34.11,97.5,0.711,7.52,54189.81518,48388.48456,36201.03,
Moreira Sales,4116109,moreira-salense,RAFAEL BRITO DO PRADO,353.772,11175,31.59,98.3,0.675,16.13,38227.82319,32444.92382,24203.65,
Morretes,4116208,morretense,SEBASTIAO BRINDAROLLI JUNIOR,684.580,18309,26.74,96.6,0.686,4.55,51271.95367,44732.41383,22519.05,
Munhoz de Melo,4116307,munhozense,MARCONDES ARAUJO DA COSTA,137.018,3951,28.84,98.4,0.726,-,22213.15287,19906.0603,31988.35,
Nossa Senhora das Gra&ccedil;as,4116406,gracense,CLODOALDO APARECIDO RIGIERI,185.769,3669,19.75,97.1,0.709,-,16453.05885,12831.82563,23147.85,
Nova Alian&ccedil;a do Iva&iacute;,4116505,ivaiense,ULISSES DE SOUZA,131.272,1323,10.08,97.5,0.717,-,49.92759,9840.48069,29547.62,
Nova Am&eacute;rica da Colina,4116604,nova-americanense,SEBASTI&Atilde;O ROGATTI,129.476,3280,25.33,97.8,0.698,-,18085.36284,16510.11051,27833.90,
Nova Aurora,4116703,nova-aurorense,JOS&Eacute; APARECIDO DE PAULA E SOUZA,470.642,13765,29.25,95.8,0.733,13.7,47890.00978,41765.87261,72325.00,
Nova Cantu,4116802,nova-cantuense,AIRTON ANTONIO AGNOLIN,555.488,6790,12.22,96.8,0.658,10.75,24223.21238,20876.86002,60796.37,
Nova Esperan&ccedil;a,4116901,nova-esperancense,MOACIR OLIVATTI,401.587,26585,66.20,98.7,0.722,7.02,79861.27297,66246.23065,30716.79,
Nova Esperan&ccedil;a do Sudoeste,4116950,novaesperancense,JAIME DA SILVA STANG,208.472,5597,26.85,98.6,0.714,27.03,23377.9069,21677.53692,27732.96,
Nova F&aacute;tima,4117008,fatimense,ROBERTO CARLOS MESSIAS,283.423,7225,25.49,99.3,0.688,15.15,24663.21925,21469.92258,34594.62,
Nova Laranjeiras,4117057,nova laranjeirense,FABIO ROBERTO DOS SANTOS,1210.205,12074,9.98,95.5,0.642,16.95,36804.43915,32681.20697,22013.51,
Nova Londrina,4117107,nova-londrinense,OTAVIO HENRIQUE GRENDENE BONO,269.389,12923,47.97,98.6,0.758,-,40482.05286,36500.47469,30135.46,
Nova Ol&iacute;mpia,4117206,novaolimpiense,LUIZ LAZARO SORVOS,136.347,5833,42.78,98.8,0.710,14.93,23949.61078,21751.15971,16934.03,
Nova Santa B&aacute;rbara,4117214,b&aacute;rbaraense,CLAUDEMIR VALERIO,76.887,4184,54.42,97.6,0.680,40.82,17082.16973,15063.70159,21438.71,
Nova Santa Rosa,4117222,nova-santa-rosense,NORBERTO PINZ,204.665,8322,40.66,99.5,0.731,-,37622.68914,29499.38721,51770.23,
Nova Prata do Igua&ccedil;u,4117255,pratense,SERGIO FAUST,352.565,12699,36.02,97.9,0.716,7.46,54417.14579,44049.69363,36959.84,
Nova Tebas,4117271,nova-tebense,CLODOALDO FERNANDES DOS SANTOS,545.686,6848,12.55,97.5,0.651,11.63,27079.05443,23754.9971,29865.44,
Novo Itacolomi,4117297,itacolomiense,MOACIR ANDREOLLA,161.411,3125,19.36,97.9,0.710,47.62,20445.70997,14705.44985,29295.34,
Ortigueira,4117305,ortigueirense,ARY DE OLIVEIRA MATTOS,2429.520,24192,9.96,95.1,0.609,5.75,80217.04126,75449.0705,123835.00,
Ourizona,4117404,ourizonense,MANOEL RODRIGO AMADO,176.457,3187,18.06,96.9,0.720,-,20182.40734,16014.49816,43797.76,
Ouro Verde do Oeste,4117453,ouro-verdense,LUCIAN ALUISIO DIERINGS,293.042,6785,23.15,98.8,0.709,27.03,25096.64393,20476.70783,43889.34,
Pai&ccedil;andu,4117503,pai&ccedil;anduense,ISMAEL BATISTA,171.379,45962,268.19,97.2,0.716,11.13,93162.11297,85801.88702,23661.64,
Palmas,4117602,palmense,KOSMOS PANAYOTIS NICOLAOU,1557.903,48247,30.97,92.8,0.660,16.03,116315.80906,106307.78861,26502.74,
Palmeira,4117701,palmeirense,SERGIO LUIS BELICH,1470.072,33855,23.03,95.5,0.718,9.32,125473.13157,105541.0411,45249.65,
Palmital,4117800,palmitalense,VALDENEI DE SOUZA,817.647,13033,15.94,97,0.639,10.31,50416.17585,39523.83444,22602.34,
Palotina,4117909,palotinense,LUIZ ERNESTO DE GIACOMETTI,651.238,35011,53.76,99.4,0.768,9.45,142966.5598,119493.4871,83297.04,
Para&iacute;so do Norte,4118006,paraisense-do-norte,CARLOS ALBERTO VIZZOTTO,204.564,13245,64.75,97.7,0.746,31.58,36980.07935,35301.53244,26949.75,
Paranacity,4118105,paranacitense,WALDEMAR NAVES COCCO JUNIOR,348.631,9557,27.41,99,0.717,16.95,34058.90876,28259.08562,26551.83,
Paranagu&aacute;,4118204,parnanguara,MARCELO ELIAS ROQUE,822.838,145829,177.23,98,0.750,9.41,507004.55109,420733.90483,77282.41,
Paranapoema,4118303,paranapoemense,SIDNEI FRAZATTO,175.875,2398,13.63,98.5,0.709,-,17470.43807,14949.62586,23962.89,
Paranava&iacute;,4118402,paranavaiense,CARLOS HENRIQUE ROSSATO GOMES,1202.266,91950,76.48,98.7,0.763,9.23,243933.15842,203877.67581,30900.39,
Pato Bragado,4118451,pato bragadense,LEOMAR ROHDEN,135.600,5733,42.28,100,0.747,-,41615.83166,34289.60888,38503.57,
Pato Branco,4118501,pato-branquense,ROBSON CANTU,539.087,91836,170.35,98.7,0.782,5.94,289645.24042,271976.62946,49702.71,
Paula Freitas,4118600,paula-freitense,SEBASTIAO ALGACIR DALPRA,421.409,5666,13.45,98,0.717,36.36,22192.45681,17054.3647,60186.56,
Paulo Frontin,4118709,frontinense,JAMIL PECH,363.351,6343,17.46,99.4,0.708,15.15,24255.45041,19826.77809,51905.29,
Peabiru,4118808,peabiruense,JULIO CEZAR FRARE,468.594,13346,28.48,98,0.723,6.33,47358.64013,40945.41073,30355.93,
Perobal,4118857,perobalense,ALMIR DE ALMEIDA,409.050,7189,17.57,98.1,0.713,-,29244.16152,22807.05344,40365.41,
P&eacute;rola,4118907,perolense,VALDETE CARLOS OLIVEIRA GON&Ccedil;ALVES DA CUNHA,236.186,11878,50.29,99.4,0.700,6.54,48629.16663,45969.71183,35254.03,
P&eacute;rola d'Oeste,4119004,p&eacute;rolatense,EDSOM LUIZ BAGETTI,205.279,6221,30.31,99.1,0.726,-,22251.95833,18878.2716,34242.26,
Pi&ecirc;n,4119103,pienense,MAICON GROSSKOPF,254.792,13655,53.59,97.5,0.694,-,45208.53981,36953.55215,56101.06,
Pinhais,4119152,pinhaense,MARLY PAULINO FAGUNDES,60.869,127019,2086.76,97.2,0.751,10.53,425571.8963,342565.14906,47683.47,
Pinhal&atilde;o,4119202,pinhalense ou pinhal&atilde;oense,DIONISIO ARRAIS DE ALENCAR,220.625,6566,29.76,99.4,0.697,-,25504.39798,23056.71497,29747.08,
Pinhal de S&atilde;o Bento,4119251,pinhalense,PAULO FALCADE DE OLIVEIRA,97.463,2761,28.33,99.6,0.695,-,17153.34597,15663.99497,24880.30,
Pinh&atilde;o,4119301,pinh&atilde;oense,VALDECIR BIASEBETTI,2001.588,29886,14.93,96,0.654,14.71,151305.9101,91480.39712,48012.13,
Pira&iacute; do Sul,4119400,piraiense,HENRIQUE DE OLIVEIRA CARNEIRO,1345.417,23649,17.58,97.5,0.708,5.93,75050.1755,60151.77448,42122.50,
Piraquara,4119509,piraquarense,JOSIMAR APARECIDO KNUPP FROES,227.042,118730,522.94,96.5,0.700,6.97,232316.49476,189600.04113,12145.28,
Pitanga,4119608,pitanguense,MAICOL GEISON CALLEGARI RODRIGUES BARBOSA,1663.747,33567,20.18,99,0.702,10.64,93832.16007,80074.38374,36446.11,
Pitangueiras,4119657,pitangueirense,SAMUEL TEIXEIRA,123.229,3046,24.72,100,0.710,-,16477.70771,14965.86517,40157.76,
Planaltina do Paran&aacute;,4119707,planaltinense,CELSO MAGGIONI,356.192,4070,11.43,100,0.705,37.04,18839.19157,14331.77309,23188.96,
Planalto,4119806,planaltense,LUIZ CARLOS BONI,346.241,14374,41.51,99.8,0.706,20.98,42089.39208,34234.2775,28107.08,
Ponta Grossa,4119905,ponta-grossense,ELIZABETH SILVEIRA SCHMIDT,2054.732,358367,174.41,98.2,0.763,9.08,926888.98732,750895.54059,48615.15,
Pontal do Paran&aacute;,4119954,pontalense,RUDISNEY GIMENES FILHO,200.410,30425,151.81,97.4,0.738,3,105766.7514,81703.4435,21328.46,
Porecatu,4120002,porecatuense,F&Aacute;BIO LUIZ ANDRADE,291.663,11624,39.85,96.9,0.738,7.94,37524.56964,33063.43802,51348.62,
Porto Amazonas,4120101,porto-amazonense,ELIAS JOCID GOMES DA COSTA,186.581,4098,21.96,97.8,0.700,-,18436.23232,14448.7739,31832.81,
Porto Barreiro,4120150,porto barreirense,EMANOEL VANDERLEI VOLFF,361.020,3110,8.61,99.5,0.688,19.61,21677.98952,19036.66176,45819.67,
Porto Rico,4120200,porto-riquense,ALVARO DE FREITAS NETTO,217.676,3182,14.62,97.1,0.735,29.41,20286.56981,16800.38197,34293.45,
Porto Vit&oacute;ria,4120309,porto-vitoriense,MARISA DE F&Aacute;TIMA ILKIU DE SOUZA,213.013,3562,16.72,98,0.685,-,18757.99601,15309.32598,20352.09,
Prado Ferreira,4120333,prado ferreirense,MARIA EDNA DE ANDRADE,152.876,3709,24.26,97.8,0.710,52.63,18895.98306,16266.99224,47678.80,
Pranchita,4120358,pranchitano,ELOIR NELSON LANGE,226.140,5737,25.37,99.6,0.752,15.15,23661.89432,19031.44436,53888.24,
Presidente Castelo Branco,4120408,castelo-branquense,JOAO PERICLES MARTINATI,155.734,4336,27.84,99,0.713,39.22,19575.69375,15936.60944,26676.39,
Primeiro de Maio,4120507,primaiense,BRUNA DE OLIVEIRA CASANOVA,414.442,10082,24.33,97.2,0.701,-,35773.37522,31074.3485,33304.90,
Prudent&oacute;polis,4120606,prudentopolitano,OSNEI STADLER,2247.141,49393,21.98,97,0.676,7.89,141101.76527,116406.2235,27336.87,
Quarto Centen&aacute;rio,4120655,quarto centenariense,WILSON AKIO ABE,321.875,4201,13.05,98.3,0.710,-,24934.54112,21950.47844,76476.19,
Quatigu&aacute;,4120705,quatiguaense,ADELITA PARMEZAN DE MORAES,112.689,8099,71.87,99,0.714,-,28492.05438,22639.88945,26402.41,
Quatro Barras,4120804,quatro-barrense,LORENO BERNARDO TOLARDO,180.471,24191,134.04,97.1,0.742,3.42,97951.49925,77892.14351,66738.55,
Quatro Pontes,4120853,quatro pontense,JO&Atilde;O IN&Aacute;CIO LAUFER,114.393,4480,39.16,99.2,0.791,21.74,25315.75667,22552.01591,60917.54,
Quedas do Igua&ccedil;u,4120903,quedas-igua&ccedil;uense-,ELCIO JAIME DA LUZ,821.503,30738,37.42,97.1,0.681,22.08,84152.19385,69001.54805,37525.17,
Quer&ecirc;ncia do Norte,4121000,querenciano,ROZINEI APARECIDA RAGGIOTTO OLIVEIRA,914.763,10685,11.68,99.1,0.688,6.71,41828.1282,34107.04326,20924.97,
Quinta do Sol,4121109,quinta-solense,LEONARDO LAZZARETTI ROMERO,326.177,5001,15.33,96.1,0.715,17.54,24944.90042,20841.254,54095.46,
Quitandinha,4121208,quitandinhense,JOSE RIBEIRO DE MOURA,447.024,18398,41.16,98.4,0.680,9.39,57595.01717,44941.35773,23455.30,
Ramil&acirc;ndia,4121257,ramilandiense,EDSON DOS SANTOS,237.196,4221,17.80,97.8,0.630,16.95,19584.55801,16382.7075,21004.31,
Rancho Alegre,4121307,alegrense,FERNANDO CARLOS COIMBRA,167.646,3512,20.95,98.3,0.707,-,14338.7999,12474.24255,43078.86,
Rancho Alegre D'Oeste,4121356,rancho alegrense,ADAO ARISTEU CENIZ,241.386,2618,10.85,98.6,0.704,-,18243.9865,14460.10912,84957.35,
Realeza,4121406,realezense,PAULO CEZAR CASARIL,353.416,19247,54.46,97.4,0.722,4.83,55116.00104,46095.57583,40455.52,
Rebou&ccedil;as,4121505,reboucense,LUIZ EVERALDO ZAK,481.840,14514,30.12,98.3,0.672,5.38,41664.23655,35125.86284,30205.49,
Renascen&ccedil;a,4121604,renascenseano,IDALIR JO&Atilde;O ZANELLA,425.273,6841,16.09,97.7,0.733,-,30699.80018,22702.44618,50249.87,
Reserva,4121703,reservense,LUCAS MACHADO RIBEIRO,1635.535,24573,15.02,96.2,0.618,11.53,77396.35639,65223.19814,25340.76,
Reserva do Igua&ccedil;u,4121752,reservense do igua&ccedil;u,VITORIO ANTUNES DE PAULA,834.232,6553,7.86,98.3,0.648,9.8,49669.70105,26053.39297,29542.89,
Ribeir&atilde;o Claro,4121802,ribeir&atilde;o-clarense,JO&Atilde;O CARLOS BONATO,629.224,12364,19.65,98.2,0.716,12.35,44120.90076,37875.14433,43189.21,
Ribeir&atilde;o do Pinhal,4121901,ribeiro-pinhalense,DARTAGNAN CALIXTO FRAIZ,374.732,13060,34.85,98.5,0.701,24.24,33306.44214,28139.02566,24754.24,
Rio Azul,4122008,rio-azulense,LEANDRO JASINSKI,599.056,14025,23.41,96.2,0.687,30.12,51188.30827,42120.0225,43330.59,
Rio Bom,4122107,rio-bonense,MOIS&Eacute;S JOS&Eacute; DE ANDRADE,177.836,3197,17.98,100,0.729,-,15996.76328,13241.87811,29151.32,
Rio Bonito do Igua&ccedil;u,4122156,rio bonitense,SEZAR AUGUSTO BOVINO,681.406,13929,20.44,97.6,0.629,21.19,45437.55949,35662.16522,30762.64,
Rio Branco do Iva&iacute;,4122172,riobranquense,PEDRO TABORDA DESPLANCHES,376.109,3808,10.12,97.2,0.640,-,18032.12746,15988.32186,27482.15,
Rio Branco do Sul,4122206,rio-branquense,KARIME FAYAD,811.425,37558,46.29,93.9,0.679,1.73,98734.18976,85769.08043,31198.98,
Rio Negro,4122305,rio-negrense,JAMES KARSON VAL&Eacute;RIO,604.138,31324,51.85,98.2,0.760,5.95,106116.66773,85503.12393,34873.20,
Rol&acirc;ndia,4122404,rolandense,AILTON APARECIDO MAISTRO,459.024,71670,156.14,97.5,0.739,12.23,215692.6735,165168.43291,45767.68,
Roncador,4122503,roncadorense,VIVALDO LESSA MOREIRA,742.121,11251,15.16,98.7,0.681,6.06,49910.71951,34234.29979,55833.58,
Rondon,4122602,rondonense,ROBERTO APARECIDO CORREDATO,555.125,9097,16.39,97,0.713,8.7,33153.11714,27851.13874,34730.59,
Ros&aacute;rio do Iva&iacute;,4122651,rosariense,ILTON SHIGUEMI KURODA,377.470,5435,14.40,96.8,0.662,-,20029.87618,15601.92098,24389.34,
Sab&aacute;udia,4122701,sabaudiense,MOISES SOARES RIBEIRO,190.329,8822,46.35,98.6,0.740,-,31046.72779,24523.30188,84920.38,
Salgado Filho,4122800,salgadense,VOLMAR DUARTE,181.015,4075,22.51,98.3,0.700,-,20095.44354,16623.70535,33031.88,
Salto do Itarar&eacute;,4122909,saltense-do-itarar&eacute;,PAULO SERGIO FRAGOSO DA SILVA,200.520,5192,25.89,98.5,0.704,-,16529.05723,14805.10766,20778.51,
Salto do Lontra,4123006,salto-lontrense,FERNANDO ALBERTO CADORE,312.717,15223,48.68,96.5,0.718,5.32,45169.85628,37569.34534,31512.24,
Santa Am&eacute;lia,4123105,ameliense,ANTONIO CARLOS TAMAIS,78.045,3394,43.49,96.9,0.653,26.32,16309.26714,13358.09157,29472.35,
Santa Cec&iacute;lia do Pav&atilde;o,4123204,pavonense,EDIMAR APARECIDO PEREIRA DOS SANTOS,105.076,3365,32.02,97.7,0.723,29.41,16444.67984,13872.9317,53484.21,
Santa Cruz de Monte Castelo,4123303,monte-castelense,FRANCISCO ANTONIO BONI,442.013,8613,19.49,98.7,0.710,10.42,31909.1111,24817.76499,46430.57,
Santa F&eacute;,4123402,santa-feense,FERNANDO BRAMBILLA,276.241,11378,41.19,97.9,0.705,16.13,40052.84532,32390.81219,24910.30,
Santa Helena,4123501,santa-helenense,EVANDRO MIGUEL GRADE,754.701,25492,33.78,99.4,0.744,2.92,170494.37728,126426.3839,45165.71,
Santa In&ecirc;s,4123600,santa-ineense,BRUNO VIEIRA LUVISOTTO,156.935,1748,11.14,100,0.717,-,14576.63581,12176.3057,32624.41,
Santa Isabel do Iva&iacute;,4123709,santa-isabelense,FREONIZIO VALENTE,349.497,8912,25.50,100,0.720,39.6,28812.0345,22819.18841,28777.41,
Santa Izabel do Oeste,4123808,santa-izabelense,JEAN PIERR CATTO,321.182,14070,43.81,97.1,0.696,6.1,52947.8525,41803.09954,25739.62,
Santa L&uacute;cia,4123824,santaluciense,RENATO TONIDANDEL,126.813,3644,28.74,97.1,0.687,-,21696.66993,19673.06748,38472.89,
Santa Maria do Oeste,4123857,santa-mariense,OSCAR DELGADO,836.669,9934,11.87,95.5,0.609,9.43,31965.07577,25893.14707,21864.88,
Santa Mariana,4123907,santa-marianense,JOS&Eacute; MARCELO PIOVAN GUIMAR&Atilde;ES,427.193,11066,25.90,98.2,0.700,22.9,36332.75222,34619.37506,37833.99,
Santa M&ocirc;nica,4123956,moniquense,LUAN GUSTAVO FRAZATTO,259.957,3356,12.91,99.7,0.704,25.64,21845.64629,16522.43809,23849.99,
Santana do Itarar&eacute;,4124004,santanense,JOSE DE JESUZ IZAC,251.269,5514,21.94,97.5,0.687,-,19938.9134,17366.85614,27977.84,
Santa Tereza do Oeste,4124020,santa-terezense,ELIO MARCINIAK,326.190,13174,40.39,97.7,0.705,-,40131.26274,35284.35504,52206.36,
Santa Terezinha de Itaipu,4124053,itaipuense,KARLA FRANCIELI GALENDE,268.258,24262,90.44,99.6,0.738,25.08,85631.00619,69511.06018,24988.70,
Santo Ant&ocirc;nio da Platina,4124103,platinense,JOSE DA SILVA COELHO NETO,721.472,44369,61.50,96.2,0.718,6.72,108216.25894,92119.02687,28974.82,
Santo Ant&ocirc;nio do Caiu&aacute;,4124202,santo-antoniense,JOS&Eacute; GABRIEL GON&Ccedil;ALVES FACHIANO,219.068,2493,11.38,98,0.696,-,14957.631,11650.88131,20013.77,
Santo Ant&ocirc;nio do Para&iacute;so,4124301,santo-antoniense,DEVANIR MARTINELLI,167.014,2125,12.72,97.7,0.716,-,15963.18568,13025.54611,44168.40,
Santo Ant&ocirc;nio do Sudoeste,4124400,santo-antoniense,RICARDO ANTONIO ORTI&Ntilde;A,325.651,23673,72.69,96.6,0.671,3.88,63798.18728,56891.30691,28510.63,
Santo In&aacute;cio,4124509,santo-inaciense,GENY VIOLATTO,280.133,6181,22.06,99.3,0.739,11.11,27888.65199,22677.5003,93266.41,
S&atilde;o Carlos do Iva&iacute;,4124608,s&atilde;o-carlense,JOS&Eacute; LUIZ SANTOS,225.079,6587,29.27,98.2,0.682,-,28879.35003,25068.01968,54512.76,
S&atilde;o Jer&ocirc;nimo da Serra,4124707,jeronimense,VENICIUS DJALMA ROSA,823.774,10830,13.15,96.2,0.637,-,31164.04765,25830.96107,25647.45,
S&atilde;o Jo&atilde;o,4124806,s&atilde;o-joanense,CLOVIS MATEUS CUCCOLOTTO,388.059,11886,30.63,97.6,0.727,6.25,43804.52261,35968.61909,76843.74,
S&atilde;o Jo&atilde;o do Caiu&aacute;,4124905,caiuense,STEFAN TOME PAUKA,304.413,5586,18.35,95,0.664,13.7,19057.62125,15998.41928,23233.73,
S&atilde;o Jo&atilde;o do Iva&iacute;,4125001,s&atilde;o-joanense,CARLA SUZI EMERENCIANO,353.331,10667,30.19,98.7,0.693,17.54,37474.10736,29393.89143,32921.94,
S&atilde;o Jo&atilde;o do Triunfo,4125100,triunfense,ABIMAEL DO VALLE,720.407,13726,19.05,96.9,0.629,4.93,41574.81288,36127.52848,39668.72,
S&atilde;o Jorge d'Oeste,4125209,s&atilde;o-jorgense ou jorgense,LEILA APARECIDA DA ROCHA,379.545,9378,24.71,98.9,0.722,-,51126.19488,41882.76379,39223.86,
S&atilde;o Jorge do Iva&iacute;,4125308,s&atilde;o-jorgense,AGNALDO CARVALHO GUIMARAES,315.088,5168,16.40,98.4,0.743,-,26959.24204,23256.3725,64411.43,
S&atilde;o Jorge do Patroc&iacute;nio,4125357,patrocinense,JOSE CARLOS BARALDI,406.413,6504,16.00,97.2,0.676,11.36,40343.7184,29544.98331,34163.91,
S&atilde;o Jos&eacute; da Boa Vista,4125407,boa-vistense,JOS&Eacute; LAZARO FERRAZ,399.667,6040,15.11,99.2,0.671,30.77,23499.10719,21752.1652,30567.79,
S&atilde;o Jos&eacute; das Palmeiras,4125456,s&atilde;o-joseliense,NELTON BRUM,182.419,3870,21.21,99.5,0.713,17.86,17947.11514,14640.28458,25035.75,
S&atilde;o Jos&eacute; dos Pinhais,4125506,s&atilde;o-joseense,MARGARIDA MARIA SINGER,946.435,329222,347.85,97.4,0.758,9.19,1088031.38472,927029.43084,66783.40,
S&atilde;o Manoel do Paran&aacute;,4125555,s&atilde;o manoelense,AGNALDO TREVISAN,95.381,2138,22.42,97.8,0.725,-,20782.43149,16837.85645,28268.34,
S&atilde;o Mateus do Sul,4125605,s&atilde;o-mateuense,FERNANDA GARCIA SARDANHA,1341.714,42358,31.57,97.6,0.719,15.25,140758.93869,103354.8364,27970.02,
S&atilde;o Miguel do Igua&ccedil;u,4125704,s&atilde;o-miguelense,BOAVENTURA MANOEL JOAO MOTTA,851.917,29122,34.18,99,0.704,9.26,116421.18432,104152.89182,43742.18,
S&atilde;o Pedro do Igua&ccedil;u,4125753,S&atilde;o pedrense,JOS&Eacute; AROLDO MALVESTIO,308.324,5784,18.76,97.3,0.683,22.73,23006.61637,18568.07813,43490.41,
S&atilde;o Pedro do Iva&iacute;,4125803,ivaiense,MARIA REGINA DELLA ROSA MAGRI,322.692,8690,26.93,97.6,0.717,49.02,33555.62415,29018.40357,31200.61,
S&atilde;o Pedro do Paran&aacute;,4125902,s&atilde;o-pedrense,NEILA DE FATIMA LUIZAO FERNANDES,250.654,2661,10.62,100,0.704,33.33,20679.97631,16676.83922,37728.30,
S&atilde;o Sebasti&atilde;o da Amoreira,4126009,amoreirense,EXILAINE GASPAR,226.872,8063,35.54,99,0.715,-,25624.73857,20740.9024,27499.55,
S&atilde;o Tom&eacute;,4126108,s&atilde;o-tomeense,OCELIO CESAR FERREIRA LEITE,218.623,5232,23.93,98.7,0.725,-,29264.12453,27978.8575,27379.25,
Sapopema,4126207,sapopemense,PAULO MAXIMIANO DE SOUZA JUNIOR,677.609,6695,9.88,96.7,0.655,-,23854.10908,20416.97823,20155.77,
Sarandi,4126256,sarandiense,WALTER VOLPATO,103.501,118455,1144.48,96.3,0.695,10.78,217297.36995,177788.87404,18509.59,
Saudade do Igua&ccedil;u,4126272,saudadense,DARLEI TRENTO,152.084,6108,40.16,99,0.699,23.81,49523.56827,44499.06805,125803.78,
Seng&eacute;s,4126306,sengeano,NELSON FERREIRA RAMOS,1441.333,17270,11.98,97.7,0.663,22.42,57112.14103,46157.20937,28458.89,
Serran&oacute;polis do Igua&ccedil;u,4126355,serranopolitano,IVO ROBERTI,482.394,5007,10.38,100,0.762,21.74,29443.5712,25374.94629,54728.92,
Sertaneja,4126405,sertanejano,JAMISON DONIZETE DA SILVA,444.492,5616,12.63,99.6,0.725,-,30526.38201,26486.99311,66225.62,
Sertan&oacute;polis,4126504,sertanopolense,ANA RUTH SECCO,505.532,15930,31.51,97.1,0.723,12.27,62567.83107,56511.76848,54147.38,
Siqueira Campos,4126603,siqueirense,LUIZ HENRIQUE GERMANO,278.035,22811,82.04,97.5,0.704,6.43,61000.99279,51883.23567,27837.62,
Sulina,4126652,sulinense,PAULO HORN,170.759,3440,20.15,99.2,0.693,-,20098.25066,17344.18985,48474.72,
Tamarana,4126678,tamaranense,LUZIA HARUE SUZUKAWA,472.155,10707,22.68,94.4,0.621,-,39689.56157,33064.95218,76484.83,
Tamboara,4126702,tamboarense,ANTONIO CARLOS CAUNETO,193.346,4880,25.24,98.3,0.731,-,20204.16999,17119.3188,24829.88,
Tapejara,4126801,tapejarense,RODRIGO DE OLIVEIRA SOUZA KOIKE,591.399,15869,26.83,98.3,0.703,11.83,50743.61432,43030.17544,31789.72,
Tapira,4126900,tapirense,CLAUDIO SIDINEY DE LIMA,434.371,5745,13.23,99.2,0.697,-,25763.95988,22536.13642,24241.11,
Teixeira Soares,4127007,teixeira-soarense,LUCINEI CARLOS THOMAZ,902.793,9547,10.57,96.8,0.671,8,43229.69219,36435.25281,42109.11,
Tel&ecirc;maco Borba,4127106,tel&ecirc;maco-borbense,MARCIO ARTUR DE MATOS,1382.860,75042,54.27,98.4,0.734,9.62,260173.85717,205589.45144,52915.04,
Terra Boa,4127205,terra-bonense,EDMILSON PEDRO DE MOURA,320.850,17568,54.75,98.8,0.728,12.4,56658.3206,48482.36056,30710.28,
Terra Rica,4127304,terra-riquense,JULIO CESAR DA SILVA LEITE,700.599,14842,21.18,98.8,0.710,5.56,60844.79138,51237.93434,21235.64,
Terra Roxa,4127403,terra-roxense,IVAN REIS DA SILVA,800.807,18119,22.63,97.7,0.714,4.15,73384.75842,63316.9979,52052.69,
Tibagi,4127502,tibagiano,ARTUR RICARDO NOLTE,2977.933,19961,6.70,96.6,0.664,10.45,100971.26924,76061.2327,57452.86,
Tijucas do Sul,4127601,tijuquense / tijucano,JOS&Eacute; ALTAIR MOREIRA,671.889,17606,26.20,97.2,0.636,33.82,47904.56132,42981.7834,24601.21,
Toledo,4127700,toledano,LUIS ADALBERTO BETO LUNITTI PAGNUSSATT,1198.049,150470,125.60,98.8,0.768,7.59,538229.17825,437952.68102,47553.44,
Tomazina,4127809,tomazinense,FLAVIO XAVIER DE LIMA ZANROSSO,591.438,8426,14.25,98.4,0.699,25.32,26008.29575,20858.51625,33530.97,
Tr&ecirc;s Barras do Paran&aacute;,4127858,tribarrense,GERSO FRANCISCO GUSSO,505.505,11135,22.03,98.3,0.681,14.08,46330.26474,41646.36392,36123.93,
Tunas do Paran&aacute;,4127882,tunense,MARCO ANTONIO BALD&Atilde;O,668.478,6219,9.30,97.4,0.611,8.55,24012.12047,18836.31208,13586.44,
Tuneiras do Oeste,4127908,tuneirense,TAKETOSHI SAKURADA,698.871,8067,11.54,97.7,0.695,11.11,29703.10854,22943.53533,29884.99,
Tup&atilde;ssi,4127957,tup&atilde;ssiense,LUIZ CARLOS BELETTI,299.769,8077,26.94,98.5,0.730,-,34527.4197,29925.62429,50939.40,
Turvo,4127965,turvense,JERONIMO GADENS DO ROSARIO,938.966,14231,15.16,97.5,0.672,-,53288.80341,39539.11264,41507.81,
Ubirat&atilde;,4128005,ubiratense,FABIO DE OLIVEIRA DALECIO,652.581,24749,37.92,97.7,0.739,3.04,82142.45535,71666.22017,76598.44,
Umuarama,4128104,umuaramense,CELSO LUIZ POZZOBOM,1234.537,117095,94.85,97.9,0.761,14.61,370494.05567,308787.62195,32636.50,
Uni&atilde;o da Vit&oacute;ria,4128203,uni&atilde;o-vitoriense,BACHIR ABBAS,719.998,55033,76.43,98.2,0.740,6.39,185584.80326,165968.53782,27890.16,
Uniflor,4128302,uniflorense,JOSE BASSI NETO,94.819,2136,22.53,98.3,0.720,-,16685.73569,14691.4441,40168.00,
Ura&iacute;,4128401,uraiense,ANGELO TARANTINI FILHO,237.810,10406,43.76,98.6,0.721,-,24200.98516,23464.275,29446.55,
Wenceslau Braz,4128500,brazense,ATAHYDE FERREIRA DOS SANTOS JUNIOR,397.916,19188,48.22,98.2,0.687,6.54,54349.14374,49337.14724,32072.85,
Ventania,4128534,ventaniense,JOS&Eacute; LUIZ BITTENCOURT,819.334,9681,11.82,95.7,0.650,25,31377.76781,26349.01334,26521.57,
Vera Cruz do Oeste,4128559,vera-cruzense,MARCOS VILAS BOAS PESCADOR,327.090,8215,25.12,97.7,0.699,-,28854.28413,23401.88872,39547.46,
Ver&ecirc;,4128609,vereense,ADEMILSO ROSIN,311.801,7932,25.44,98.1,0.720,11.49,34659.27348,31170.78262,58220.58,
Alto Para&iacute;so,4128625,altoparaisense,DERCIO JARDIM JUNIOR,967.772,3055,3.16,99.4,0.678,30.3,26384.37245,22969.20498,38852.91,
Doutor Ulysses,4128633,ulyssense,MOISEIS BRANCO DA SILVA,777.482,5697,7.33,94.4,0.546,-,20683.23057,15683.6924,16125.19,
Virmond,4128658,virmondense,NEIMAR GRANOSKI,249.094,3811,15.30,99.5,0.722,19.23,17839.87906,15455.71253,43420.66,
Vitorino,4128708,vitorinense,MARCIANO VOTTRI,308.218,9706,31.49,97.4,0.702,-,27644.17905,24484.02504,64743.24,
Xambr&ecirc;,4128807,xambrense,DECIO JARDIM,359.712,5798,16.12,98.6,0.706,-,21321.47699,17509.37545,22791.28,

<table class="fontes-container"><tr><th>Notas:</th></tr><tr><td>Escolariza&ccedil;&atilde;o <span>6 a 14 anos</span>: [populao residente no municpio de 6 a 14 anos de idade matriculada no ensino regular/total de populao residente no municpio de 6 a 14 anos de idade] x 100</td></tr><tr><th>Fontes:</th></tr><tr><td>rea Territorial: rea territorial brasileira 2022. Rio de Janeiro: IBGE, 2023</td></tr><tr><td>Populao residente: Censo 2022: Populao e Domiclios - Primeiros Resultados</td></tr><tr><td>Densidade demogr&aacute;fica: Censo 2022: Populao e Domiclios - Primeiros Resultados</td></tr><tr><td>Escolariza&ccedil;&atilde;o <span>6 a 14 anos</span>: IBGE, Censo Demogrfico 2010</td></tr><tr><td>IDHM <span>&Iacute;ndice de desenvolvimento humano municipal</span>: Programa das Naes Unidas para o Desenvolvimento - PNUD</td></tr><tr><td>Mortalidade infantil: Ministrio da Sade, Departamento de Informtica do Sistema nico de Sade - DATASUS 2017</td></tr><tr><td>Receitas realizadas: Contas anuais. Receitas oramentrias realizadas (Anexo I-C) 2017 e Despesas oramentrias empenhadas (Anexo I-D) 2017. In: Brasil. Secretaria do Tesouro Nacional, Siconfi: Sistema de Informaes Contbeis e Fiscais do Setor Pblico Brasileiro. Braslia, DF, [2018]. Disponvel em: https://siconfi.tesouro.gov.br/siconfi/pages/public/consulta_finbra/finbra_list.jsf. Acesso em: set. 2018</td></tr><tr><td>Despesas empenhadas: Contas anuais. Receitas oramentrias realizadas (Anexo I-C) 2017 e Despesas oramentrias empenhadas (Anexo I-D) 2017. In: Brasil. Secretaria do Tesouro Nacional, Siconfi: Sistema de Informaes Contbeis e Fiscais do Setor Pblico Brasileiro. Braslia, DF, [2018]. Disponvel em: https://siconfi.tesouro.gov.br/siconfi/pages/public/consulta_finbra/finbra_list.jsf. Acesso em: set. 2018</td></tr><tr><td>PIB per capita: IBGE, em parceria com os rgos Estaduais de Estatstica, Secretarias Estaduais de Governo e Superintendncia da Zona Franca de Manaus - SUFRAMA</td></tr></table>