Rio Grande do Sul | Todos os Munic&iacute;pios
Munic&iacute;pio [-],C&oacute;digo [-],Gent&iacute;lico [-],Prefeito [2021],&Aacute;rea Territorial - km&sup2; [2022],Popula&ccedil;&atilde;o residente - pessoas [2022],Densidade demogr&aacute;fica - hab/km&sup2; [2022],Escolariza&ccedil;&atilde;o &lt;span&gt;6 a 14 anos&lt;/span&gt; - % [2010],IDHM &lt;span&gt;&Iacute;ndice de desenvolvimento humano municipal&lt;/span&gt; [2010],Mortalidade infantil - &oacute;bitos por mil nascidos vivos [2020],Receitas realizadas - R$ (&times;1000) [2017],Despesas empenhadas - R$ (&times;1000) [2017],PIB per capita - R$ [2020],
Acegu&aacute;,4300034,aceguaense,MARCUS VIN&Iacute;CIUS GODOY DE AGUIAR,1551.339,4170,2.69,93.9,0.687,19.23,26548.53375,23549.10968,53517.90,
&Aacute;gua Santa,4300059,&aacute;gua-santense,EDUARDO PICOLOTTO,291.503,3912,13.42,98.5,0.750,38.46,25897.40087,20012.52985,92000.57,
Agudo,4300109,agudense,LUIS HENRIQUE KITTEL,534.624,16039,30.00,96.5,0.694,5.68,63192.46487,51366.67337,33038.55,
Ajuricaba,4300208,ajuricabense,IVAN CHAGAS,322.674,6720,20.83,98.5,0.753,16.67,26396.04314,21630.98289,46898.22,
Alecrim,4300307,alecrinense,ELMO ANASTACIO DULLIUS,316.394,6123,19.35,97.1,0.672,20.41,22917.27603,20554.57376,22720.69,
Alegrete,4300406,alegretense,M&Aacute;RCIO FONSECA DO AMARAL,7800.428,72409,9.28,98.9,0.740,7.63,225019.54108,199319.40583,30635.42,
Alegria,4300455,alegriense,TERESINHA MARCZEWSKI ZAVASKI,172.794,3651,21.13,98.9,0.695,-,21841.34483,17891.13949,37816.35,
Almirante Tamandar&eacute; do Sul,4300471,tamandarense,ADIR GIACOMINI,265.042,1969,7.43,100,0.740,62.5,16595.42398,13286.48947,94337.32,
Alpestre,4300505,alpestrense,VALDIR JOS&Eacute; ZASSO,325.979,7117,21.83,98.1,0.671,13.33,50164.46672,39342.56205,87494.79,
Alto Alegre,4300554,alto-alegrense,AVELINO SALVADORI,115.335,1800,15.61,98.1,0.747,-,14976.0642,13265.16596,34411.08,
Alto Feliz,4300570,alto-felizense,ROBES SCHNEIDER,78.175,3072,39.30,98.1,0.734,-,20197.8141,13761.35301,40274.22,
Alvorada,4300604,alvoradense,JOSE ARNO APPOLO DO AMARAL,71.700,187315,2612.48,95.3,0.699,13.57,358403.06181,290560.43064,14586.81,
Amaral Ferrador,4300638,amaralense,NATANIEL SATIRO DO VAL CANDIA,505.983,5310,10.49,98.3,0.624,-,18819.76662,16883.0557,16506.06,
Ametista do Sul,4300646,ametistense,JADIR JOS&Eacute; KOVALESKI,93.704,7650,81.64,100,0.682,20,24884.7736,21341.45299,18256.44,
Andr&eacute; da Rocha,4300661,andr&eacute;-rochense,SERGIO CARLOS MORETTI,331.208,1135,3.43,100,0.720,-,13615.32263,11441.32315,65980.12,
Anta Gorda,4300703,anta-gordense,FRANCISCO DAVID FRIGHETTO,242.100,5957,24.61,97.8,0.740,16.39,26400.22746,18964.88259,40206.86,
Ant&ocirc;nio Prado,4300802,pradense,ROBERTO JOS&Eacute; DALLE MOLLE,347.541,12980,37.35,98.6,0.758,6.29,52701.15069,39358.59478,51429.77,
Arambar&eacute;,4300851,arambarense,JARDEL MAGALH&Atilde;ES CARDOSO,518.193,4112,7.94,97.2,0.691,-,19350.07054,17402.41911,43095.33,
Araric&aacute;,4300877,arariquense,FLAVIO LUIZ FOSS,35.391,8525,240.88,97.3,0.679,-,28056.28981,27235.36544,35401.00,
Aratiba,4300901,aratibense,GILBERTO LUIZ HENDGES,342.279,6483,18.94,98.8,0.772,-,53325.65805,41529.68031,159159.49,
Arroio do Meio,4301008,arroio-meense,DANILO JOS&Eacute; BRUXEL,157.088,21963,139.81,99.8,0.769,16.84,74592.76921,66199.83998,63320.24,
Arroio do Sal,4301057,arroiossalense,AFFONSO FL&Aacute;VIO ANGST,119.160,11057,92.79,98.6,0.740,-,55278.99308,46121.59796,25035.90,
Arroio do Padre,4301073,arroio-padrense,RUI CARLOS PETER,124.693,2599,20.84,97.3,0.669,-,15514.87737,12969.97481,20130.37,
Arroio dos Ratos,4301107,ratense,JOS&Eacute; CARLOS GARCIA DE AZEREDO,425.791,14601,34.29,97.6,0.698,5.43,39356.10478,40049.52698,18815.54,
Arroio do Tigre,4301206,arroio-tigrense,MARCIANO RAVANELLO,315.132,12058,38.26,98.2,0.707,16.26,34764.39264,34048.15789,22879.88,
Arroio Grande,4301305,arroio-grandense,IVAN ANTONIO GUEVARA LOPEZ,2508.557,17558,7.00,98.7,0.657,-,63823.38841,51641.09274,33741.80,
Arvorezinha,4301404,arvorezinhense,JAIME TALIETTI BORSATTO,269.310,10322,38.33,97.2,0.694,7.75,35872.63932,29425.30867,26910.56,
Augusto Pestana,4301503,augusto-pestanense,DARCI SALLET,348.231,7149,20.53,99.7,0.743,-,27924.08095,23858.71507,47647.42,
&Aacute;urea,4301552,aureense,ANTONIO JORGE SLUSSAREK,156.727,3396,21.67,99.1,0.707,-,16465.1749,14531.32215,30580.65,
Bag&eacute;,4301602,bageense,DIVALDO VIEIRA LARA,4090.360,117938,28.83,97.6,0.740,7.31,343433.62812,352375.09462,25942.27,
Balne&aacute;rio Pinhal,4301636,balne&aacute;rio-pinhalense,MARCIA ROSANE TEDESCO DE OLIVEIRA,102.387,14955,146.06,97.9,0.696,6.21,51658.83659,40349.65391,17774.32,
Bar&atilde;o,4301651,baronense,JEFFERSON SCHUSTER BORN,124.757,6461,51.79,98.7,0.748,-,28504.95127,22700.87109,41033.19,
Bar&atilde;o de Cotegipe,4301701,cotegipense,VLADIMIR LUIZ FARINA,260.505,7144,27.42,98,0.719,15.87,22423.35229,18698.72214,39848.39,
Bar&atilde;o do Triunfo,4301750,baronense,ELOMAR ROCHA KOLOGESKI,436.101,5889,13.50,98,0.610,-,22103.73662,18307.81847,16357.75,
Barrac&atilde;o,4301800,barraconense,ALDIR ZANELLA DA SILVA,515.469,4831,9.37,97.7,0.710,-,23283.59177,20402.34577,35871.14,
Barra do Guarita,4301859,guaritense,RODRIGO LOCATELLI TISOTT,62.801,3161,50.33,97.9,0.734,-,17288.61298,11528.53161,15535.96,
Barra do Quara&iacute;,4301875,barrense,MAHER JABER MAHMUD,1055.937,4241,4.02,97.7,0.662,-,22275.85564,18478.5792,46205.69,
Barra do Ribeiro,4301909,barrense,JAIR MACHADO,729.316,12225,16.76,94.2,0.670,15.75,36620.74256,31563.98941,26375.11,
Barra do Rio Azul,4301925,barrazulense,MARCELO ARRUDA,146.995,1696,11.54,99.1,0.723,-,18332.5934,13199.76127,38026.35,
Barra Funda,4301958,barra-fundense,MARCOS ANDRE PIAIA,60.437,2498,41.33,100,0.763,-,20920.7526,15998.35113,51064.22,
Barros Cassal,4302006,barros-cassalense,AD&Atilde;O REGINEI DOS SANTOS CAMARGO,647.994,9296,14.35,96.5,0.650,32,35255.25311,25036.50555,17120.79,
Benjamin Constant do Sul,4302055,benjaminense,NILTON JOSE VALENTINI,132.351,2082,15.73,98,0.619,-,13956.39568,12934.15788,18694.84,
Bento Gon&ccedil;alves,4302105,bento-gon&ccedil;alvense,DIOGO SEGABINAZZI SIQUEIRA,272.287,123151,452.28,96.6,0.778,8.66,499680.20821,409196.8316,52961.75,
Boa Vista das Miss&otilde;es,4302154,boa-vistense,RUDILBERTO SOARES LANDESFELDT,196.064,1933,9.86,98.5,0.676,-,17672.44546,13862.73123,76052.96,
Boa Vista do Buric&aacute;,4302204,boa-vistense,JO&Atilde;O RUDINEI SEHNEM,109.541,6966,63.59,99.6,0.762,22.47,29753.10434,23270.48802,39908.79,
Boa Vista do Cadeado,4302220,cadeadense,JO&Atilde;O PAULO BELTR&Atilde;O DOS SANTOS,701.221,2229,3.18,100,0.703,-,22315.28359,17560.94927,87822.58,
Boa Vista do Incra,4302238,boa vistense do incra,CLEBER TRENHAGO,504.114,2271,4.50,99,0.731,37.04,18590.77857,15342.66583,47888.87,
Boa Vista do Sul,4302253,boavistense,ROBERTO MARTIM SCHAEFFER,94.399,2779,29.44,99.2,0.728,-,23858.67521,18636.13572,34474.13,
Bom Jesus,4302303,bom-jesuense,LUCILA MAGGI MORAIS CUNHA,2622.837,11202,4.27,95,0.666,24.24,39922.42126,38042.21173,34524.22,
Bom Princ&iacute;pio,4302352,bom-principiense,F&Aacute;BIO PERSCH,88.660,13132,148.12,97.9,0.746,6.71,55399.86961,46618.53886,54359.06,
Bom Progresso,4302378,bom-progressense,ARMINDO DAVID HEINLE,89.206,2096,23.50,99.1,0.723,-,13815.77448,12414.33648,36335.71,
Bom Retiro do Sul,4302402,bom-retirense,EDMILSON BUSATTO,102.540,12294,119.89,99.4,0.739,-,32956.16436,30348.69536,26588.53,
Boqueir&atilde;o do Le&atilde;o,4302451,l&eacute;o-boqueirense,JOCEMAR BARBON,265.952,6247,23.49,98.6,0.700,-,25855.66084,20691.74014,15535.81,
Bossoroca,4302501,bossoroquense,JOS&Eacute; MOACIR FABRICIO DUTRA,1610.056,5890,3.66,96.9,0.692,32.26,36220.00234,28267.8596,41193.09,
Bozano,4302584,bozanense,RENATO LUIS CASAGRANDE,200.497,2151,10.73,100,0.745,-,14320.44703,12588.72653,61904.69,
Braga,4302600,braguense,ELEMAR ARGON PILGER,132.044,3268,24.75,92.9,0.674,25,15109.4536,13453.96985,29802.55,
Brochier,4302659,brochiense,CLAURO JOSIR DE CARVALHO,105.353,4966,47.14,98,0.699,-,24671.28276,20390.27715,19453.35,
Buti&aacute;,4302709,butiaense,DANIEL PEREIRA DE ALMEIDA,752.187,19084,25.37,96.4,0.689,4.98,51269.88883,48652.68324,20873.56,
Ca&ccedil;apava do Sul,4302808,ca&ccedil;apavano,GIOVANI AMESTOY DA SILVA,3048.147,32515,10.67,99,0.704,10.61,104304.78214,96550.5853,25429.55,
Cacequi,4302907,cacequiense,ANA PAULA MENDES MACHADO DELOLMO,2373.507,11157,4.70,96.5,0.700,26.32,50754.64186,37893.47907,29401.89,
Cachoeira do Sul,4303004,cachoeirense,JOSE OTAVIO GERMANO,3736.064,80070,21.43,98.7,0.742,5.77,229150.14005,220437.53382,28933.11,
Cachoeirinha,4303103,cachoeirinhense,CRISTIAN WASEM ROSA,43.778,136258,3112.48,96,0.757,6.24,397285.38696,353604.78645,42964.73,
Cacique Doble,4303202,caciquense,LUIZ ANGELO DEON,204.055,4603,22.56,99,0.662,-,20873.4998,16570.44483,23230.76,
Caibat&eacute;,4303301,caibateense,AMAURI PIRES DA SILVA,261.303,4704,18.00,98.1,0.719,26.32,23000.54028,6899.45646,32702.28,
Cai&ccedil;ara,4303400,cai&ccedil;arense,DANIEL COELHO DOS SANTOS,189.160,4836,25.57,97.1,0.699,-,21044.9224,16441.85456,27126.22,
Camaqu&atilde;,4303509,camaquense,IVO DE LIMA FERREIRA,1680.168,62200,37.02,96.7,0.697,9.69,179124.119,152356.30386,32932.25,
Camargo,4303558,camarguense,JEANICE DE FREITAS FERNANDES,138.069,2981,21.59,98.1,0.736,-,18751.7361,15998.18101,149400.18,
Cambar&aacute; do Sul,4303608,cambaraense,IVAN DO AMARAL BORGES,1181.811,6361,5.38,96.4,0.697,-,27082.76038,23798.82472,26923.85,
Campestre da Serra,4303673,campestrense,MOACIR ZANOTTO,538.487,3242,6.02,100,0.706,43.48,19492.70709,17085.86625,41472.21,
Campina das Miss&otilde;es,4303707,campinense,CARLOS JUSTEN,224.801,5882,26.17,98.5,0.738,14.71,25398.23231,21983.45882,34995.46,
Campinas do Sul,4303806,campinense,PAULO SERGIO BATTISTI,276.162,5284,19.13,99.4,0.760,19.61,22542.71214,19560.17862,46681.20,
Campo Bom,4303905,campo-bonense,LUCIANO LIB&Oacute;RIO BAPTISTA ORSI,60.579,62886,1038.08,98.9,0.745,2.42,295667.57345,223333.19719,44441.81,
Campo Novo,4304002,campo-novense,PEDRO DOS SANTOS,220.719,4975,22.54,98.6,0.703,-,19491.58779,17638.81514,51782.73,
Campos Borges,4304101,campos-borgense,CLEONICE PASQUALOTTO DA PAIX&Atilde;O TOLEDO,226.202,3613,15.97,97.3,0.708,-,19979.97978,16505.20251,25904.78,
Candel&aacute;ria,4304200,candelariense,NESTOR RUBEM ELLWANGER,944.735,28906,30.60,97.9,0.674,9.26,92299.9708,74456.98989,26664.30,
C&acirc;ndido God&oacute;i,4304309,godoiense,VALDI LUIS GOLDSCHMIDT,247.047,6294,25.48,99.1,0.728,-,27554.15265,22357.00211,44370.31,
Candiota,4304358,candiotense,LUIZ CARLOS FOLADOR,933.628,10710,11.47,94.9,0.698,24.59,60622.88348,49151.9899,163593.81,
Canela,4304408,canelense,CONSTANTINO ORSOLIN,253.002,48946,193.46,97.1,0.748,9.93,150158.76724,139251.53041,27344.51,
Cangu&ccedil;u,4304507,cangu&ccedil;uense,MARCUS VINICIUS MULLER PEGORARO,3526.253,49680,14.09,96.9,0.650,7.29,161314.1282,132705.37591,21675.91,
Canoas,4304606,canoense,JAIRO JORGE DA SILVA,130.789,347657,2658.15,95.9,0.750,8.08,1696189.3067,1511073.04485,53031.82,
Canudos do Vale,4304614,canudense do vale,PAULO C&Eacute;SAR BERGMANN,82.908,1656,19.97,99,0.713,83.33,14798.56903,11649.25622,30699.77,
Cap&atilde;o Bonito do Sul,4304622,cap&atilde;o bonitense,FELIPPE JUNIOR RIETH,526.850,1733,3.29,98.8,0.637,-,16948.24706,14604.30728,100232.76,
Cap&atilde;o da Canoa,4304630,caponense,AMAURI MAGNUS GERMANO,98.383,63594,646.39,95.2,0.743,11.93,214804.36536,191982.06736,31489.61,
Cap&atilde;o do Cip&oacute;,4304655,cipoense,ADAIR FRACARO CARDOSO,1007.796,3119,3.09,98.9,0.672,-,24147.84993,19946.16808,69668.02,
Cap&atilde;o do Le&atilde;o,4304663,leonense,VILMAR MOTTA SCHMITT,783.196,26487,33.82,95.3,0.637,15.02,61854.14578,55573.08384,24034.80,
Capivari do Sul,4304671,capivariense,LEANDRO MONTEIRO DOS SANTOS,412.889,3991,9.67,96.4,0.766,-,21416.84635,19148.51398,55424.83,
Capela de Santana,4304689,capelense,JOS&Eacute; ALFREDO MACHADO,182.756,11159,61.06,98.3,0.661,13.99,35142.838,27958.52599,19703.97,
Capit&atilde;o,4304697,capitanense,JARI HUNHOFF,73.967,2917,39.44,98.2,0.746,-,21044.28261,18205.94561,31679.19,
Carazinho,4304705,carazinhense,MILTON SCHMITZ,666.694,61804,92.70,98,0.766,11.46,247260.22686,205274.16865,49801.93,
Cara&aacute;,4304713,caraense,MAGDIEL DOS SANTOS SILVA,294.606,7360,24.98,96.2,0.652,17.54,23665.95006,20893.65789,17072.57,
Carlos Barbosa,4304804,barbosense,EVERSON KIRCH,230.061,30418,132.22,98.7,0.796,9.12,134175.3448,107434.30247,101799.46,
Carlos Gomes,4304853,carlos-gomense,LUIZ ZELINSKI,83.155,1368,16.45,98.1,0.739,-,13093.96113,10925.40366,34824.35,
Casca,4304903,casquense,ARI DOMINGOS CAOVILLA,272.041,9465,34.79,99.1,0.785,25.32,32602.6894,28589.45588,57563.48,
Caseiros,4304952,caseirense,LEO CESAR TESSARO,235.863,3000,12.72,94.6,0.703,-,20258.92661,14000.49879,42563.29,
Catu&iacute;pe,4305009,catuipano,JOELSON ANTONIO BARONI,583.184,8674,14.87,99.5,0.739,30.3,29730.56379,26224.6341,38622.54,
Caxias do Sul,4305108,caxiense,ADIL&Oacute; ANGELO DIDOMENICO,1652.320,463338,280.42,96.3,0.782,7.89,1943956.48808,1758354.81487,50178.98,
Centen&aacute;rio,4305116,centenariense,GENOIR MARCOS FLOREK,134.230,2721,20.27,99.4,0.701,-,15047.60326,12156.03498,26718.20,
Cerrito,4305124,cerritense,DOUGLAS RODRIGUES DA SILVEIRA,451.699,5808,12.86,97.5,0.649,-,21877.95711,17786.05514,17673.35,
Cerro Branco,4305132,cerro-branquense,EDSON JOEL LAWALL,158.025,3802,24.06,98.7,0.661,38.46,22828.04775,17549.23129,15016.09,
Cerro Grande,4305157,cerro-grandense,ALVARO DECARLI,73.438,2379,32.39,97.7,0.674,31.25,16236.36619,13082.01219,24154.80,
Cerro Grande do Sul,4305173,sul-cerro-grandense,GILMAR JO&Atilde;O ALBA,324.908,9178,28.25,94.9,0.660,-,29144.086,27192.42081,13535.58,
Cerro Largo,4305207,cerro-larguense,PAULO C&Eacute;SAR KIPPER DE ALMEIDA,176.643,13705,77.59,98.2,0.764,-,47201.37318,42105.72476,48076.24,
Chapada,4305306,chapadense,GELSON MIGUEL SCHERER,684.247,9540,13.94,98.9,0.757,20.83,42527.3917,35331.69235,52060.89,
Charqueadas,4305355,charqueadense,RICARDO MACHADO VARGAS,217.362,35012,161.08,99.5,0.747,13.29,117582.82995,104656.38465,31141.14,
Charrua,4305371,charruense,VALD&Eacute;SIO ROQUE DELLA BETTA,198.748,2768,13.93,89.6,0.620,-,15072.80381,12085.1199,27519.29,
Chiapetta,4305405,chiapetense,EDER LUIS BOTH,397.179,3913,9.85,97.5,0.732,-,20474.64238,17318.54146,61439.30,
Chu&iacute;,4305439,chuiense,MARCO ANTONIO VASQUES RODRIGUES BARBOSA,202.387,6262,30.94,97.7,0.706,-,22187.41297,18799.203,44901.05,
Chuvisca,4305447,chuvisquense,JOEL SANTOS SUBDA,220.471,4597,20.85,97,0.616,18.52,18391.68787,16082.56631,17761.03,
Cidreira,4305454,cidreirense,ELIMAR TOMAZ PACHECO,243.419,17071,70.13,99.1,0.729,4.93,64061.61764,55416.89392,20342.38,
Cir&iacute;aco,4305504,ciriaquense,ODACIR BOAVENTURA MANHABOSCO DE MELLO,274.350,4146,15.11,95.4,0.719,-,21993.92816,17742.46508,32712.62,
Colinas,4305587,colinense,SANDRO RANIERI HERRMANN,60.732,2423,39.90,99,0.765,-,18400.2255,14119.31534,31061.82,
Colorado,4305603,coloradense,CELSO GOBBI,286.295,3258,11.38,99.2,0.758,86.96,23770.04831,18230.22909,54287.20,
Condor,4305702,condorense,VALMIR LAND,463.568,6406,13.82,98.3,0.747,-,34620.93941,28217.67175,54742.31,
Constantina,4305801,constantinense,FIDELVINO MENEGAZZO,203.614,10385,51.00,96.1,0.754,16.95,34866.85225,31729.66688,34826.56,
Coqueiro Baixo,4305835,coqueirense,JOCIMAR VALER,112.638,1290,11.45,100,0.692,-,13736.83525,12098.70376,29094.19,
Coqueiros do Sul,4305850,coqueirense,VALOIR CHAPUIS,277.147,2211,7.98,98.8,0.746,-,19331.41531,14959.06093,59144.04,
Coronel Barros,4305871,coronel-barrense,EDISON OSVALDO ARNT,163.684,2822,17.24,98.6,0.744,-,20534.23841,16595.22705,46933.64,
Coronel Bicaco,4305900,bicaquense,JURANDIR DA SILVA,492.303,6144,12.48,97.2,0.665,-,35370.86867,24301.26092,42184.26,
Coronel Pilar,4305934,coronel pilarense,LUCIANO CONTINI,105.668,1607,15.21,100,0.727,-,15138.03902,10343.47361,24781.41,
Cotipor&atilde;,4305959,cotiporanense,IVELTON MATEUS ZARDO,173.207,3846,22.20,99.5,0.741,37.04,21260.06842,18039.33811,43239.77,
Coxilha,4305975,coxilhense,JO&Atilde;O EDUARDO OLIVEIRA MANICA,422.101,2667,6.32,98,0.706,-,20612.12508,16166.91342,70013.59,
Crissiumal,4306007,crissiumalense,MARCO AURELIO NEDEL,362.194,12886,35.58,98.8,0.712,7.58,41619.49743,37252.24126,30375.50,
Cristal,4306056,cristalense,MARCELO LUIS KROLOW,682.138,7299,10.70,98,0.644,-,31927.74302,25180.21375,23611.09,
Cristal do Sul,4306072,cristalense,OTELMO REIS DA SILVA,97.077,2692,27.73,97.8,0.660,-,15033.46232,14644.24067,25230.06,
Cruz Alta,4306106,cruzaltense,PAULA RUBIN FACCO LIBRELOTTO,1360.548,58913,43.30,97.2,0.750,12.8,153363.77104,143288.81372,57068.79,
Cruzaltense,4306130,cruzaltino,JOAREZ LUIS SANDRI,166.883,1635,9.80,100,0.719,-,14893.47239,12365.56314,51597.93,
Cruzeiro do Sul,4306205,cruzeirense,JO&Atilde;O HENRIQUE DULLIUS,155.058,11600,74.81,97,0.723,7.63,33724.29667,30091.9724,32729.38,
David Canabarro,4306304,canabarrense,LAURO ANTONIO BENEDETTI,174.734,4321,24.73,98.6,0.762,-,18124.68547,16647.68016,32817.19,
Derrubadas,4306320,derrubadense,ALAIR CEMIN,360.851,2751,7.62,100,0.707,-,18056.30969,15361.28302,39447.99,
Dezesseis de Novembro,4306353,dezesseis-novembrense,JOHNNI RAM&Atilde;O LOMBALDO BOCACIO,217.363,2507,11.53,98.8,0.654,-,16564.36399,12933.07308,16989.01,
Dilermando de Aguiar,4306379,dilermandense,JOSE CLAITON SAUZEM ILHA,600.518,2806,4.67,94.1,0.648,-,20684.15349,14532.21067,43847.90,
Dois Irm&atilde;os,4306403,dois-irm&atilde;osense,JERRI ADRIANI MENEGHETTI,66.114,30709,464.49,98.5,0.743,12.38,106704.39333,90620.08157,58834.69,
Dois Irm&atilde;os das Miss&otilde;es,4306429,dois-irm&atilde;ozense,MAURO PROCOPIO FORTES DE QUADROS,226.072,2090,9.24,96,0.670,-,15718.8754,13309.73231,61118.71,
Dois Lajeados,4306452,dois-lajeense,TIAGO GRANDO,133.535,3097,23.19,99.1,0.757,43.48,19161.6826,15301.45362,34636.55,
Dom Feliciano,4306502,donfelicianense,CLENIO BOEIRA DA SILVA,1355.195,13051,9.63,94,0.587,22.56,41028.69253,39189.23594,17451.95,
Dom Pedro de Alc&acirc;ntara,4306551,dom-pedro-alcantarense,ALEXANDRE MODEL EVALDT,78.219,2562,32.75,97.4,0.691,-,17050.22408,13144.86711,21156.18,
Dom Pedrito,4306601,pedritense,M&Aacute;RIO AUGUSTO DE FREIRE GON&Ccedil;ALVES,5194.051,36981,7.12,97.5,0.708,15.11,144387.3361,104390.85323,36521.95,
Dona Francisca,4306700,francisquense,OLAVO JOSE CASSOL,114.149,3079,26.97,97.6,0.697,-,17545.43176,14104.97755,27755.95,
Doutor Maur&iacute;cio Cardoso,4306734,mauriciense,MARINO JOS&Eacute; POLLO,255.731,4470,17.48,97.3,0.706,-,27465.60325,19560.6628,45824.83,
Doutor Ricardo,4306759,ricardense,ALVARO JOSE GIACOBBO,107.960,1888,17.49,99.2,0.724,-,13955.64006,11586.3542,28413.64,
Eldorado do Sul,4306767,eldoradense,ERNANI DE FREITAS GON&Ccedil;ALVES,509.614,39559,77.63,97.2,0.717,7.26,143141.6091,107529.16848,42531.78,
Encantado,4306809,encantadense,JONAS CALVI,140.006,22962,164.01,99.5,0.767,3.56,83996.52904,70043.85689,44593.19,
Encruzilhada do Sul,4306908,encruzilhadense,BENITO FONSECA PASCHOAL,3347.861,23819,7.11,96.1,0.657,8.33,83090.59068,64389.71595,22895.91,
Engenho Velho,4306924,engenho-velhense,DIEGO MARTINELLI BERGAMASCHI,71.191,1296,18.20,97.3,0.717,-,15833.63203,12210.94107,54390.69,
Entre-Iju&iacute;s,4306932,entre-ijuiense,JOSE PAULO MENEGHINE,552.986,9158,16.56,99.2,0.680,16.67,36987.09947,30083.8978,41301.23,
Entre Rios do Sul,4306957,entre-rio-sulense,IRSON MILANI,119.912,2685,22.39,98.2,0.703,-,20027.31763,17317.95902,81427.54,
Erebango,4306973,erebanguense,VALMOR JOS&Eacute; TOMELERO,152.793,3054,19.99,99.1,0.712,-,20441.52275,16206.07329,40733.02,
Erechim,4307005,erechinense,PAULO ALFREDO POLIS,429.164,105705,246.30,97.9,0.776,14.5,297865.90204,234782.88761,54953.36,
Ernestina,4307054,ernestinense,RENATO BECKER,238.558,3034,12.72,100,0.716,-,17830.52249,16484.8806,45668.12,
Herval,4307104,hervalense,ILDO ROBERTO LEMOS SALLABERRY,1759.717,6191,3.52,97.3,0.687,-,28658.59395,24296.95599,20889.38,
Erval Grande,4307203,erval-grandense,SUZINEI SCHINEIDER,285.677,4930,17.26,99.3,0.681,-,19814.67522,18720.85634,24273.18,
Erval Seco,4307302,erval-sequense,LEONIR KOCHE,357.181,6787,19.00,99.1,0.685,28.17,23586.09433,21304.91842,36409.63,
Esmeralda,4307401,esmeraldense,JO&Atilde;O HERMENEGILDO PEREIRA,829.587,3195,3.85,98.7,0.680,41.67,22041.43415,19059.47116,65686.13,
Esperan&ccedil;a do Sul,4307450,esperan&ccedil;ulense,MOIS&Eacute;S ALFREDO LEDUR,148.909,3226,21.66,98,0.661,25.64,19298.55955,14366.55824,30194.03,
Espumoso,4307500,espumosense,DOUGLAS FONTANA,783.642,15173,19.36,98.2,0.765,-,57995.07767,50633.65535,39931.81,
Esta&ccedil;&atilde;o,4307559,estacionense,GEVERSON ZIMMERMANN,99.757,5582,55.96,96.6,0.753,29.41,26085.94056,20326.08844,40956.09,
Est&acirc;ncia Velha,4307609,estanciense,DIEGO WILLIAN FRANCISCO,51.779,47912,925.32,98.6,0.757,7.68,148029.47219,120403.41941,30444.78,
Esteio,4307708,esteiense,LEONARDO DUARTE PASCOAL,27.676,76137,2751.01,97.6,0.754,1.97,301406.72628,262107.48057,40124.54,
Estrela,4307807,estrelense,ELMAR ANDR&Eacute; SCHNEIDER,185.026,32183,173.94,98.7,0.767,6.93,118768.30272,103991.01167,52251.13,
Estrela Velha,4307815,estrelavelhense,ALEXANDER CASTILHOS,281.613,3070,10.90,100,0.679,-,24031.64966,17907.96424,29376.62,
Eug&ecirc;nio de Castro,4307831,eugenio-castrense,JAIME DIONIR ZWEIGLE,418.069,2633,6.30,99.2,0.712,-,21153.80936,16704.11971,72951.39,
Fagundes Varela,4307864,fagundense,NELTON CARLOS CONTE,134.295,2566,19.11,98.8,0.763,-,19562.56008,15657.15196,50156.30,
Farroupilha,4307906,farroupilhense,FABIANO FELTRIN,361.341,69885,193.40,98.5,0.777,1.2,258342.46053,212320.93437,49379.70,
Faxinal do Soturno,4308003,soturnense,CLOVIS ALBERTO MONTAGNER,169.514,6702,39.54,99.1,0.720,16.13,28791.68287,21258.78172,34026.34,
Faxinalzinho,4308052,faxinalzinhense,JAMES AYRES TORRES,143.321,2520,17.58,96.4,0.666,-,13925.32062,12444.13258,32123.46,
Fazenda Vilanova,4308078,vilanovense,AMARILDO LUIS DA SILVA,84.794,4291,50.60,97,0.698,-,21283.93561,17037.21415,22151.99,
Feliz,4308102,felizense,CL&Oacute;VIS FREIBERGER JUNIOR,94.832,13764,145.14,98.9,0.750,6.45,52318.26671,42841.4138,34521.95,
Flores da Cunha,4308201,florense,CESAR ULIAN,276.241,30892,111.83,97.4,0.754,16,121269.74175,97657.10834,62741.96,
Floriano Peixoto,4308250,florianense,ORLEI GIARETTA,168.521,1668,9.90,99.2,0.663,-,15320.69838,11065.21623,35691.63,
Fontoura Xavier,4308300,fontourense,LUIZ ARMANDO TAFFAREL,583.239,9550,16.37,96.1,0.661,-,29049.74082,26973.20492,23998.26,
Formigueiro,4308409,formigueirense,JOCELVIO GON&Ccedil;ALVES CARDOSO,578.875,6413,11.08,95.6,0.682,-,26870.5662,21061.9161,29151.99,
Forquetinha,4308433,forquetinhense,PAULO JOSE GRUNEWALD,93.275,2393,25.66,95.1,0.683,52.63,11988.82253,11091.39112,19499.69,
Fortaleza dos Valos,4308458,fortalezense,MARCIA ROSSATTO FREDI,650.512,4477,6.88,99.7,0.756,-,32082.20558,25605.51829,59709.66,
Frederico Westphalen,4308508,westphalense,JOS&Eacute; ALBERTO PANOSSO,265.181,32627,123.04,97.9,0.760,6.96,103770.42235,73774.31747,38164.61,
Garibaldi,4308607,garibaldense,SERGIO CHESINI,168.492,34335,203.78,95.6,0.786,7.63,141656.11163,113849.76969,64973.33,
Garruchos,4308656,garruchense,ROLAND SCHATZ,803.737,2688,3.34,98.3,0.671,-,22135.7476,15975.77588,51371.70,
Gaurama,4308706,gauramense,LEANDRO MARCIO PUTON,204.428,5665,27.71,99.2,0.738,-,22522.75637,17579.93337,43797.81,
General C&acirc;mara,4308805,camarense,HELTON HOLZ BARRETO,510.010,7612,14.93,97.3,0.686,12.5,21506.47911,17890.60547,18694.69,
Gentil,4308854,gentilense,ALCENIR DALMAGO,184.715,1742,9.43,98,0.733,-,14768.63897,11861.22152,77775.17,
Get&uacute;lio Vargas,4308904,getuliense,MAUR&Iacute;CIO SOLIGO,287.466,16602,57.75,98.5,0.746,6.37,54628.39611,44655.77656,40108.09,
Giru&aacute;,4309001,giruaense,RUBEN WEIMER,857.059,16013,18.68,98.2,0.721,5.52,71959.93148,61768.17703,48203.35,
Glorinha,4309050,glorinhense,PAULO JOS&Eacute; SILVEIRA CORR&Ecirc;A,323.955,7658,23.64,98.8,0.714,-,32991.64015,33087.62096,33669.00,
Gramado,4309100,gramadense,NESTOR TISSOT,239.341,40134,167.69,96.9,0.764,3.31,233602.1937,216720.67689,55322.94,
Gramado dos Loureiros,4309126,loureirense,ARTUR CEREZA,131.396,2014,15.33,99.5,0.685,54.05,16440.80699,11574.73044,29368.60,
Gramado Xavier,4309159,gramado-xavierense,JOSE MARCELO LAUFER,217.515,3304,15.19,98.5,0.634,-,17998.4821,15817.48143,18159.45,
Gravata&iacute;,4309209,gravataiense,LUIZ ARIANO ZAFFALON,468.288,265070,566.04,95.7,0.736,9.73,788308.10235,704080.6682,37518.45,
Guabiju,4309258,guabijuense,DIEGO VENDRAMIN,146.925,1417,9.64,100,0.758,-,13074.17498,11686.15253,48217.69,
Gua&iacute;ba,4309308,guaibense,MARCELO SOARES REINALDO,376.166,92924,247.03,97.3,0.730,15.9,299640.04983,241629.93162,59309.03,
Guapor&eacute;,4309407,guaporense,VALDIR CARLOS FABRIS,297.545,25268,84.92,98.5,0.765,9.04,96100.61721,74803.77841,36975.12,
Guarani das Miss&otilde;es,4309506,guaraniense,JERONIMO JASKULSKI,290.700,7415,25.51,97.8,0.737,30.3,27663.18637,25187.47006,39589.31,
Harmonia,4309555,harmoniense,ERNANI JOS&Eacute; FORNECK,48.557,5378,110.76,100,0.749,20,30745.51051,24571.19339,40932.24,
Herveiras,4309571,herveirense,NAZARIO RUBI KUENTZER,118.261,2526,21.36,93.7,0.616,-,14430.50185,12660.69109,19695.48,
Horizontina,4309605,horizontinense,JONES JEHN DA CUNHA,229.694,18851,82.07,97.6,0.783,17.86,110443.57099,84110.4909,88066.79,
Hulha Negra,4309654,hulha-negrense,CARLOS RENATO TEIXEIRA MACHADO,822.608,5976,7.26,96,0.643,36.36,25728.64497,20944.54165,31201.38,
Humait&aacute;,4309704,humaitaense,PAULO ANTONIO SCHWADE,135.010,4681,34.67,99,0.738,-,26800.76535,21490.22851,38921.21,
Ibarama,4309753,ibaramense,VALMOR NERI MATTANA,195.426,3732,19.10,97.7,0.652,-,17971.71811,16630.52541,18933.05,
Ibia&ccedil;&aacute;,4309803,ibia&ccedil;aense,ULISSES CECCHIN,348.778,4527,12.98,97.6,0.739,-,27178.79553,20966.36643,47921.54,
Ibiraiaras,4309902,ibiraiarense,DOUGLAS ROSSONI,292.160,6776,23.19,97.5,0.724,14.71,29828.83932,23723.32444,33201.55,
Ibirapuit&atilde;,4309951,ibirapuitanense,JOSE NICOLODI PROVENCI,307.164,3723,12.12,95.4,0.638,27.03,21103.76026,18158.48109,27740.07,
Ibirub&aacute;,4310009,ibirubense,ABEL GRAVE,607.185,21583,35.55,99,0.765,7.81,82619.92241,67083.45834,58951.67,
Igrejinha,4310108,igrejinhense,LEANDRO MARCIANO HORLLE,138.303,32808,237.22,97.3,0.721,3.7,129334.22167,105870.01605,45828.32,
Iju&iacute;,4310207,ijuiense,ANDREI COSSETIN SCZMANSKI,688.982,84726,122.97,98.9,0.781,12.05,367898.41579,322410.22183,52413.27,
Il&oacute;polis,4310306,ilopolitano,EDMAR PEDRO ROVADOSCHI,123.602,4157,33.63,95.7,0.730,-,19641.29449,14208.73328,30088.12,
Imb&eacute;,4310330,Imbeense,LUIS HENRIQUE VEDOVATO,39.766,26824,674.55,96.8,0.764,21.94,93697.3097,86666.62328,23785.26,
Imigrante,4310363,imigrantense,GERMANO STEVENS,71.716,3080,42.95,95.1,0.743,-,22621.7205,19340.55154,240070.40,
Independ&ecirc;ncia,4310405,independenciense,JO&Atilde;O ED&Eacute;CIO GRAEF,358.283,6427,17.94,98.9,0.693,-,27809.42103,23496.47184,53338.77,
Inhacor&aacute;,4310413,inhacorense,EVERALDO BUENO ROLIM,113.749,2014,17.71,98.8,0.673,-,14300.95417,13152.9439,32974.34,
Ip&ecirc;,4310439,ipeense,CASSIANO DE ZORZI CAON,599.032,5325,8.89,98.6,0.728,-,26439.35552,21629.96404,28787.99,
Ipiranga do Sul,4310462,ipiranguense,MARCO ANTONIO SANA,158.710,1720,10.84,100,0.791,-,15743.40398,13386.92969,54387.84,
Ira&iacute;,4310504,iraiense,ANTONIO VILSON BERNARDI,181.579,7482,41.21,98.4,0.691,-,21118.44517,17857.66024,28520.96,
Itaara,4310538,itaarense,SALETE DESCONZI - em exerc&iacute;cio,172.801,5572,32.25,99.1,0.760,-,18509.7824,16493.69247,35541.98,
Itacurubi,4310553,itacurubiense,GELSO DOS SANTOS SOARES,1120.874,2995,2.67,96.3,0.657,-,18074.02087,15199.27035,27650.74,
Itapuca,4310579,itapuquense,MARCOS JOSE SCORSATTO,184.673,1937,10.49,97.5,0.664,-,14448.83984,11837.66227,35546.53,
Itaqui,4310603,itaquiense,LEONARDO DICSON SANCHEZ BETIN,3406.606,35768,10.50,98.7,0.713,6.17,110187.86557,109059.94316,41910.13,
Itati,4310652,itatiense,FLORI WERB,205.060,2638,12.86,97.7,0.669,32.26,14779.51546,12529.42666,30207.96,
Itatiba do Sul,4310702,itatibense,VALDEMAR CIBULSKI,212.669,3208,15.08,99.2,0.681,-,20611.19147,16955.73773,21944.09,
Ivor&aacute;,4310751,ivorense,SAULO PICCININ,122.930,1929,15.69,97.1,0.724,-,13908.71148,11563.70323,19912.36,
Ivoti,4310801,ivotiense,MARTIN CESAR KALKMANN,63.092,22983,364.28,100,0.784,-,89287.14551,67632.30301,39652.57,
Jaboticaba,4310850,jaboticabense,LUIS CLOVES MOLINARI SILVA,127.589,3779,29.62,98.1,0.658,-,16265.17522,14312.81086,28257.78,
Jacuizinho,4310876,jacuizinhense,DINIZ JOS&Eacute; FERNANDES,339.399,2040,6.01,98.1,0.662,-,15167.50537,13466.82912,28262.97,
Jacutinga,4310900,jacutinguense,CARLOS ALBERTO BORDIN,178.009,3338,18.75,97.4,0.726,-,20329.5472,15444.49987,44432.51,
Jaguar&atilde;o,4311007,jaguarense,ROGERIO LEMOS CRUZ,2051.845,26603,12.97,97.1,0.707,9.26,87238.15698,72245.37863,28190.69,
Jaguari,4311106,jaguariense,ROBERTO CARLOS BOFF TURCHIELLO,675.314,10579,15.67,97,0.712,11.76,38963.78049,34087.80552,23695.13,
Jaquirana,4311122,jaquiranense,MARCOS FINGER PIRES,908.879,3690,4.06,96.1,0.614,-,20416.12266,16166.57638,20650.18,
Jari,4311130,jariense,OSNEI DOS SANTOS AZEREDO,853.080,3349,3.93,96,0.631,-,22238.51838,15751.16851,44436.01,
J&oacute;ia,4311155,joiense,ADRIANO MARANGON DE LIMA,1238.918,7184,5.80,96.6,0.686,14.49,42459.69052,32533.97325,50311.63,
J&uacute;lio de Castilhos,4311205,castilhense,BERNARDO QUATRIN DALLA CORTE,1929.544,18226,9.45,97.3,0.716,9.48,77913.77144,63239.13836,59390.43,
Lagoa Bonita do Sul,4311239,lagobonitense,LUIZ FRANCISCO FAGUNDES,109.758,2251,20.51,97.9,0.670,-,13940.65325,12121.71781,18419.90,
Lago&atilde;o,4311254,lagonense,CIRANO DE CAMARGO,387.486,5341,13.78,97,0.643,-,22550.25033,18523.42748,15755.45,
Lagoa dos Tr&ecirc;s Cantos,4311270,tr&ecirc;s-cantense,SERGIO ANTONIO LASCH,138.602,1738,12.54,100,0.789,41.67,17057.22066,12815.48272,46206.53,
Lagoa Vermelha,4311304,lagoense,GUSTAVO JOSE BONOTTO,1260.227,27659,21.95,97.5,0.738,13.33,76755.62441,79573.80007,40796.12,
Lajeado,4311403,lajeadense,MARCELO CAUMO,91.231,93646,1026.47,98,0.778,3.39,313426.42933,257293.54268,55219.55,
Lajeado do Bugre,4311429,lajeado-bugrense,RONALDO MACHADO DA SILVA,67.947,2601,38.28,96.8,0.613,-,13959.00491,11841.27899,19771.56,
Lavras do Sul,4311502,lavrense,S&Aacute;VIO JOHNSTON PRESTES,2600.969,7157,2.75,98.5,0.699,27.78,40036.16247,32066.32762,36219.58,
Liberato Salzano,4311601,salzanense,JULIANE PENSIN,245.627,4781,19.46,98.9,0.685,-,24815.8291,20209.89722,23602.72,
Lindolfo Collor,4311627,lindolfo-collorense,GASPAR BEHNE,33.351,6244,187.22,97.1,0.712,-,26316.3433,18835.38011,52008.94,
Linha Nova,4311643,linha-novense,HENRIQUE PETRY,63.502,1683,26.50,100,0.749,-,12244.82671,9721.99138,32328.34,
Machadinho,4311700,machadinhense,ALCIR GRISON,335.198,5735,17.11,98.5,0.692,-,22641.84126,20367.88179,34439.58,
Ma&ccedil;ambar&aacute;,4311718,ma&ccedil;ambarense,ADRIANE BORTOLASO SCHRAMM,1682.820,4425,2.63,99.3,0.684,-,26115.04942,17242.52362,72690.82,
Mampituba,4311734,mampitubense,PEDRO JUAREZ DA SILVA,156.653,3131,19.99,96.6,0.649,21.28,17104.60084,13934.41597,18024.08,
Manoel Viana,4311759,vianense,JORGE GUSTAVO COSTA MEDEIROS,1390.696,6801,4.89,99.2,0.655,-,24016.81615,20462.17218,38109.04,
Maquin&eacute;,4311775,maquinense,JO&Atilde;O MARCOS BASSANI DOS SANTOS,613.580,7418,12.09,94.6,0.682,11.63,25260.84595,21079.4165,23024.20,
Marat&aacute;,4311791,marataense,GISELE ADRIANA SCHNEIDER,82.063,2470,30.10,99,0.697,-,21083.682,17162.94568,28239.71,
Marau,4311809,marauense,IURA KURTZ,649.770,45126,69.45,94.5,0.774,8.85,134010.05629,120754.98208,49638.88,
Marcelino Ramos,4311908,marcelinense,VANNEI MAFISSONI,229.759,4320,18.80,98.2,0.724,-,21555.89208,18131.62087,33241.01,
Mariana Pimentel,4311981,marianense,LUIZ RENATO MILESKI GONCZOROSKI,338.450,3916,11.57,97.7,0.701,21.28,18283.12865,13110.20565,21091.77,
Mariano Moro,4312005,marianense,IRINEU FANTIN,98.727,1858,18.82,98.1,0.730,-,14891.98136,12052.72243,31302.24,
Marques de Souza,4312054,marques-souzense,FABIO ALEX MERTZ,125.714,3969,31.57,100,0.687,52.63,19305.85222,16099.86827,24726.15,
Mata,4312104,matense,ROGERIO KUHN,316.121,4698,14.86,97.9,0.656,-,20420.28628,16818.5502,23644.17,
Mato Castelhano,4312138,mato-castelhanense,ROG&Eacute;RIO AZEREDO FRAN&Ccedil;A,238.268,2553,10.71,100,0.727,-,15704.44874,13481.05083,43904.45,
Mato Leit&atilde;o,4312153,mato-leitoense,CARLOS ALBERTO BOHN,46.799,4859,103.83,100,0.746,-,26467.22556,19159.41995,32160.18,
Mato Queimado,4312179,matoqueimadense,JOAQUIM BOURSCHEIDT,114.653,1795,15.66,99.2,0.717,-,15489.1869,11880.36335,28749.04,
Maximiliano de Almeida,4312203,almeidense,EUCLIDES JOAO MUTERLLE,208.439,4191,20.11,99.1,0.699,-,18408.71269,16021.01359,26044.37,
Minas do Le&atilde;o,4312252,leonense,SILVIA MARIA LASEK NUNES,424.339,7505,17.69,97.9,0.681,11.9,28075.10307,24196.04405,24597.47,
Miragua&iacute;,4312302,miraguaiense,LUIS CARLOS HERRMANN,131.236,4427,33.73,99.1,0.725,-,17986.07966,15234.52696,29175.24,
Montauri,4312351,montauriense,JAIRO ROQUE ROSO,82.230,1499,18.23,100,0.764,-,14316.17921,11725.55702,41797.43,
Monte Alegre dos Campos,4312377,montealegrense,ONILTON JO&Atilde;O CAPELINI,549.455,3180,5.79,98.7,0.650,-,17584.74093,15816.37747,25720.61,
Monte Belo do Sul,4312385,monte-belense,ADENIR JOS&Eacute; DALL&Eacute;,69.726,2557,36.67,98.7,0.752,-,16461.32351,13294.87965,29383.90,
Montenegro,4312401,montenegrino,GUSTAVO ZANATTA,425.023,63624,149.70,97.4,0.755,13.29,258131.54,195508.36992,59429.74,
Morma&ccedil;o,4312427,mormacense,RODRIGO JACOBY TRINDADE,146.191,2756,18.85,97.8,0.714,-,17880.02324,14462.62239,26905.04,
Morrinhos do Sul,4312443,morrinhense,MARCOS VENICIOS EVALDT DA SILVEIRA,166.224,3071,18.48,100,0.711,-,17678.29501,13321.21072,20517.35,
Morro Redondo,4312450,morro-redondense,RUI VALDIR OTTO BRIZOLARA,244.645,6046,24.71,98.5,0.702,60,19904.52195,16214.47085,15720.46,
Morro Reuter,4312476,morroreutense,CARLA CRISTINE WITTMANN CHAMORRO,89.412,6029,67.43,96.7,0.743,-,24852.06711,20823.65518,32448.01,
Mostardas,4312500,mostardense,MOISES BATISTA PEDONE DE SOUZA,1977.442,12090,6.11,96.6,0.664,12.58,49719.90374,45534.67787,33271.31,
Mu&ccedil;um,4312609,mu&ccedil;unense,MATEUS GIOVANONI TROJAN,111.247,4601,41.36,97.2,0.746,-,20106.04068,18911.88723,57374.31,
Muitos Cap&otilde;es,4312617,caponense,RITA DE CASSIA CAMPOS PEREIRA,1193.230,2879,2.41,92.8,0.702,-,28872.71653,21478.39877,228470.49,
Muliterno,4312625,muliternense,ADAIR BARILLI,111.132,1721,15.49,95.2,0.689,-,13242.42187,11322.71748,28976.81,
N&atilde;o-Me-Toque,4312658,n&atilde;o-me-toquense,GILSON DOS SANTOS,361.689,17898,49.48,98.9,0.765,12.4,84979.23339,71619.38958,77209.15,
Nicolau Vergueiro,4312674,nicolau-vergueirense,GERALDO ANTONIO MUNIZ,154.995,1932,12.46,97.4,0.753,-,14204.1667,12883.16049,47950.62,
Nonoai,4312708,nonoaiense,ADRIANE PERIN DE OLIVEIRA,468.962,13719,29.25,96.2,0.702,10.1,44644.06732,36324.0106,35010.99,
Nova Alvorada,4312757,nova-alvoradense,EDILSON ANTONIO ROMANINI,148.861,3163,21.25,96.7,0.740,-,20925.98074,19202.96974,53537.24,
Nova Ara&ccedil;&aacute;,4312807,ara&ccedil;aense,ADEMIR DAL POZZO,75.514,4954,65.60,100,0.785,-,24418.16562,19414.08578,54639.45,
Nova Bassano,4312906,bassanense,IVALDO DALLA COSTA,211.611,9649,45.60,98.6,0.747,-,45308.78339,35890.77959,62209.22,
Nova Boa Vista,4312955,boa-vistense,DANIEL THALHEIMER,93.733,2042,21.79,98.5,0.768,-,17935.50718,13184.62815,64948.62,
Nova Br&eacute;scia,4313003,bresciense,ANGELO ANTONIO BARBIERI,102.994,3044,29.56,99.5,0.778,-,21320.86164,17322.92445,34319.66,
Nova Candel&aacute;ria,4313011,nova-candelariense,JORGE LADIR STEFFLER,97.579,3061,31.37,97.9,0.759,28.57,22379.93305,17038.49526,69866.48,
Nova Esperan&ccedil;a do Sul,4313037,nova-esperancense,IVORI ANT&Ocirc;NIO GUASSO J&Uacute;NIOR,191.000,4865,25.47,100,0.735,19.23,19727.39536,15730.27424,22773.34,
Nova Hartz,4313060,nova-hartense,FLAVIO EMILIO JOST,62.319,20088,322.34,95.6,0.689,13.16,60525.22002,49182.46036,32102.03,
Nova P&aacute;dua,4313086,paduense,DANRLEI PILATTI,102.643,2343,22.83,100,0.761,55.56,18059.43793,13340.75177,30826.79,
Nova Palma,4313102,nova-palmense,ANDRE LUIZ ROSSATO,314.613,5586,17.76,97.9,0.744,-,28572.97296,21452.74123,43599.51,
Nova Petr&oacute;polis,4313201,nova-petropolitano,JORGE DARLEI WOLF,290.164,23177,79.88,98.8,0.780,4,73973.93908,65588.3742,38372.44,
Nova Prata,4313300,nova-pratense,ALCIONE GRAZZIOTIN,259.941,25692,98.84,99.3,0.766,8.72,109933.27873,90217.18182,47856.02,
Nova Ramada,4313334,morador de nova rama,MARCUS JAIR BANDEIRA,255.264,2163,8.47,98.6,0.742,43.48,16810.57668,14245.05042,67719.31,
Nova Roma do Sul,4313359,nova-romense,DOUGLAS FAVERO PASUCH,149.767,3466,23.14,98.2,0.741,-,26300.31612,19027.69366,54073.53,
Nova Santa Rita,4313375,nova-santaritense,RODRIGO AMADEO BATTISTELLA,218.153,29024,133.04,97.5,0.718,18.47,126337.00574,96236.39046,64097.59,
Novo Cabrais,4313391,cabraisense,LEODEGAR RODRIGUES,192.998,3568,18.49,98.8,0.688,-,17171.70735,14617.85859,18885.52,
Novo Hamburgo,4313409,novo-hamburguense,FATIMA CRISTINA CAXINHAS DAUDT,222.536,227732,1023.35,97,0.747,9.23,923160.91883,892363.07468,37575.54,
Novo Machado,4313425,novo-machadense,ANTONIO LUIZ SAVELA,218.836,3198,14.61,97.6,0.663,-,20258.5381,15638.79453,45226.06,
Novo Tiradentes,4313441,tiradentense,LUIZ CARLOS BENEDETTE,75.428,2146,28.45,98.8,0.676,-,16991.01528,13073.26497,21722.63,
Novo Xingu,4313466,xinguense,JAIME EDSSON MARTINI,79.851,1646,20.61,99.5,0.767,-,13054.2639,11662.57672,33514.57,
Novo Barreiro,4313490,novo-barreirense,M&Aacute;RCIA RAQUEL RODRIGUES PRESOTTO,123.344,4272,34.63,99.2,0.706,-,19701.95887,16428.85227,23735.67,
Os&oacute;rio,4313508,osoriense,ROGER CAPUTI ARA&Uacute;JO,663.878,47400,71.40,97.1,0.751,9.55,188602.20125,169121.765,36529.85,
Paim Filho,4313607,paim-filhense,GENES JACINTO MOTERLE RIBEIRO,182.115,3629,19.93,98.7,0.706,-,16899.7029,16053.471,33478.25,
Palmares do Sul,4313656,palmarense,MAURICIO DA SILVA MUNIZ,949.201,12844,13.53,95.6,0.715,7.19,52680.63849,42667.14355,49913.22,
Palmeira das Miss&otilde;es,4313706,palmeirense,EVANDRO LUIS MASSING,1421.101,33216,23.37,98.3,0.737,8.42,121172.36905,99775.04254,44592.22,
Palmitinho,4313805,palmitense,CAETANO ALBARELLO,144.181,7839,54.37,98.7,0.720,-,23985.7454,21713.19067,33206.03,
Panambi,4313904,panambiense,DANIEL HINNAH,491.570,43515,88.52,99.1,0.761,3.45,160725.22664,123331.17262,47690.92,
Pantano Grande,4313953,pantanense,ALCIDES EMILIO PAGANOTTO,841.225,10212,12.14,98.4,0.661,-,39933.60793,31375.53849,39798.64,
Para&iacute;,4314001,paraiense,OSCAR DALL AGNOL,121.745,7194,59.09,96,0.773,11.49,32214.11974,26005.8526,40631.17,
Para&iacute;so do Sul,4314027,paraisense,ARTUR ARNILDO LUDWIG,337.534,6519,19.31,99.2,0.676,-,25119.61235,18573.90788,19673.82,
Pareci Novo,4314035,pareciense,PAULO ALEXANDRE BARTH,57.485,4319,75.13,97.7,0.749,-,24422.33397,19560.79772,28540.68,
Parob&eacute;,4314050,parobeense,DIEGO DAL PIVA DA LUZ,108.707,52058,478.88,96.6,0.704,9.26,141258.01332,125522.97002,21730.88,
Passa Sete,4314068,passasetense,MAUR&Iacute;CIO AFONSO RUOSO,304.266,3982,13.09,98.6,0.622,-,24975.84564,16691.94314,17179.02,
Passo do Sobrado,4314076,passo-sobradense,EDGAR THIESEN,265.133,6025,22.72,98.5,0.698,17.54,27529.85966,21687.51852,25486.29,
Passo Fundo,4314100,passo-fundense,PEDRO CEZAR DE ALMEIDA NETO,784.407,206224,262.90,97.3,0.776,8.28,586902.49489,488853.84966,49084.77,
Paulo Bento,4314134,paulobentense,GABRIEL JEVINSKI,149.669,2144,14.32,99.2,0.710,-,14103.80593,12506.57442,48829.17,
Paverama,4314159,paveramense,FABIANO MERENCE BRAND&Atilde;O,171.863,7978,46.42,98.8,0.683,-,27127.15729,22223.1252,23732.57,
Pedras Altas,4314175,pedras altense,LUIZ ALBERTO SOARES PERDOMO,1373.985,2061,1.50,94.1,0.640,-,21970.29637,17420.89623,73937.20,
Pedro Os&oacute;rio,4314209,pedro-osoriense,MOACIR OT&Iacute;LIO ALVES,603.757,7484,12.40,95.8,0.678,12.66,19654.37871,18482.16265,18913.34,
Peju&ccedil;ara,4314308,peju&ccedil;arense,FLAVIANA BRANDEMBURG BASSO,414.106,3745,9.04,100,0.741,-,27297.66795,22616.01313,63431.90,
Pelotas,4314407,pelotense,PAULA SCHILD MASCARENHAS,1608.780,325689,202.44,96.9,0.739,9.07,971193.1485,906719.09511,27671.06,
Picada Caf&eacute;,4314423,picadense,LUCIANO KLEIN,84.280,5351,63.49,99.3,0.758,-,25349.32906,22979.17295,52070.39,
Pinhal,4314456,pinhalense,LUIZ CARLOS PINTO RIBEIRO,68.222,2959,43.37,98.4,0.720,-,20455.13318,17193.10943,39687.46,
Pinhal da Serra,4314464,pinhalense,JOS&Eacute; ROBISON RODRIGUES DUARTE,438.110,2248,5.13,95.7,0.650,-,22970.92193,22080.85888,111781.67,
Pinhal Grande,4314472,pinhal-grandense,LUCAS MICHELON,478.110,3805,7.96,97.6,0.678,-,30382.86699,23215.43991,181298.37,
Pinheirinho do Vale,4314498,pinheirinhense,NELBO ALDAIR APPEL,105.385,4540,43.08,97.3,0.710,-,20459.15588,18631.29947,23413.80,
Pinheiro Machado,4314506,pinheirense,RONALDO COSTA MADRUGA,2249.176,11214,4.99,97.1,0.661,12.2,48905.90443,45734.59745,24955.31,
Pinto Bandeira,4314548,pinto bandeirense,HADAIR FERRARI,104.801,2723,25.98,-,-,29.41,14467.06749,11108.0264,21152.85,
Pirap&oacute;,4314555,pirapoense,AURI BRANDT KOCHHANN,293.723,2260,7.69,97.9,0.669,-,17905.29477,14141.19821,31926.69,
Piratini,4314605,piratinense,M&Aacute;RCIO MANETTI PORTO,3538.300,17502,4.95,97.2,0.658,20.55,56646.53814,47976.88898,24094.88,
Planalto,4314704,planaltense,CRISTIANO GNOATTO,228.552,10406,45.53,97.2,0.687,7.81,28002.30395,24449.52557,20766.71,
Po&ccedil;o das Antas,4314753,po&ccedil;oantense,V&Acirc;NIA BRACKMANN,67.618,2171,32.11,99.1,0.744,-,16406.04182,14422.34924,50506.40,
Pont&atilde;o,4314779,pontanense,VELTON VICENTE HAHN,502.709,3296,6.56,96.8,0.725,-,27746.14664,20610.48916,69963.88,
Ponte Preta,4314787,ponte-pretense,JOSIEL FERNANDO GRISELI,99.504,1575,15.83,100,0.725,-,13275.17101,12621.98025,40412.06,
Port&atilde;o,4314803,portanense,DELMAR HOFF,159.298,34072,213.89,96.2,0.713,5.39,101076.28477,77849.97084,34863.79,
Porto Alegre,4314902,porto-alegrense,SEBASTI&Atilde;O DE ARA&Uacute;JO MELO,495.390,1332570,2689.94,96.6,0.805,7.78,6432707.50645,6018787.33325,51116.72,
Porto Lucena,4315008,porto-lucenense,JAIR MIGU&Eacute;L WAGNER,250.876,4360,17.38,97.5,0.693,-,18865.5059,15171.32533,24795.13,
Porto Mau&aacute;,4315057,porto-mauense,LEOCIR WEISS,105.811,2142,20.24,100,0.698,-,16609.54222,13514.16247,29124.31,
Porto Vera Cruz,4315073,porto-vera-cruzense,JOS&Eacute; ANDRADE DE MATOS,114.284,1560,13.65,100,0.690,-,14782.76285,11208.93859,27349.06,
Porto Xavier,4315107,porto-xavierense,GILBERTO DOMINGOS MENIN,281.497,9938,35.30,99.5,0.723,15.75,34964.18352,28743.09505,18388.20,
Pouso Novo,4315131,pouso-novense,MOACIR LUIS SEVERGNINI,105.338,1739,16.51,96.6,0.715,-,13879.54663,11780.65695,31559.67,
Presidente Lucena,4315149,lucinense,GILMAR FUHR,49.628,3077,62.00,98.6,0.757,-,17376.93425,14205.84591,55013.46,
Progresso,4315156,progressense,PAULO GILBERTO SCHMITT,256.039,5340,20.86,99,0.683,20,22832.20324,20131.23025,21132.10,
Prot&aacute;sio Alves,4315172,prot&aacute;sio-alvense,ITAMAR ANTONIO GIRARDI,171.994,2025,11.77,98.1,0.733,-,15653.76819,12395.69503,35208.75,
Putinga,4315206,putinguense,PAULO SERGIO LIMA DOS SANTOS,216.159,3747,17.33,97.9,0.715,-,21130.19039,16192.1231,27263.21,
Quara&iacute;,4315305,quaraiense,JEFERSON DA SILVA PIRES,3139.995,23500,7.48,99.4,0.704,3.4,56380.14896,49859.72604,22091.93,
Quatro Irm&atilde;os,4315313,quatroirmanense,GIOVAN POGANSKI,268.971,1552,5.77,99.6,0.689,-,14900.2154,13110.28554,55687.37,
Quevedos,4315321,quevedense,NEUSA DOS SANTOS NICKEL,543.359,2507,4.61,96.4,0.665,-,19134.96845,15199.94135,60310.03,
Quinze de Novembro,4315354,quinze-novembrense,GUSTAVO PEUKERT STOLTE,223.072,3910,17.53,100,0.756,-,25348.84299,20229.11,40929.77,
Redentora,4315404,redentorense,MALBERK ANTOINE KUNST DULLIUS,303.705,9738,32.06,93.5,0.631,10.15,31559.83964,23904.78169,13723.28,
Relvado,4315453,relvadense,CARLOS LUIZ FRAPORTI,108.188,1796,16.60,98.2,0.731,-,14006.51812,11627.64682,29336.53,
Restinga S&ecirc;ca,4315503,restinguense,PAULO RICARDO SALERNO,968.620,14939,15.42,97.6,0.683,6.67,54621.88753,42293.25468,29697.83,
Rio dos &Iacute;ndios,4315552,riodinhense,FLAVIO GOLIN,235.854,2835,12.02,95.1,0.656,-,20732.23406,15571.32832,38262.66,
Rio Grande,4315602,rio-grandino,F&Aacute;BIO DE OLIVEIRA BRANCO,2682.867,191900,71.53,97.7,0.744,8.75,644061.4672,563818.86635,47045.23,
Rio Pardo,4315701,rio-pardense,ROG&Eacute;RIO LUIZ MONTEIRO,2051.112,34654,16.90,96.1,0.693,10.5,132982.82409,117970.46571,24106.44,
Riozinho,4315750,riozinhense,ALCEU MARCOS PRETTO,239.090,4473,18.71,96.5,0.661,41.67,22374.14447,16935.05131,27597.30,
Roca Sales,4315800,roca-salense,AMILTON FONTANA,208.108,10418,50.06,98.7,0.729,8.93,37649.02955,31424.99738,40983.01,
Rodeio Bonito,4315909,rodeiense,PAULO DUARTE,83.278,6654,79.90,99.3,0.732,-,24351.40313,21326.85854,35725.32,
Rolador,4315958,roladorense,JO&Atilde;O ALBERTO AQUINO GOMES,295.326,2291,7.76,98.5,0.689,-,17227.04731,13600.06608,41806.42,
Rolante,4316006,rolantense,PEDRO LUIZ RIPPEL,296.090,21253,71.78,96.9,0.688,11.07,68409.16907,55429.95657,28069.63,
Ronda Alta,4316105,ronda-altense,MARCOS MIGUEL BEUX,418.675,9777,23.35,94.6,0.724,-,38154.29441,30104.88655,33183.59,
Rondinha,4316204,rondinhense,ALDOMIR LUIZ CANTONI,252.454,4991,19.77,99.1,0.764,-,24925.57148,19522.66015,44125.36,
Roque Gonzales,4316303,roque-gonzalense,FERNANDO MATTES MACHRY,349.074,6576,18.84,97.8,0.688,-,30054.5942,24804.54915,49057.40,
Ros&aacute;rio do Sul,4316402,rosariense,VILMAR DE OLIVEIRA,4343.656,36630,8.43,96.5,0.699,4.65,98105.78981,88789.65069,24824.65,
Sagrada Fam&iacute;lia,4316428,sagradense,MARCOS DO NASCIMENTO SANTOS,77.889,2480,31.84,98.6,0.678,-,13979.16053,12838.27802,21164.04,
Saldanha Marinho,4316436,saldanhense,AD&Atilde;O JULCEMAR ALTMEYER,221.554,2575,11.62,100,0.762,-,21594.18768,17592.68212,52487.16,
Salto do Jacu&iacute;,4316451,salto-jacuiense,RONALDO OLIMPIO PEREIRA DE MORAES,507.698,10203,20.10,96.3,0.687,-,45260.1421,39403.69218,74468.59,
Salvador das Miss&otilde;es,4316477,salvadorense,VILSON JOS&Eacute; SCHONS,94.312,2877,30.51,100,0.753,-,23897.3244,17970.34715,49905.73,
Salvador do Sul,4316501,salvadorense,MARCO AURELIO ECKERT,99.156,6879,69.38,98.8,0.740,26.67,35144.11568,26192.67021,38730.88,
Sananduva,4316600,sananduvense,ANTUIR RICARDO PANSERA,504.438,16399,32.51,98.4,0.747,6.1,57316.57919,46193.54439,40797.02,
Santa B&aacute;rbara do Sul,4316709,santa-barbarense,M&Aacute;RIO ROBERTO UTZIG FILHO,975.799,8122,8.32,99.5,0.725,11.11,50459.83161,39578.03868,91502.62,
Santa Cec&iacute;lia do Sul,4316733,ceciliense,JO&Atilde;O SIRINEU PELISSARO,200.056,1674,8.37,99.1,0.725,-,14605.68112,11351.32934,49867.98,
Santa Clara do Sul,4316758,santa-clarense,PAULO CEZAR KOHLRAUSCH,86.442,6887,79.67,98.7,0.740,-,24697.06674,22464.798,40924.04,
Santa Cruz do Sul,4316808,santa-cruzense,HELENA HERMANY,733.898,133230,181.54,98.3,0.773,4.72,439345.34167,407139.77638,79888.73,
Santa Maria,4316907,santa-mariense,JORGE CLADISTONE POZZOBOM,1780.194,271633,152.59,98.1,0.784,7.61,706132.3621,626436.47232,30810.98,
Santa Maria do Herval,4316956,hervalense,MARA SUSANA SCHAUMLOEFFEL STOFFEL,140.437,6340,45.14,88.1,0.676,-,21783.4869,18332.26786,33706.67,
Santa Margarida do Sul,4316972,margaridense,OLMIRO RICARDO SALDANHA TEIXEIRA,955.299,2596,2.72,99,0.663,27.03,19713.57755,16044.51278,81723.79,
Santana da Boa Vista,4317004,santanense-da-boa-vista,GARLENO ALVES DA SILVA,1418.805,7024,4.95,98.5,0.633,-,30554.4213,23191.47182,17751.05,
Sant'Ana do Livramento,4317103,santanense,ANA LUIZA MOURA TAROUCO,6946.407,84421,12.15,97.6,0.727,13.38,224827.49483,251327.56546,30208.59,
Santa Rosa,4317202,santa-rosense,ANDERSON MANTEI,489.380,76963,157.27,98.6,0.769,7.08,306360.70395,272965.86102,42748.15,
Santa Tereza,4317251,santa-terezense,GISELE CAUMO,73.669,1505,20.43,98.6,0.746,111.11,12244.14151,10447.96197,24975.26,
Santa Vit&oacute;ria do Palmar,4317301,vitoriense,WELLINGTON BACELO DOS SANTOS,5206.977,30983,5.95,98.5,0.712,11.3,129295.56665,107901.64448,38821.26,
Santiago,4317400,santiaguense,TIAGO G&Ouml;RSKI LACERDA,2414.195,48938,20.27,98.9,0.766,7.71,138856.28029,117755.05563,29776.46,
Santo &Acirc;ngelo,4317509,santo-angelense ou angelopolitano,JACQUES GON&Ccedil;ALVES BARBOSA,679.340,76917,113.22,99,0.772,2.93,200461.5133,169399.67874,35123.12,
Santo Ant&ocirc;nio do Palma,4317558,palmense,GILBERTO SZIMAINSKI,126.094,2091,16.58,99.2,0.764,38.46,16295.85205,13156.34571,35939.59,
Santo Ant&ocirc;nio da Patrulha,4317608,patrulhense,RODRIGO GOMES MASSULO,1049.583,42942,40.91,96.9,0.717,11.06,146703.97966,110134.54747,32496.04,
Santo Ant&ocirc;nio das Miss&otilde;es,4317707,santo-antoniense,FELISBERTO DOS SANTOS FERREIRA,1710.869,10300,6.02,97.3,0.686,18.52,44915.45402,40358.88377,40561.62,
Santo Ant&ocirc;nio do Planalto,4317756,santo-antoniense,&Eacute;LIO GILBERTO LUZ DE FREITAS,203.440,2089,10.27,99.2,0.759,-,19140.35489,13838.66972,53290.84,
Santo Augusto,4317806,santo-augustense,LILIAN FONTOURA DEPIERE,467.775,13902,29.72,97.7,0.739,-,46494.44697,41360.59522,44421.51,
Santo Cristo,4317905,santo-cristense,ADAIR PHILIPPSEN,367.202,15320,41.72,99.8,0.738,-,54368.23166,43788.20595,44971.06,
Santo Expedito do Sul,4317954,expeditense,VANTUIR DUTRA,125.595,2349,18.70,98.9,0.732,-,13880.85673,12613.43586,36866.10,
S&atilde;o Borja,4318002,s&atilde;o borjense,EDUARDO BONOTTO,3616.690,59676,16.50,97.5,0.736,4.13,180337.80231,164521.13979,33275.00,
S&atilde;o Domingos do Sul,4318051,s&atilde;o-dominguense,FERNANDO PERIN,78.670,2754,35.01,99.1,0.763,-,15424.567,13259.6596,27722.35,
S&atilde;o Francisco de Assis,4318101,assisense,PAULO RENATO CORTELINI,2506.975,17618,7.03,98,0.675,28.37,60086.3991,50295.42236,25227.91,
S&atilde;o Francisco de Paula,4318200,serrano,MARCOS ANDR&Eacute; AGUZZOLLI,3317.794,21893,6.60,96.8,0.685,4.15,66358.75241,54502.29863,36375.06,
S&atilde;o Gabriel,4318309,gabrielense,LUCAS GON&Ccedil;ALVES MENEZES,5053.460,58487,11.57,96.9,0.699,8.22,162022.34141,154465.55679,31028.01,
S&atilde;o Jer&ocirc;nimo,4318408,jeronimense,EVANDRO AGIZ HEBERLE,935.596,21028,22.48,96,0.696,19.16,63031.77972,50246.2311,25124.51,
S&atilde;o Jo&atilde;o da Urtiga,4318424,urtiguense,CEZAR OLIMPIO ZANDONA,171.029,4461,26.08,98.7,0.694,20.83,20518.25832,16522.65561,31261.14,
S&atilde;o Jo&atilde;o do Pol&ecirc;sine,4318432,polesinense,MATIONE SONEGO,78.320,2649,33.82,99,0.748,-,15066.59188,12942.99243,36711.75,
S&atilde;o Jorge,4318440,s&atilde;o-jorgense,DANILO SALVALAGGIO,125.620,2912,23.18,98.4,0.732,-,14707.80861,12438.12873,32556.22,
S&atilde;o Jos&eacute; das Miss&otilde;es,4318457,s&atilde;o-josezense,GILMAR WEBER TOLFO,98.125,2362,24.07,99,0.651,27.78,14575.06918,13126.61417,21881.11,
S&atilde;o Jos&eacute; do Herval,4318465,hervalense,JOVANI BOZETTI,102.912,1902,18.48,95.3,0.717,-,16469.9442,13874.17627,26161.62,
S&atilde;o Jos&eacute; do Hort&ecirc;ncio,4318481,hortenciense,ESTER ELISA DILL KOCH,63.709,4447,69.80,99.5,0.707,-,23081.31558,13689.07408,22929.37,
S&atilde;o Jos&eacute; do Inhacor&aacute;,4318499,inhacoraense,GILBERTO PEDRO HAMMES,77.732,2406,30.95,99.5,0.747,-,19512.04774,14829.08496,57734.59,
S&atilde;o Jos&eacute; do Norte,4318507,nortense,FABIANY ZOGBI ROIG,1071.824,25443,23.74,96.6,0.623,13.16,76082.11907,66830.98853,16727.12,
S&atilde;o Jos&eacute; do Ouro,4318606,ourense,ANTONIO JOS&Eacute; BIANCHIN,335.287,6834,20.38,100,0.755,14.29,24464.90559,21289.70819,44668.21,
S&atilde;o Jos&eacute; do Sul,4318614,s&atilde;o josense do sul,JULIANE MARIA BENDER,54.764,2285,41.72,96.7,0.725,-,16595.33801,14639.88263,31164.58,
S&atilde;o Jos&eacute; dos Ausentes,4318622,ausentino,ERNESTO VALIM BOEIRA,1173.907,4172,3.55,98.5,0.663,-,21706.33686,17801.1535,32774.28,
S&atilde;o Leopoldo,4318705,leopoldense,ARY JOS&Eacute; VANAZZI,103.009,217410,2110.59,96.8,0.739,6.86,823933.21728,683237.36073,41037.55,
S&atilde;o Louren&ccedil;o do Sul,4318804,lourenciano,RUDINEI HARTER,2036.125,41989,20.62,97.6,0.687,2.35,131236.72515,119778.02963,25869.39,
S&atilde;o Luiz Gonzaga,4318903,s&atilde;o-luizense,SIDNEY LUIZ BRONDANI,1295.522,34752,26.82,98.8,0.741,8.13,110383.98695,85442.15973,43000.30,
S&atilde;o Marcos,4319000,s&atilde;o-marquense,EVANDRO CARLOS KUWER,256.159,21084,82.31,98.4,0.768,9.17,78979.18958,57990.23501,44728.69,
S&atilde;o Martinho,4319109,s&atilde;o-martinhense,JEANCARLO HUNHOFF,171.245,5481,32.01,99.1,0.726,-,26942.50542,22407.68896,51180.41,
S&atilde;o Martinho da Serra,4319125,martinhense,ROBSON FLORES DA TRINDADE,669.547,2822,4.21,99.8,0.652,-,15510.06393,15293.59793,48539.76,
S&atilde;o Miguel das Miss&otilde;es,4319158,miguelino,JOSE ROBERTO,1228.447,7056,5.74,97.2,0.667,12.2,39979.40595,30007.49154,53818.51,
S&atilde;o Nicolau,4319208,s&atilde;o-nicolauense,RICARDO MIGUEL KLEIN,485.588,5118,10.54,96.8,0.645,-,22770.00983,18296.80815,35627.92,
S&atilde;o Paulo das Miss&otilde;es,4319307,paulista-das-miss&otilde;es,OBERDAN LUIS RHODEN,223.942,5846,26.10,98.5,0.692,21.74,24483.26964,22144.81324,30743.03,
S&atilde;o Pedro da Serra,4319356,s&atilde;o-pedrense,ISABEL CORETE JONER CORNELIUS,35.207,3548,100.78,98.3,0.739,-,21641.92476,15750.04191,21902.03,
S&atilde;o Pedro das Miss&otilde;es,4319364,s&atilde;o pedrense,ANTONIO REGINALDO FERREIRA DA SILVA,79.894,1757,21.99,99,0.664,-,13206.66083,9277.51503,33001.50,
S&atilde;o Pedro do Buti&aacute;,4319372,s&atilde;o-butiaiense,JOS&Eacute; HENRIQUE HEBERLE,107.559,3070,28.54,100,0.763,-,19555.63688,17325.79559,42693.09,
S&atilde;o Pedro do Sul,4319406,s&atilde;o-pedrense,ZIANIA MARIA BOLZAN,873.394,15577,17.84,97.2,0.709,17.24,49458.84891,42186.30651,24883.40,
S&atilde;o Sebasti&atilde;o do Ca&iacute;,4319505,caiense,J&Uacute;LIO CESAR CAMPANI,114.293,24428,213.73,99.2,0.739,10.27,86031.93272,69340.08059,29458.80,
S&atilde;o Sep&eacute;,4319604,sepense,JO&Atilde;O LUIZ DOS SANTOS VARGAS,2204.779,21219,9.62,97.3,0.708,12.4,81659.2101,69739.42279,34938.71,
S&atilde;o Valentim,4319703,valentinense,CLAUDIMIR PANIZ,154.450,3264,21.13,99.1,0.720,-,16532.06455,14004.72196,31344.69,
S&atilde;o Valentim do Sul,4319711,s&atilde;o-valentinense,GERI ANGELO MACAGNAN,91.898,2207,24.02,98,0.764,43.48,16017.68054,12034.63806,29266.79,
S&atilde;o Val&eacute;rio do Sul,4319737,s&atilde;o-valerense,IDILIO JOS&Eacute; SPERONI,107.402,2543,23.68,94.3,0.642,22.73,19042.67537,11951.28836,23302.24,
S&atilde;o Vendelino,4319752,s&atilde;o-vendelinense,MARL&Iacute; LOURDES OPPERMANN WEISSHEIMER,31.935,2251,70.49,100,0.754,-,18520.06238,14174.1606,31579.26,
S&atilde;o Vicente do Sul,4319802,vicentino,FERNANDO DA ROSA PAHIM,1174.822,8097,6.89,98.2,0.685,12.82,33015.25445,26139.49681,53112.21,
Sapiranga,4319901,sapiranguense,CARINA PATR&Iacute;CIA NATH CORREA,136.473,75648,554.31,97.6,0.711,5.24,242237.51286,197811.40033,39772.41,
Sapucaia do Sul,4320008,sapucaiense,VOLMIR RODRIGUES,58.247,132107,2268.05,97.4,0.726,8.59,410795.09105,342724.51214,24638.78,
Sarandi,4320107,sarandiense,NILTON DEBASTIANI,351.717,22851,64.97,98.2,0.777,3.31,69050.86082,58763.83741,41369.28,
Seberi,4320206,seberiense,ADILSON ADAM BALESTRIN,300.827,11950,39.72,98.1,0.723,20.73,38883.94791,35658.57674,43870.11,
Sede Nova,4320230,sede-novense,LEANDRO CORTELETTI BAUNGRAT,119.312,2704,22.66,99,0.712,-,18281.84249,13463.77569,41601.97,
Segredo,4320263,segredense,VALDIR JOS&Eacute; RODRIGUES,245.170,6009,24.51,98.5,0.659,-,25044.74417,20375.54868,15020.64,
Selbach,4320305,selbaquense,MICHAEL KUHN,176.471,5107,28.94,99.7,0.777,-,26094.67194,20502.42337,42650.64,
Senador Salgado Filho,4320321,salgadofilhense,MARIO ALDIR KLEIN,147.068,2673,18.18,96.9,0.693,-,16026.21241,13551.10027,34447.40,
Sentinela do Sul,4320354,sentinelense,JOSE FLAVIO RAPHAELLI TRESCASTRO,282.130,5306,18.81,99.5,0.671,-,17498.88179,12382.56452,16363.88,
Serafina Corr&ecirc;a,4320404,serafinense,VALDIR BIANCHET,163.310,16961,103.86,97.9,0.760,-,67939.37413,50366.82689,36843.36,
S&eacute;rio,4320453,seriense,SIDINEI MOISES DE FREITAS,98.131,1941,19.78,97,0.652,-,16022.37841,12783.1598,25443.14,
Sert&atilde;o,4320503,sertanense,EDSON LUIZ ROSSATTO,440.631,5541,12.58,97.4,0.751,-,24975.6447,20858.82367,54689.86,
Sert&atilde;o Santana,4320552,sertanense,IRIO MIGUEL STEIN,252.013,5863,23.26,97.8,0.689,-,23041.61208,18652.36812,45407.16,
Sete de Setembro,4320578,setembrense,M&Aacute;RCIO POLITOWSKI,129.238,1830,14.16,99.1,0.683,-,15185.75398,11705.49068,32455.09,
Severiano de Almeida,4320602,severianense,MILTO VENDRUSCOLO,167.598,3406,20.32,97.7,0.752,-,18105.49368,15538.26743,33606.67,
Silveira Martins,4320651,sillveirense,FERNANDO LUIZ CORDERO,119.285,2149,18.02,99.2,0.742,-,16691.00979,12786.55635,24488.20,
Sinimbu,4320677,sinimbuense,SANDRA MARISA ROESCH BACKES,510.213,8578,16.81,97.2,0.631,-,31098.90903,27519.72514,18540.12,
Sobradinho,4320701,sobradinhense,ARMANDO MAYERHOFER,128.823,14226,110.43,97.6,0.743,14.42,47243.6008,36513.50986,25357.93,
Soledade,4320800,soledadense,MARILDA BORGES CORBELINI,1215.056,29991,24.68,96.3,0.731,10.72,91170.41474,78970.20957,28746.30,
Taba&iacute;,4320859,tabaiense,ARSENIO PEREIRA CARDOSO,94.754,4461,47.08,100,0.701,15.87,17034.11143,15246.40653,23405.83,
Tapejara,4320909,tapejarense,EVANIR WOLFF,238.082,24557,103.15,98.6,0.760,3,82299.29728,65260.46542,52608.60,
Tapera,4321006,taperense,VOLMAR HELMUT KUHN,179.935,10592,58.87,99,0.747,16,40152.86985,33062.24589,40801.87,
Tapes,4321105,tapense,LUIZ CARLOS COUTINHO GARCEZ,805.452,14659,18.20,97.8,0.695,24.1,53514.17211,45269.76201,24275.69,
Taquara,4321204,taquarense,SIRLEI TERESINHA BERNARDES DA SILVEIRA,452.572,53242,117.64,97.1,0.727,11.9,137620.97037,127511.93322,24375.74,
Taquari,4321303,taquariense,ANDRE LUIS BARCELLOS BRITO,349.967,25198,72.00,97.2,0.733,3.66,70999.08046,54766.11466,31848.36,
Taquaru&ccedil;u do Sul,4321329,taquara&ccedil;usense,LUIZ BLANCO ALVES,76.917,3119,40.55,98.4,0.739,-,16734.76772,14411.14608,46966.84,
Tavares,4321352,tavarense,GARDEL MACHADO DE ARAUJO,610.106,5212,8.54,95.3,0.656,-,18141.47501,15330.36813,16958.37,
Tenente Portela,4321402,portelense,ROSEMAR ANTONIO SALA,337.495,14497,42.95,96.7,0.708,5.1,46631.24063,39270.34335,37700.89,
Terra de Areia,4321436,terrareense,ALUISIO CURTINOVE TEIXEIRA,142.304,10286,72.28,98.5,0.689,23.08,34061.95195,28441.73721,22311.85,
Teut&ocirc;nia,4321451,teutoniense,CELSO ALO&Iacute;SIO FORNECK,177.795,32797,184.47,99.4,0.747,12.29,110157.34771,90968.10686,42863.52,
Tio Hugo,4321469,tio-huguense,GILSO PAZ,113.944,3267,28.67,91.6,0.742,-,16434.35817,14351.30066,33462.51,
Tiradentes do Sul,4321477,tiradentense,ALCEU DIEL,236.653,5129,21.67,98.8,0.689,-,19060.10047,16642.4487,25481.13,
Toropi,4321493,toropiense,LAURO SCHERER,198.316,2554,12.88,98,0.683,40,15554.63947,12731.786,24327.71,
Torres,4321501,torrense,CARLOS ALBERTO MATOS DE SOUZA,161.627,41751,258.32,98.4,0.762,14.23,169908.10708,125784.96908,31811.28,
Tramanda&iacute;,4321600,tramandaiense,LUIZ CARLOS GAUTO DA SILVA,142.878,54387,380.65,97.5,0.719,11.94,170036.58412,138712.80862,21890.72,
Travesseiro,4321626,travesseirense,GILMAR LUIZ SOUTHIER,80.681,2152,26.67,97.5,0.701,-,15671.3459,12121.60917,28890.34,
Tr&ecirc;s Arroios,4321634,tr&ecirc;s-arroiense,CARLOS FLORENCIO BURILLE,148.601,2591,17.44,100,0.791,-,20530.11758,15393.23231,39227.49,
Tr&ecirc;s Cachoeiras,4321667,tr&ecirc;s cachoeirense,FL&Aacute;VIO RAUPP LIPERT,251.483,10962,43.59,97.5,0.718,-,30345.04904,27135.62204,24068.29,
Tr&ecirc;s Coroas,4321709,tr&ecirc;s-coroense,ALCINDO DE AZEVEDO,165.285,24425,147.78,98.9,0.710,3.58,78753.17215,65554.09467,26860.54,
Tr&ecirc;s de Maio,4321808,tr&ecirc;s-maiense,MARCOS VINICIUS BENEDETTI CORSO,421.461,24916,59.12,98.8,0.759,3.21,82018.4481,67636.02646,48012.33,
Tr&ecirc;s Forquilhas,4321832,forquilhense,LORACI KLIPPEL MELO GERMANN,217.386,2760,12.70,96,0.662,-,18604.03153,14653.95998,21672.52,
Tr&ecirc;s Palmeiras,4321857,tr&ecirc;s-palmeirense,CLAUMIR CESAR DE OLIVEIRA,180.599,4716,26.11,98.4,0.703,-,25913.25681,21359.50589,31268.66,
Tr&ecirc;s Passos,4321907,tr&ecirc;s-passense,ARLEI LUIS TOMAZONI,268.902,25436,94.59,98.9,0.768,3.36,75393.39149,69032.23258,38698.57,
Trindade do Sul,4321956,trindadense,ELIAS MIGUEL SEGALLA,268.417,7556,28.15,98.9,0.687,-,26409.18909,21705.86734,37220.05,
Triunfo,4322004,triunfense,MURILO MACHADO SILVA,817.625,27498,33.63,98.3,0.733,10.07,295042.39599,227491.58358,241634.52,
Tucunduva,4322103,tucunduvense,JONAS FERNANDO HAUSCHILD,181.198,5542,30.59,100,0.747,-,24542.487,20325.36877,41219.55,
Tunas,4322152,tunense,PAULO HENRIQUE REUTER,217.302,3681,16.94,98.3,0.657,-,18186.33017,15617.89592,15547.76,
Tupanci do Sul,4322186,tupancisense,FERNANDO LUIZ FAVRETTO,135.243,1374,10.16,98.7,0.694,-,12541.95982,10855.36726,41568.02,
Tupanciret&atilde;,4322202,tupanciretanense,GUSTAVO HERTER TERRA,2253.234,20005,8.88,97.9,0.709,13.1,95314.40634,74158.86997,49316.66,
Tupandi,4322251,tupandiense,BRUNO JUNGES,59.447,5029,84.60,98.8,0.718,-,39076.8973,29898.76859,102800.57,
Tuparendi,4322301,tuparendiense,LEONEL FERNANDO PETRY,307.710,8363,27.18,99.7,0.728,-,30477.9963,24110.69469,40775.60,
Turu&ccedil;u,4322327,turu&ccedil;uense,IVAN EDUARDO SCHERDIEN,253.635,3419,13.48,99.3,0.629,-,17276.93865,15930.10446,27908.26,
Ubiretama,4322343,ubiretamense,RODRIGO DANIEL BLOCH,125.876,1994,15.84,99.3,0.700,-,15684.20272,11469.78368,36603.09,
Uni&atilde;o da Serra,4322350,uni&atilde;o-serrense,CEZER GASTALDO,131.154,1170,8.92,98.5,0.733,-,13497.07146,11127.85348,47873.00,
Unistalda,4322376,unistaldense,JOS&Eacute; GILNEI MANARA MANZONI,602.387,1995,3.31,99.5,0.649,-,14251.60937,12973.82373,38003.91,
Uruguaiana,4322400,uruguaianense,RONNIE PETERSON COLPO MELLO,5702.098,117210,20.56,97.6,0.744,14.99,260960.88969,238532.8977,22387.44,
Vacaria,4322509,vacariense,AMADEU DE ALMEIDA BOEIRA,2124.492,64187,30.21,97.1,0.721,9.93,183509.55114,166734.12383,38182.03,
Vale Verde,4322525,valeverdense,CARLOS GUSTAVO SCHUCH,329.727,3150,9.55,99,0.646,31.25,15584.3668,14566.60007,23699.52,
Vale do Sol,4322533,vale-solense,MAIQUEL EVANDRO LAUREANO SILVA,328.275,9617,29.30,98.6,0.624,-,37093.5944,27843.44855,18615.48,
Vale Real,4322541,vale-realense,PEDRO KASPARY,45.085,6058,134.37,98.4,0.737,24.69,23496.35164,18689.41281,25414.27,
Vanini,4322558,vaninense,FLAVIO GABRIEL DA SILVA,64.905,2004,30.88,99.1,0.757,-,14325.6364,12242.60786,30802.78,
Ven&acirc;ncio Aires,4322608,ven&acirc;ncio-airense,JARBAS DANIEL DA ROSA,772.588,68653,88.86,97.3,0.712,7.82,270616.60204,191959.83872,51005.94,
Vera Cruz,4322707,vera-cruzense,GILSON ADRIANO BECKER,309.621,26710,86.27,99,0.737,-,91512.4362,71010.89768,27546.39,
Veran&oacute;polis,4322806,veranense,WALDEMAR DE CARLI,289.397,24021,83.00,99.3,0.773,4.1,110813.65674,86664.55291,61562.98,
Vespasiano Corr&ecirc;a,4322855,vespasianense,TIAGO MANOEL FERREIRA MICHELON,113.622,1818,16.00,98.9,0.723,-,14310.53004,12559.54077,41401.03,
Viadutos,4322905,viadutense,CLAITON DOS SANTOS BRUM,268.072,4769,17.79,95.6,0.702,-,23335.95027,16472.337,31690.65,
Viam&atilde;o,4323002,viamonense,NILTON JOS&Eacute; SICA MAGALH&Atilde;ES,1496.506,224116,149.76,95.9,0.717,13.6,470583.14853,413102.04715,16508.46,
Vicente Dutra,4323101,dutrense,TOMAZ DE AQUINO ROSSATO,193.025,4665,24.17,96.1,0.638,-,17422.35921,15724.66192,24432.61,
Victor Graeff,4323200,victorense,LAIRTON ANDR&Eacute; KOECHE,238.133,2780,11.67,99.2,0.777,-,24144.00247,19296.02047,50694.20,
Vila Flores,4323309,vila-florense,EVANDRO ANT&Ocirc;NIO BRANDALISE,107.703,3646,33.85,96.8,0.742,-,22025.21913,18331.64975,62667.19,
Vila L&acirc;ngaro,4323358,vila-langarense,ANILDO COSTELLA,151.695,2079,13.71,99.6,0.705,-,19345.42102,15531.09402,57219.93,
Vila Maria,4323408,vila-mariense,MAICO SERAFINI BETTO,181.061,4413,24.37,98.7,0.761,-,25551.44019,25792.26539,57828.94,
Vila Nova do Sul,4323457,vilanovense,S&Eacute;RGIO OV&Iacute;DIO ROSO CORADINI,508.278,3863,7.60,96.1,0.662,-,21363.67729,15179.46757,23833.01,
Vista Alegre,4323507,vista-alegrense,ZAIRO RIBOLI,77.630,2660,34.27,97.9,0.739,-,15257.04236,14045.10933,40529.74,
Vista Alegre do Prata,4323606,vista-alegrense,ADAIR ZECCA,119.327,1590,13.32,94,0.780,-,16019.98956,13632.6017,39525.98,
Vista Ga&uacute;cha,4323705,vista-gauchense,CLAUDEMIR JOSE LOCATELLI,90.022,2783,30.91,100,0.757,-,19112.49132,14759.48154,29535.17,
Vit&oacute;ria das Miss&otilde;es,4323754,vitoriano,CORN&Eacute;LIO LUIS GRIMM,258.312,3260,12.62,100,0.655,-,17737.48667,13974.19049,34906.52,
Westf&aacute;lia,4323770,westfaliano,JOACIR ANT&Ocirc;NIO DOCENA,63.665,3098,48.66,98.9,0.752,25,24614.49954,20070.72549,66645.49,
Xangri-l&aacute;,4323804,xangri-laense,CELSO BASSANI BARBOSA,60.756,16463,270.97,97.3,0.735,8.51,113733.08711,107033.46123,37087.12,

<table class="fontes-container"><tr><th>Notas:</th></tr><tr><td>Escolariza&ccedil;&atilde;o <span>6 a 14 anos</span>: [populao residente no municpio de 6 a 14 anos de idade matriculada no ensino regular/total de populao residente no municpio de 6 a 14 anos de idade] x 100</td></tr><tr><th>Fontes:</th></tr><tr><td>rea Territorial: rea territorial brasileira 2022. Rio de Janeiro: IBGE, 2023</td></tr><tr><td>Populao residente: Censo 2022: Populao e Domiclios - Primeiros Resultados</td></tr><tr><td>Densidade demogr&aacute;fica: Censo 2022: Populao e Domiclios - Primeiros Resultados</td></tr><tr><td>Escolariza&ccedil;&atilde;o <span>6 a 14 anos</span>: IBGE, Censo Demogrfico 2010</td></tr><tr><td>IDHM <span>&Iacute;ndice de desenvolvimento humano municipal</span>: Programa das Naes Unidas para o Desenvolvimento - PNUD</td></tr><tr><td>Mortalidade infantil: Ministrio da Sade, Departamento de Informtica do Sistema nico de Sade - DATASUS 2017</td></tr><tr><td>Receitas realizadas: Contas anuais. Receitas oramentrias realizadas (Anexo I-C) 2017 e Despesas oramentrias empenhadas (Anexo I-D) 2017. In: Brasil. Secretaria do Tesouro Nacional, Siconfi: Sistema de Informaes Contbeis e Fiscais do Setor Pblico Brasileiro. Braslia, DF, [2018]. Disponvel em: https://siconfi.tesouro.gov.br/siconfi/pages/public/consulta_finbra/finbra_list.jsf. Acesso em: set. 2018</td></tr><tr><td>Despesas empenhadas: Contas anuais. Receitas oramentrias realizadas (Anexo I-C) 2017 e Despesas oramentrias empenhadas (Anexo I-D) 2017. In: Brasil. Secretaria do Tesouro Nacional, Siconfi: Sistema de Informaes Contbeis e Fiscais do Setor Pblico Brasileiro. Braslia, DF, [2018]. Disponvel em: https://siconfi.tesouro.gov.br/siconfi/pages/public/consulta_finbra/finbra_list.jsf. Acesso em: set. 2018</td></tr><tr><td>PIB per capita: IBGE, em parceria com os rgos Estaduais de Estatstica, Secretarias Estaduais de Governo e Superintendncia da Zona Franca de Manaus - SUFRAMA</td></tr></table>