S&atilde;o Paulo | Todos os Munic&iacute;pios
Munic&iacute;pio [-],C&oacute;digo [-],Gent&iacute;lico [-],Prefeito [2021],&Aacute;rea Territorial - km&sup2; [2022],Popula&ccedil;&atilde;o residente - pessoas [2022],Densidade demogr&aacute;fica - hab/km&sup2; [2022],Escolariza&ccedil;&atilde;o &lt;span&gt;6 a 14 anos&lt;/span&gt; - % [2010],IDHM &lt;span&gt;&Iacute;ndice de desenvolvimento humano municipal&lt;/span&gt; [2010],Mortalidade infantil - &oacute;bitos por mil nascidos vivos [2020],Receitas realizadas - R$ (&times;1000) [2017],Despesas empenhadas - R$ (&times;1000) [2017],PIB per capita - R$ [2020],
Adamantina,3500105,adamantinense,MARCIO CARDIM,411.987,34687,84.19,97.6,0.790,2.61,160718.67925,137083.66993,35788.26,
Adolfo,3500204,adolfino,IZAEL ANTONIO FERNANDES,211.055,4351,20.62,98.6,0.730,-,27333.74731,20103.87713,38464.09,
Agua&iacute;,3500303,aguaiano,JOS&Eacute; ALEXANDRE PEREIRA DE ARA&Uacute;JO,474.554,32072,67.58,95.8,0.715,10.44,84094.76006,72168.73408,31446.28,
&Aacute;guas da Prata,3500402,pratense,REGINA HELENA JANIZELO MORAES,142.673,7369,51.65,98.8,0.781,-,29390.24814,24363.40149,22718.42,
&Aacute;guas de Lind&oacute;ia,3500501,lindoiense,GILBERTO ABDOU HELOU,60.126,17829,296.53,96.2,0.745,4.02,86949.22213,75201.47793,26418.38,
&Aacute;guas de Santa B&aacute;rbara,3500550,santa-barbarense,AROLDO JOSE CAETANO,404.463,7177,17.74,98.2,0.757,13.89,34484.19534,28471.94804,32824.76,
&Aacute;guas de S&atilde;o Pedro,3500600,&aacute;gua-pedrense,JO&Atilde;O VICTOR BARBOZA,3.612,2780,769.66,98.4,0.854,-,25157.75668,22709.99284,39186.70,
Agudos,3500709,agudense,FERNANDO OCTAVIANI,966.708,37680,38.98,97.9,0.745,20.37,159980.62054,143417.68289,61799.10,
Alambari,3500758,alambariense,JO&Atilde;O PAULO DANTAS PINTO,159.600,6141,38.48,99.3,0.712,-,23710.99557,21839.01214,19832.91,
Alfredo Marcondes,3500808,marcondense,CELSO PIRANI PASSOS,118.915,4445,37.38,98.6,0.741,25,16478.9668,15111.97897,26263.11,
Altair,3500907,altairense,MARCO ANTONIO FERREIRA,313.007,3451,11.03,96,0.687,-,22318.94651,19410.76045,26679.18,
Altin&oacute;polis,3501004,altinopolense,JOS&Eacute; ROBERTO FERRACIN MARQUES,928.956,16818,18.10,99.3,0.730,18.29,72144.19151,55436.05472,40198.44,
Alto Alegre,3501103,alto-alegrense,CARLOS SUSSUMI IVAMA,318.574,3841,12.06,95.1,0.700,27.03,20846.4169,18236.22271,28574.33,
Alum&iacute;nio,3501152,aluminense,ANTONIO PIASSENTINI,83.619,17301,206.90,98.8,0.766,14.93,75397.42207,72572.58372,119952.09,
&Aacute;lvares Florence,3501202,alvares florencense,ADILSON BATISTA LEITE,362.411,3915,10.80,99.3,0.728,-,20470.81479,18241.10731,30750.75,
&Aacute;lvares Machado,3501301,machadense,ROGER FERNANDES GASQUES,347.647,27245,78.37,98.3,0.758,9.4,62881.3731,60296.9844,24598.56,
&Aacute;lvaro de Carvalho,3501400,carvalhense,ADILSON DE OLIVEIRA LOPES,153.662,4808,31.29,99.2,0.688,-,17943.08204,16441.13972,10112.46,
Alvinl&acirc;ndia,3501509,alvinlandense,ABIGAIL CATELI DIAS,84.879,2885,33.99,99.3,0.722,-,15306.4017,12940.54398,17789.73,
Americana,3501608,americanense,FRANCISCO ANTONIO SARDELLI,133.912,237247,1771.66,98,0.811,6.6,774032.5912,709743.8111,49907.97,
Am&eacute;rico Brasiliense,3501707,am&eacute;rico-brasiliense,DIRCEU BRAS PANO,122.958,33019,268.54,98.6,0.751,9.66,99791.19948,100799.16438,26705.95,
Am&eacute;rico de Campos,3501806,americampense,CARLOS ROBERTO ACHILLES,252.876,5870,23.21,98.2,0.745,-,23218.51517,21406.83023,18248.55,
Amparo,3501905,amparense,CARLOS ALBERTO MARTINS,445.323,68008,152.72,95.7,0.785,9.03,262299.66169,240727.95422,63521.24,
Anal&acirc;ndia,3502002,analandense,PAULO HENRIQUE FRANCESCHINI,325.953,4589,14.08,99.7,0.754,-,31224.86385,30967.5513,38762.45,
Andradina,3502101,andradinense,MARIO CELSO LOPES,964.226,59783,62.00,98.2,0.779,6.24,166955.27105,147353.21707,46733.61,
Angatuba,3502200,angatubense,NICOLAS BASILE ROCHEL,1027.288,24022,23.38,98.3,0.719,15.82,82865.40739,67670.71997,51817.83,
Anhembi,3502309,anhembiense,LINDEVAL AUGUSTO MOTA,736.557,5674,7.70,97.2,0.721,-,31346.97388,29907.98478,22752.36,
Anhumas,3502408,anhumense,ADAILTON CESAR MENOSSI,320.840,4023,12.54,98.3,0.741,-,19928.85581,17614.83672,20017.33,
Aparecida,3502507,aparecidense,LUIZ CARLOS DE SIQUEIRA,120.890,32569,269.41,98.4,0.755,14.2,111612.76459,98271.14272,27206.69,
Aparecida d'Oeste,3502606,aparecidense,IZAIAS APARECIDO SANCHEZ,179.004,4086,22.83,97.7,0.721,29.41,19560.67564,17744.29241,37490.85,
Apia&iacute;,3502705,apiaiense,S&Eacute;RGIO VICTOR BORGES BARBOSA,974.322,24585,25.23,97.3,0.710,2.75,71090.28962,65066.6608,29682.44,
Ara&ccedil;ariguama,3502754,ara&ccedil;ariguamense,RODRIGO DE ANDRADE,145.204,21522,148.22,98.2,0.704,14.97,109901.4892,98903.72356,140809.35,
Ara&ccedil;atuba,3502804,ara&ccedil;atubense,DILADOR BORGES DAMASCENO,1167.126,200124,171.47,97.6,0.788,11.82,524096.05565,489799.65507,41913.02,
Ara&ccedil;oiaba da Serra,3502903,ara&ccedil;oiabano,JOSE CARLOS DE QUEVEDO JUNIOR,255.305,32443,127.08,99.4,0.776,2.83,137563.59258,82577.97635,28068.97,
Aramina,3503000,araminense,MARIA MADALENA DA SILVA,202.829,5420,26.72,98.7,0.740,-,23826.00133,21844.4276,27533.57,
Arandu,3503109,aranduense,FLAVIO CARLOMAGNO GALHEGO,285.908,6885,24.08,98.4,0.685,-,30445.16322,30414.49906,28695.30,
Arape&iacute;,3503158,arapeiense,REN&Ecirc; L&Uacute;CIO GON&Ccedil;ALVES,156.903,2330,14.85,98.7,0.680,-,15297.20594,12647.83575,16212.51,
Araraquara,3503208,araraquarense,EDSON ANT&Ocirc;NIO EDINHO DA SILVA,1003.625,242228,241.35,98.7,0.815,8.91,813194.67742,797613.15061,44813.53,
Araras,3503307,ararense,PEDRO ELISEU FILHO,644.831,130866,202.95,97.5,0.781,8.01,543415.814,472762.51826,47779.64,
Arco-&Iacute;ris,3503356,arcoirense,ALDO MANSANO FERNANDES,264.904,2044,7.72,99.1,0.722,-,14876.26005,12391.60573,47412.65,
Arealva,3503406,arealvense,ELSON BANUTH BARRETO,506.226,8130,16.06,99.6,0.744,18.18,28042.66791,23704.69254,28362.70,
Areias,3503505,areiense,PAULO HENRIQUE DE SOUZA COUTINHO,305.227,3577,11.72,96.8,0.697,-,17339.9579,15918.97697,14580.15,
Arei&oacute;polis,3503604,areiopolitano,ANTONIO MARCOS DOS SANTOS,85.907,10130,117.92,97.3,0.695,7.75,31683.03985,27659.50588,13182.41,
Ariranha,3503703,ariranhense,JOAMIR ROBERTO BARBOZA,132.624,7602,57.32,99.6,0.733,16.67,46471.2831,39791.84863,99204.40,
Artur Nogueira,3503802,nogueirense,LUCAS SIA RISSATO,178.026,51456,289.04,98.3,0.749,10.22,151691.3716,141937.105,26702.02,
Aruj&aacute;,3503901,arujaense / arujano,LUIS ANTONIO DE CAMARGO,96.167,86678,901.33,98.2,0.784,16.14,285278.24609,247386.93664,83735.27,
Asp&aacute;sia,3503950,aspasiense,IVAN DE PAULA,69.373,1842,26.55,97.1,0.735,-,15746.94939,13472.52382,22012.50,
Assis,3504008,assisense,JOS&Eacute; APARECIDO FERNANDES,460.609,101409,220.16,98.9,0.805,10.15,354752.02841,288566.58779,35535.60,
Atibaia,3504107,atibaiano,EMIL ONO,478.521,158640,331.52,97.3,0.765,6.62,489342.76239,465279.38024,51443.08,
Auriflama,3504206,auriflamense,KATIA CONCEI&Ccedil;&Atilde;O MORITA DE CARVALHO,434.498,13692,31.51,98.8,0.773,-,43953.08385,39070.89907,21323.70,
Ava&iacute;,3504305,avaiense,HELLEN FERNANDES RODRIGUES COELHO,540.689,4483,8.29,99.4,0.714,-,20941.63736,18277.667,72824.31,
Avanhandava,3504404,avanhandavense,CIRO AUGUSTO MOURA VENERONI,338.370,11263,33.29,97.2,0.705,8,47969.29454,41722.29587,35438.28,
Avar&eacute;,3504503,avareense,JOSELYR BENEDITO COSTA SILVESTRE,1213.055,92805,76.51,97.9,0.767,10.61,312718.50318,278557.38041,30896.52,
Bady Bassitt,3504602,badiense,LUIZ ANTONIO TOBARDINI,110.372,27260,246.98,98.5,0.746,9.17,63869.75059,55030.85403,26249.59,
Balbinos,3504701,balbinense,BENEDITO JACKSON BALANCIERI,91.635,3887,42.42,98.9,0.669,-,15169.28571,14052.14424,10441.93,
B&aacute;lsamo,3504800,balsamense,CARLOS EDUARDO CARMONA LOUREN&Ccedil;O,149.881,9596,64.02,99,0.756,10.75,24569.88605,22761.47872,27025.50,
Bananal,3504909,bananalense,WILLIAM LANDIM DA SILVA,616.429,9969,16.17,97.1,0.733,-,34246.83743,32137.75366,18548.14,
Bar&atilde;o de Antonina,3505005,bar&atilde;oense,RODRIGO WALDEMAR MARQUES,153.142,3531,23.06,100,0.711,21.28,16391.90513,14126.96188,19732.55,
Barbosa,3505104,barbosano,RODRIGO PRIMO ANTUNES,205.212,5640,27.48,98.4,0.699,15.63,23186.35882,20061.11119,15992.51,
Bariri,3505203,baririense,ABELARDO MAURICIO MARTINS SIMOES FILHO,444.405,31595,71.10,96.3,0.750,5.36,103011.58401,92915.84917,38508.74,
Barra Bonita,3505302,barra-bonitense,JOSE LUIS RICI,150.121,34346,228.79,99.8,0.788,10.31,115636.20768,103440.0716,38059.67,
Barra do Chap&eacute;u,3505351,barrense,IVANIL NORBERTO PEREIRA NOLASCO,405.681,5162,12.72,96.9,0.660,-,15358.93517,16455.13088,24982.55,
Barra do Turvo,3505401,barra-turvense,JEFFERSON LUIZ MARTINS,1007.684,6875,6.82,95.6,0.641,-,35549.80915,32005.27199,14303.74,
Barretos,3505500,barretense,PAULA OLIVEIRA LEMOS,1566.161,122485,78.21,97.8,0.789,14.57,526127.69013,543578.56644,40621.11,
Barrinha,3505609,barrinhense,JOSE MARCOS MARTINS,146.025,32092,219.77,97.5,0.725,11.14,81349.19113,72594.76774,16688.68,
Barueri,3505708,barueriense,RUBENS FURLAN,65.701,316473,4816.87,97.8,0.786,7.47,2741826.70456,2450130.78723,185046.58,
Bastos,3505807,bastense,MANOEL IRONIDES ROSA,170.912,21503,125.81,98.5,0.751,7.81,59380.25797,50419.74043,46690.01,
Batatais,3505906,batataense,LUIS FERNANDO BENEDINI GASPAR JUNIOR,849.526,58402,68.75,97.7,0.761,8.28,174113.85633,157203.01525,33118.93,
Bauru,3506003,bauruense,SUELLEN SILVA ROSIM,667.684,379146,567.85,96.9,0.801,12.09,1302951.88209,1172323.48483,40021.97,
Bebedouro,3506102,bebedourense,LUCAS GIBIN SEREN,683.192,76373,111.79,98.5,0.780,7.66,270495.37636,262944.13955,41504.95,
Bento de Abreu,3506201,bento-abreuense,JOS&Eacute; LUIZ MAREGA,301.687,2606,8.64,97.9,0.744,-,18357.07305,16170.83182,69395.89,
Bernardino de Campos,3506300,bernardinense,WILSON JOSE GARCIA,244.158,11607,47.54,98.3,0.734,10.31,32647.22923,29495.33563,27022.96,
Bertioga,3506359,bertioguense,CAIO ARIAS MATHEUS,491.546,64188,130.58,98.1,0.730,15.71,429374.28458,349538.46811,29433.13,
Bilac,3506409,bilaquense,VITOR OSMAR BOTINI,158.025,7319,46.32,99,0.768,-,29925.48339,25293.08059,33004.63,
Birigui,3506508,biriguiense,LEANDRO MAFFEIS MILANI,530.031,118979,224.48,98,0.780,10.25,363952.17165,350718.05117,29382.24,
Biritiba Mirim,3506607,biritibano,CARLOS ALBERTO TAINO JUNIOR,317.406,29676,93.50,97.7,0.712,20.29,78762.9826,64012.43166,30219.33,
Boa Esperan&ccedil;a do Sul,3506706,boa-esperancense,JOS&Eacute; MANOEL DE SOUZA,690.748,12978,18.79,96,0.681,-,51604.80184,40190.62552,24116.40,
Bocaina,3506805,bocainense,MARCO ANTONIO GIRO,363.926,11259,30.94,99.3,0.742,7.94,37931.81899,37442.81588,18981.50,
Bofete,3506904,bofetense,CLAUDECIO JOSE EBURNEO,653.541,10460,16.01,95.1,0.705,-,38598.94168,32955.07294,17188.66,
Boituva,3507001,boituvense,EDSON JOS&Eacute; MARCUSSO,248.954,61081,245.35,98.7,0.780,6.56,198057.02674,190516.18094,48024.19,
Bom Jesus dos Perd&otilde;es,3507100,perdoense,BENEDITO RODRIGUES DA SILVA FILHO,108.366,21942,202.48,97.7,0.713,26.79,82258.02662,67840.87637,41935.29,
Bom Sucesso de Itarar&eacute;,3507159,bom sucessiense,VANDERLEIA APARECIDA DOS SANTOS SOUZA,133.578,3555,26.61,98.3,0.660,15.63,16854.96935,14893.40022,16390.90,
Bor&aacute;,3507209,boraense,LUIZ CARLOS RODRIGUES,118.951,907,7.62,94.6,0.746,-,12701.99598,9773.39024,81601.28,
Borac&eacute;ia,3507308,boraceense,VALDIR DE SOUZA MELO,122.110,4715,38.61,99.3,0.754,-,24639.33308,22244.8319,92233.02,
Borborema,3507407,borboremense,VLADIMIR ANTONIO ADABO,552.256,14226,25.76,98.3,0.730,7.35,47433.25277,41630.90222,28908.67,
Borebi,3507456,borebiense,ANDERSON PINHEIRO DE GOES,347.989,2713,7.80,99.5,0.705,24.39,18631.30925,15685.80692,25466.61,
Botucatu,3507506,botucatuense,M&Aacute;RIO EDUARDO PARDINI AFFONSECA,1482.642,145155,97.90,97.8,0.800,10.94,401443.76209,348097.99717,34357.99,
Bragan&ccedil;a Paulista,3507605,bragantino,AMAURI SODR&Eacute; DA SILVA,512.584,176811,344.94,97,0.776,8.33,474355.06722,419569.18644,39824.05,
Bra&uacute;na,3507704,braunense,HEITOR VERDU,195.176,5356,27.44,98.6,0.737,16.67,20303.16854,17049.80737,20163.70,
Brejo Alegre,3507753,brejoalegrense,RAFAEL ALVES DOS SANTOS,105.689,2565,24.27,95.9,0.710,-,20227.97667,17945.73318,20966.75,
Brodowski,3507803,brodosquiano,JOSE LUIZ PEREZ,278.458,25201,90.50,97.5,0.755,17.01,78111.5528,68887.22289,31848.16,
Brotas,3507902,brotense,LEANDRO CORR&Ecirc;A,1101.373,23898,21.70,99.1,0.740,6.78,94406.93639,80495.01377,41398.58,
Buri,3508009,buriense,OMAR YAHYA CHAIN,1196.463,20250,16.92,98.5,0.667,6.43,74241.65561,61416.11714,33386.71,
Buritama,3508108,buritamense,RODRIGO ZACARIAS DOS SANTOS,326.921,17210,52.64,96.7,0.763,11.49,78465.55996,60923.04761,41206.49,
Buritizal,3508207,buritinense,DANIEL SARRETA,266.420,4356,16.35,99.4,0.735,-,26483.07913,22451.55903,51823.27,
Cabr&aacute;lia Paulista,3508306,cabraliense,ODEMIL ORTIZ DE CAMARGO,239.974,4299,17.91,97.5,0.694,-,19157.79667,15972.61734,19309.33,
Cabre&uacute;va,3508405,cabreuvano,ANTONIO CARLOS MANGINI,260.234,47011,180.65,97.3,0.738,6.87,206809.22618,192730.91119,104273.37,
Ca&ccedil;apava,3508504,ca&ccedil;apavense,P&Eacute;TALA GON&Ccedil;ALVES LACERDA,368.990,96202,260.72,98,0.788,5.29,245450.23084,222305.83405,48021.97,
Cachoeira Paulista,3508603,cachoeirense,ANTONIO CARLOS MINEIRO,287.990,31564,109.60,98,0.764,20.64,88016.7067,78329.61452,18937.50,
Caconde,3508702,cacondense,JO&Atilde;O FILIPE MUNIZ BASILLI,468.214,17101,36.52,97.7,0.720,9.3,52754.87491,48676.07968,25093.70,
Cafel&acirc;ndia,3508801,cafelandense,TAIS FERNANDA MAIMONI CONTIERI SANTANA,920.280,16654,18.10,96.7,0.742,17.86,62054.66542,58718.12186,34444.32,
Caiabu,3508900,caiabuense,SUELEN NARA MATOS MATIVE,253.352,3712,14.65,98.9,0.729,20.41,17842.45456,15597.89667,16214.04,
Caieiras,3509007,caieirense,GILMAR SOARES VICENTE,97.642,95030,973.25,94.8,0.781,3.89,290687.07539,237564.95633,39023.54,
Caiu&aacute;,3509106,caiuense,RUTE ALMEIDA DOS SANTOS LIMA,551.159,5466,9.92,99.3,0.697,-,30250.15624,26171.0968,14950.98,
Cajamar,3509205,cajamarense,DANILO BARBOSA MACHADO,131.386,92689,705.47,96.5,0.728,10.61,447553.50022,386498.4297,266875.13,
Cajati,3509254,cajatiense,LUIZ HENRIQUE KOGA,454.436,28515,62.75,98.4,0.694,9.3,101869.79444,84204.3461,55946.93,
Cajobi,3509304,cajobiense,GUSTAVO SEBASTI&Atilde;O DA COSTA,176.929,9133,51.62,99.7,0.734,10.1,32487.39429,30216.52334,16173.33,
Cajuru,3509403,cajuruense,ALEX MORETINI,660.088,23830,36.10,97.1,0.713,15.72,67029.45859,59784.761,26218.01,
Campina do Monte Alegre,3509452,campinomontealegrense,TIAGO RICARDO FERREIRA,184.479,5954,32.27,97.5,0.717,-,22714.434,19475.58047,22643.07,
Campinas,3509502,campineiro,DARIO JORGE GIOLO SAADI,794.571,1138309,1432.61,96,0.805,7.99,4614990.76219,4719975.68304,53896.97,
Campo Limpo Paulista,3509601,campo-limpense,LUIZ ANTONIO BRAZ,79.403,77632,977.70,96.7,0.769,8.76,189590.27143,163427.27489,25669.04,
Campos do Jord&atilde;o,3509700,jordanense,MARCELO PADOVAN,289.981,46974,161.99,97.1,0.749,5.93,196829.83668,180378.79266,24355.76,
Campos Novos Paulista,3509809,campos-novense,FLAVIO FERMINO EUFLAUZINO,484.199,4888,10.10,97.9,0.706,35.09,21740.4125,19664.72806,37963.58,
Canan&eacute;ia,3509908,cananeiense,ROBSON DA SILVA LEONEL,1237.354,12289,9.93,97.3,0.720,28.9,53312.48738,47260.34112,20929.13,
Canas,3509957,canense,SILVANA KOMEIH DA SILVA ZANIN,53.261,4931,92.58,98.3,0.704,27.4,22047.3792,20464.71278,21705.39,
C&acirc;ndido Mota,3510005,c&acirc;ndido-motense,ERALDO JOS&Eacute; PEREIRA,595.811,29449,49.43,98.2,0.747,12.05,119067.47623,91800.50762,44392.85,
C&acirc;ndido Rodrigues,3510104,c&acirc;ndido-rodriguense,FABRICIO ANTONIO RONCOLLI,70.892,2889,40.75,99,0.789,45.45,18557.95683,14177.40555,39394.80,
Canitar,3510153,canitarense,JOEL RODRIGUES,57.459,6283,109.35,96.1,0.680,-,19723.73873,17007.02541,29727.28,
Cap&atilde;o Bonito,3510203,cap&atilde;o-bonitense,JULIO FERNANDO GALV&Atilde;O DIAS,1640.229,46337,28.25,98.7,0.721,6.9,135940.40296,122482.96613,23973.91,
Capela do Alto,3510302,capelense,P&Eacute;RICLES GON&Ccedil;ALVES,169.890,22866,134.59,96.5,0.699,13.79,59751.63173,51831.96495,16172.39,
Capivari,3510401,capivariano,VITOR HUGO RICCOMINI,322.878,50068,155.07,97.3,0.750,4.34,211476.50331,192162.05772,42575.27,
Caraguatatuba,3510500,caraguatatubense,JOS&Eacute; PEREIRA DE AGUILAR J&Uacute;NIOR,484.947,134875,278.12,97.7,0.759,11.27,671648.92887,595360.9078,31526.24,
Carapicu&iacute;ba,3510609,carapicuibano,MARCO AURELIO DOS SANTOS NEVES,34.546,387121,11205.96,96.2,0.749,9.87,480422.90274,416067.26676,15437.46,
Cardoso,3510708,cardosense,JAIR CESAR NATTES,639.248,11345,17.75,96.8,0.722,10.53,46308.23775,40320.40495,24267.11,
Casa Branca,3510807,casa-branquense,MARCO C&Eacute;SAR DE PAIVA AGA,864.225,28083,32.50,96.9,0.730,7.27,97518.96221,92693.25741,34523.67,
C&aacute;ssia dos Coqueiros,3510906,cassiano,EUR&Iacute;PEDES JORGE DA ROCHA FILHO,191.683,2799,14.60,99.5,0.734,-,15898.76893,13737.03125,101646.04,
Castilho,3511003,castilhense,PAULO DUARTE BOAVENTURA,1065.318,19977,18.75,99.1,0.731,5.21,87054.28444,77169.98419,54893.77,
Catanduva,3511102,catanduvense,OSVALDO DE OLIVEIRA ROSA,290.596,115785,398.44,98.1,0.785,9.32,461372.42056,403700.92796,39869.67,
Catigu&aacute;,3511201,catig&uuml;ense,CLAUDEMIR JOSE GRAVA,148.393,7003,47.19,98.4,0.751,-,21266.27659,19437.58657,17077.50,
Cedral,3511300,cedralense,PAULO RICARDO BEOLCHI DE LUCAS,197.838,12618,63.78,98.7,0.766,8.4,37763.92539,30960.82651,41650.03,
Cerqueira C&eacute;sar,3511409,cerqueirense,DIEGO AUGUSTO BERTI CINTO,511.621,21469,41.96,98.2,0.729,4.29,75974.89702,64272.7041,40842.40,
Cerquilho,3511508,cerquilhense,ALDOMIR JOS&Eacute; SANSON,127.803,44695,349.72,99.6,0.782,17.13,165449.81452,138709.53714,40306.55,
Ces&aacute;rio Lange,3511607,cesariano-lange,RONALDO PAIS DE CAMARGO,190.392,19048,100.05,96.3,0.706,8.33,56792.8307,53413.86635,27931.34,
Charqueada,3511706,charqueadense,RODRIGO DE ARRUDA,175.846,15535,88.34,97.9,0.736,22.1,44565.50282,38588.50552,25154.89,
Clementina,3511904,clementinense,NELSON CASULA,168.590,6982,41.41,98,0.725,11.76,28839.28053,25236.84461,15795.42,
Colina,3512001,colinense,DIAB TAHA,422.303,18487,43.78,98.4,0.757,5.24,80672.11148,69472.46161,66477.77,
Col&ocirc;mbia,3512100,colombiense,JULIO CESAR DOS SANTOS,728.648,6629,9.10,99.2,0.710,-,43935.22451,38618.76712,60584.94,
Conchal,3512209,conchalense,LUIZ VANDERLEI MAGNUSSON,182.793,28105,153.75,96.7,0.708,17.59,100960.50997,86413.17651,29987.69,
Conchas,3512308,conchense,JULIO TOMAZELA NETO,466.120,15232,32.68,97.6,0.736,12.12,54724.10202,50645.58986,21380.95,
Cordeir&oacute;polis,3512407,cordeiropolense,JOS&Eacute; ADINAN ORTOLAN,137.579,24514,178.18,96.7,0.758,13.47,142098.6848,121672.31628,132627.29,
Coroados,3512506,coroadense,TEREZINHA APARECIDA CASTILHO VARONI,246.825,5400,21.88,98.3,0.719,16.95,20830.3842,18406.57198,32473.23,
Coronel Macedo,3512605,macedense,JOS&Eacute; ROBERTO SANTINONI VEIGA,303.830,4280,14.09,99.1,0.690,19.61,22729.31678,18982.06845,27418.67,
Corumbata&iacute;,3512704,corumbataiense,LEANDRO MARTINEZ,278.622,4195,15.06,97,0.754,17.54,25285.25506,23448.37991,63796.71,
Cosm&oacute;polis,3512803,cosmopolense,ANTONIO CLAUDIO FELISBINO JUNIOR,154.665,59773,386.47,98,0.769,1.56,171948.44395,148441.59284,26871.01,
Cosmorama,3512902,cosmoramense,LUIS FERNANDO GON&Ccedil;ALVES,441.680,8719,19.74,97.9,0.722,-,30778.34102,25647.12509,53928.42,
Cotia,3513009,cotiano,ROG&Eacute;RIO CARDOSO FRANCO,323.994,273640,844.58,97.5,0.780,7.04,795242.86637,720866.57794,55360.97,
Cravinhos,3513108,cravinhense,ITAMAR GOMES BUENO,311.423,33281,106.87,98.1,0.756,7.58,131080.58595,111134.667,39589.82,
Cristais Paulista,3513207,cristalense,KATIUSCIA DE PAULA LEONARDO MENDES,385.230,9272,24.07,98.2,0.734,9.62,29472.10652,25481.63482,32076.08,
Cruz&aacute;lia,3513306,cruzaliense,ARILDO OSMAR DE MORO,149.330,2108,14.12,97.8,0.774,45.45,16229.07926,14631.8345,57572.26,
Cruzeiro,3513405,cruzeirense,THALES GABRIEL FONSECA,305.699,74961,245.21,97.6,0.788,7.98,187068.03289,170760.32137,32357.47,
Cubat&atilde;o,3513504,cubatense,ADEMARIO DA SILVA OLIVEIRA,142.879,112471,787.18,98,0.737,10,1181573.22046,985154.1083,120940.49,
Cunha,3513603,cunhense,JOS&Eacute; &Eacute;DER GALDINO DA COSTA,1407.250,22110,15.71,98,0.684,4.33,55363.08474,51329.50024,13857.47,
Descalvado,3513702,descalvadense,ANTONIO CARLOS RESCHINI,753.706,31756,42.13,98.6,0.760,2.86,112355.68803,92575.65685,54789.02,
Diadema,3513801,diademense,JOS&Eacute; DE FILIPPI J&Uacute;NIOR,30.732,393237,12795.69,96.8,0.757,9.37,1243622.6929,1212704.15444,35282.92,
Dirce Reis,3513850,dircense,JO&Atilde;O CARLOS RAINHO,88.133,1620,18.38,100,0.741,-,15516.84756,12939.80784,36386.62,
Divinol&acirc;ndia,3513900,divinolandense,ANTONIO DE PADUA AQUISTI,223.749,11158,49.87,98.6,0.734,-,41501.13217,31180.57134,30563.69,
Dobrada,3514007,dobradense,ANTONIO CARLOS DE MATTOS SANTOS,149.729,8759,58.50,99.5,0.718,9.71,22281.17032,18909.98197,14594.14,
Dois C&oacute;rregos,3514106,dois-correguense,RUY DIOMEDES FAVARO,632.972,24510,38.72,96.7,0.725,3.51,79488.72696,69736.72159,27424.54,
Dolcin&oacute;polis,3514205,dolcinopolense,AMERICO RIBEIRO DO NASCIMENTO,77.939,2207,28.32,100,0.742,-,13251.7967,9814.63877,24502.48,
Dourado,3514304,douradense,GINO JOSE TORREZAN,205.874,8096,39.33,100,0.738,26.67,32243.42162,27453.7845,73574.60,
Dracena,3514403,dracenense,ANDR&Eacute; KOZAN LEMOS,487.688,45474,93.24,98.2,0.776,6.37,119375.78421,109360.69292,29088.43,
Duartina,3514502,duartinense,ADERALDO PEREIRA DE SOUZA JUNIOR,264.557,12328,46.60,98.3,0.748,15.87,42598.5894,34796.01249,20692.61,
Dumont,3514601,dumonense,ALAN FRANCISCO FERRACINI,111.376,9471,85.04,97.6,0.744,9.01,29559.19567,25846.89081,28199.03,
Echapor&atilde;,3514700,echaporense,LUIS GUSTAVO EVANGELISTA,515.258,6205,12.04,98.8,0.745,23.53,25858.75298,21629.41985,22345.00,
Eldorado,3514809,eldoradense,DINOEL PEDROSO ROCHA,1654.256,13069,7.90,97.3,0.691,20.94,45711.82871,39754.67225,20805.58,
Elias Fausto,3514908,elias-faustense,MAURICIO BARONI BERNARDINETTI,202.360,17699,87.46,97.3,0.695,-,56795.78942,52155.79784,47965.11,
Elisi&aacute;rio,3514924,elisiarense,CASSIO ROBERTO BERTELLI,93.980,3138,33.39,98.6,0.747,-,17787.07463,15070.41166,18357.79,
Emba&uacute;ba,3514957,embaubense,NERCILIO PINHEIRO DA SILVA,83.129,2323,27.94,100,0.730,-,17245.91596,14037.84829,24486.07,
Embu das Artes,3515004,embuense,CLAUDINEI ALVES DOS SANTOS,70.398,250720,3561.46,96.8,0.735,8.92,619272.82744,559806.58715,50027.71,
Embu-Gua&ccedil;u,3515103,embu-gua&ccedil;uense,JOSE ANTONIO PEREIRA,155.641,66970,430.29,97.1,0.749,8.28,146776.5067,127155.69309,17616.60,
Emilian&oacute;polis,3515129,emilian&oacute;polense,JO&Atilde;O BATISTA AMARAL,225.167,3014,13.39,97.3,0.727,31.25,16099.47556,13958.66666,21852.35,
Engenheiro Coelho,3515152,engenheiro coelhense,ZEEDIVALDO ALVES DE MIRANDA,109.941,19566,177.97,98.5,0.732,18.05,54941.01639,50224.9802,26067.78,
Esp&iacute;rito Santo do Pinhal,3515186,pinhalense,CRISTINA DO CARMO BRAND&Atilde;O BUENO DOMINGUES,389.235,39816,102.29,97.9,0.787,6.91,109535.81675,98304.15753,37356.00,
Esp&iacute;rito Santo do Turvo,3515194,esp&iacute;rito santense,AFONSO NASCIMENTO NETO,193.666,4157,21.46,97.4,0.696,-,20621.28969,17942.54007,19527.71,
Estrela d'Oeste,3515202,estrelense,MARCOS ANT&Ocirc;NIO SAES LOPES,296.281,9417,31.78,99,0.760,-,35526.62856,32891.95349,77794.80,
Estrela do Norte,3515301,estrelense,DEHON APARECIDO TOSO,264.987,2703,10.20,98.9,0.740,-,16898.17931,14342.14864,25105.27,
Euclides da Cunha Paulista,3515350,euclidense,DOMINGOS MENTE LOPES,573.894,7924,13.81,98.5,0.704,9.8,29092.25561,26471.53319,14175.67,
Fartura,3515400,farturense,LUCIANO PERES,429.171,16641,38.77,97.4,0.732,-,49079.06304,43959.59744,26656.84,
Fernand&oacute;polis,3515509,fernandopolense,ANDR&Eacute; GIOVANNI PESSUTO C&Acirc;NDIDO,549.797,71186,129.48,99.4,0.797,4.35,199250.69195,174683.38965,33254.37,
Fernando Prestes,3515608,fernando-prestense,RODRIGO RAVAZZI,169.990,5942,34.95,96.5,0.758,-,22629.27511,19679.36307,38799.84,
Fern&atilde;o,3515657,fern&atilde;oense,JOS&Eacute; VALENTIM FODRA,100.504,1656,16.48,99.1,0.703,-,16383.49427,11484.03755,46859.88,
Ferraz de Vasconcelos,3515707,ferrazense,PRISCILA CONCEICAO GAMBALE VIEIRA MATOS,29.547,179205,6065.08,97.6,0.738,9.97,323758.51022,277576.96209,20118.65,
Flora Rica,3515806,flora-riquense,GILBERTO SANCHES GOMES,224.711,1487,6.62,99.1,0.727,-,14076.60941,12147.19562,27687.99,
Floreal,3515905,florealense,NORIVAL FRANCISCO GARCIA JUNIOR,204.236,2733,13.38,96.2,0.747,-,21076.83759,17439.96057,23947.90,
Fl&oacute;rida Paulista,3516002,floridense,WILSON FR&Oacute;IO JUNIOR,524.138,12958,24.72,98.9,0.715,26.09,36645.52178,31878.61943,16702.90,
Flor&iacute;nea,3516101,florinense ou florineano,PAULO EDUARDO PINTO,225.886,3851,17.05,96.6,0.713,-,19383.35856,16583.3992,60749.72,
Franca,3516200,francano,ALEXANDRE AUGUSTO FERREIRA,605.679,352537,582.05,98.2,0.780,10.57,720800.10493,693764.86769,27839.58,
Francisco Morato,3516309,moratense,RENATA TORRES DE SENE,49.001,165139,3370.11,95.8,0.703,13.44,322463.64999,283061.88222,9696.12,
Franco da Rocha,3516408,franco-rochense,NIVALDO DA SILVA SANTOS,132.775,144849,1090.94,95.7,0.731,5.63,323543.70556,283285.64064,22731.21,
Gabriel Monteiro,3516507,monteirense,VANDERLEI ANTONINHO MENDON&Ccedil;A,138.681,2763,19.92,99.7,0.763,-,15779.89789,13892.2692,27638.61,
G&aacute;lia,3516606,galiense,RENATO INACIO GON&Ccedil;ALVES,355.914,6380,17.93,97,0.709,-,24207.35271,20712.8507,28752.97,
Gar&ccedil;a,3516705,garcense,JO&Atilde;O CARLOS DOS SANTOS,555.807,42110,75.76,98.1,0.769,16.53,154647.85578,136606.83684,29822.73,
Gast&atilde;o Vidigal,3516804,vidigalense,SEBASTI&Atilde;O FELISBERTO FERNANDES,180.569,3252,18.01,96.6,0.723,-,19004.98059,15221.79347,17670.19,
Gavi&atilde;o Peixoto,3516853,gavionense,ADRIANO MAR&Ccedil;AL DA SILVA,243.766,4702,19.29,98.7,0.719,-,45966.25853,37048.95802,333943.43,
General Salgado,3516903,salgadense,MAURO GILBERTO FANTINI,494.376,10312,20.86,98.5,0.747,11.76,42540.83689,44198.69202,22157.58,
Getulina,3517000,getulinense,ANT&Ocirc;NIO CARLOS MAIA FERREIRA,676.755,10232,15.12,99.4,0.717,11.49,31784.07308,27480.55568,18894.77,
Glic&eacute;rio,3517109,glicerense,ILDO DE SOUZA,272.800,4138,15.17,98.5,0.735,22.22,21450.50411,18523.22084,23987.04,
Guai&ccedil;ara,3517208,guai&ccedil;arense,BRUNO FLORIANO DE OLIVEIRA,277.154,11239,40.55,98.4,0.739,6.94,34948.99189,29777.61906,18028.89,
Guaimb&ecirc;,3517307,guaimbeense,MARCIA HELENA PEREIRA CABRAL ACHILLES,217.811,5512,25.31,99,0.728,13.33,23824.10387,19316.37921,40828.58,
Gua&iacute;ra,3517406,guairense,JOSE EDUARDO COSCRATO LELIS,1258.465,39273,31.21,97.8,0.753,4.72,184411.25061,156565.54772,62456.35,
Guapia&ccedil;u,3517505,guapia&ccedil;uense,JEAN CARLOS VETORASSO,325.126,21711,66.78,98,0.725,7.97,77410.71367,61872.92947,32976.98,
Guapiara,3517604,guapiense,JOS&Eacute; MATHEUS RODOLFO DE FREITAS,408.292,17071,41.81,96.7,0.675,25.77,50172.88751,46057.06345,29948.85,
Guar&aacute;,3517703,guaraense,VINICIUS MAGNO FILGUEIRA,362.183,18606,51.37,98,0.718,20.51,64882.21666,54904.99999,26900.02,
Guara&ccedil;a&iacute;,3517802,guara&ccedil;aiense,AIRTON JOSE GOMES,569.197,7441,13.07,98,0.719,30.3,30110.64922,25902.89786,38777.11,
Guaraci,3517901,guaraciense,RENATO AZEDA RIBEIRO DE AGUIAR,641.501,10350,16.13,97,0.737,-,52473.47949,47172.14591,35144.03,
Guarani d'Oeste,3518008,guaraniense,NILSON TIMPORIM CAFFER,85.700,1968,22.96,95.6,0.732,-,15147.01797,11610.59837,20176.03,
Guarant&atilde;,3518107,guarant&atilde;ense,MARCOS ROBERTO FRUGERI,461.746,6427,13.92,98.9,0.713,19.23,23152.79477,18916.66553,28042.55,
Guararapes,3518206,guararapense,TAREK DARGHAM,955.637,31036,32.48,99.6,0.763,14.71,93651.17078,86915.60146,33242.95,
Guararema,3518305,guararemense,JOS&Eacute; LUIZ EROLES FREIRE,270.816,31236,115.34,97.3,0.731,4.63,165358.38094,161319.60779,53918.66,
Guaratinguet&aacute;,3518404,guaratinguetaense,MARCUS AUGUSTIN SOLIVA,752.636,118044,156.84,97.8,0.798,12.85,314633.14171,304895.53466,55935.11,
Guare&iacute;,3518503,guareiense,JOS&Eacute; AMADEU DE BARROS,567.884,15013,26.44,96.3,0.687,20.83,43590.84558,36441.06027,14212.56,
Guariba,3518602,guaribense,CELSO ANTONIO ROMANO,270.289,37498,138.73,97.3,0.719,10.31,112249.84688,94828.85351,24905.76,
Guaruj&aacute;,3518701,guarujaense,VALTER SUMAN,144.794,287634,1986.50,95.9,0.751,14.59,1349179.76078,1153554.18582,28707.73,
Guarulhos,3518800,guarulhense,GUSTAVO HENRIC COSTA,318.675,1291784,4053.61,97.1,0.763,10.33,4189490.67768,3985438.68069,47301.43,
Guatapar&aacute;,3518859,guataparaense,JURACY COSTA DA SILVA,413.567,7320,17.70,99.1,0.743,-,32270.6323,26671.09258,32686.33,
Guzol&acirc;ndia,3518909,guzolandense,MARCIO LUIS CARDOSO,252.477,4246,16.82,85.3,0.697,18.18,20936.0177,17601.96305,16246.53,
Hercul&acirc;ndia,3519006,herculandense,PAULO SERGIO DE OLIVEIRA,364.252,9125,25.05,98.4,0.727,17.54,26291.34958,22891.195,34982.47,
Holambra,3519055,holambrense,FERNANDO HENRIQUE CAPATO,65.577,15119,230.55,98.8,0.793,9.39,77486.37455,67934.48903,83921.94,
Hortol&acirc;ndia,3519071,hortolandense,JOS&Eacute; NAZARENO ZEZE GOMES,62.416,236641,3791.35,97.5,0.756,10.24,780150.07223,674186.19628,66378.26,
Iacanga,3519105,iacanguense,ELI DONISETI CARDOSO,547.393,10437,19.07,96.7,0.745,8.26,48461.83495,41283.8993,49299.56,
Iacri,3519204,iacriense,CARLOS ALBERTO FREIRE,321.948,6131,19.04,99.4,0.733,-,20293.12789,17172.47081,40114.67,
Iaras,3519253,iarense,MARCOS JOS&Eacute; ROSA,401.381,8010,19.96,98.5,0.674,12.82,26898.17696,23493.36282,17007.12,
Ibat&eacute;,3519303,ibateense,JOS&Eacute; LUIZ PARELLA,290.978,32178,110.59,97.6,0.703,12.45,90979.69721,82515.37296,30521.97,
Ibir&aacute;,3519402,ibiraense,EDVARD ALBERTO COLOMBO,271.912,11690,42.99,98.4,0.740,-,40858.64405,37142.19875,21454.35,
Ibirarema,3519501,ibiraremense,JOSE BENEDITO CAMACHO,228.230,6385,27.98,97.4,0.708,14.29,27436.90193,23891.56961,27372.90,
Ibitinga,3519600,ibitinguense,CRISTINA MARIA KALIL ARANTES,689.391,60037,87.09,95.8,0.747,8.08,145376.47271,134351.73134,28773.76,
Ibi&uacute;na,3519709,ibiunense,PAULO KENJI SASAKI,1058.082,74957,70.84,95.8,0.710,13.1,199573.19264,184089.2641,27939.72,
Ic&eacute;m,3519808,icense,OSCAR LUIZ CORREA CUNHA,362.355,7819,21.58,98.5,0.720,11.76,35974.86526,33595.75417,22071.11,
Iep&ecirc;,3519907,iepense,MURILO NOBREGA CAMPOS,594.974,7619,12.81,97.9,0.736,-,34905.48075,30166.2191,44861.72,
Igara&ccedil;u do Tiet&ecirc;,3520004,iguara&ccedil;uense,RICARDO VERPA COSTA DA SILVA,97.747,23106,236.39,98.8,0.727,7.6,65624.76233,59175.84358,14169.57,
Igarapava,3520103,igarapavense,JOSE RICARDO RODRIGUES MATTAR,468.355,26212,55.97,97.8,0.768,14.04,90033.56975,82825.3599,44240.73,
Igarat&aacute;,3520202,igaratense,ELZO ELIAS DE OLIVEIRA SOUZA,292.953,10605,36.20,99.1,0.711,7.04,42457.14188,38532.21607,23415.10,
Iguape,3520301,iguapense,WILSON ALMEIDA LIMA,1978.795,29115,14.71,99.5,0.726,9.23,104794.14181,89269.86164,34863.60,
Ilhabela,3520400,ilhabelense,ANTONIO LUIZ COLUCCI,346.389,34934,100.85,98.3,0.756,6.15,635442.14033,417017.91236,302099.40,
Ilha Comprida,3520426,ilha compridense,GERALDINO BARBOSA DE OLIVEIRA JUNIOR,196.567,13419,68.27,98.2,0.725,13.79,93861.35487,93029.52622,67679.22,
Ilha Solteira,3520442,ilhense,OT&Aacute;VIO AUGUSTO GIANTOMASSI GOMES,652.641,25549,39.15,99.3,0.812,13.33,129475.89823,111432.11982,25325.51,
Indaiatuba,3520509,indaiatubano,NILSON ALCIDES GASPAR,311.545,255739,820.87,98.2,0.788,6.42,1136120.63336,959512.37517,71595.73,
Indiana,3520608,indianense,WHESLEN THIEGO SCAIONE CACHOEIRA,129.367,5090,39.35,98,0.761,-,16701.6143,15678.78153,17224.31,
Indiapor&atilde;,3520707,indiapor&atilde;ense,ADERITO CAMARGO FERREIRA DA SILVA,279.606,4035,14.43,98.5,0.751,-,21291.88555,18982.09407,26950.23,
In&uacute;bia Paulista,3520806,inubense,JO&Atilde;O SOARES DOS SANTOS,87.119,3615,41.49,98.3,0.759,29.41,16473.58183,14359.47921,31287.70,
Ipaussu,3520905,ipau&ccedil;uense,SERGIO GALVANIN GUIDIO FILHO,209.554,13712,65.43,97.9,0.727,11.24,47999.30933,42594.93842,29770.07,
Iper&oacute;,3521002,iperoense,LEONARDO ROBERTO FOLIM,170.289,36459,214.10,98.9,0.719,11.4,91127.24315,82686.38315,20977.05,
Ipe&uacute;na,3521101,ipeunense,DIEGO HERON PINHEIRO,190.010,6831,35.95,98.8,0.753,12.66,30813.47041,26383.76638,118999.48,
Ipigu&aacute;,3521150,ipiguaense,EFRAIM GARCIA LOPES,136.028,6761,49.70,98.5,0.730,11.63,22996.58464,18141.67521,20665.72,
Iporanga,3521200,iporanguense,ALESSANDRO MENDES RODRIGUES,1152.059,4046,3.51,97.3,0.703,-,22215.41828,19385.15534,15119.69,
Ipu&atilde;,3521309,ipu&atilde;nense,RONYWERTON MARCELO ALVES PEREIRA,466.461,14454,30.99,98,0.749,6.25,59873.28611,54485.04373,26813.11,
Iracem&aacute;polis,3521408,iracemapolense,NELITA CRISTINA MICHEL FRANCESCHINI,115.118,21967,190.82,95.7,0.776,7.72,78956.61562,76107.80334,83999.44,
Irapu&atilde;,3521507,irapuense,RENI APARECIDA DA SILVA,257.612,6867,26.66,97.9,0.713,21.98,23318.09912,20794.86392,21626.11,
Irapuru,3521606,irapuruense,ADEMAR CALEG&Atilde;O,214.461,5938,27.69,95.1,0.712,-,20510.70134,18151.40176,12535.32,
Itaber&aacute;,3521705,itaberaense,ALEX ROG&Eacute;RIO CAMARGO DE LACERDA,1100.247,17983,16.34,97.9,0.693,21.28,58975.34391,52125.4518,45179.08,
Ita&iacute;,3521804,itaiense,JOSE RAMIRO ANTUNES DO PRADO,1092.884,25180,23.04,97.9,0.713,17.12,99937.16476,76142.01532,33063.44,
Itajobi,3521903,itajobiense,SIDIOMAR UJAQUE,502.066,16989,33.84,94.9,0.730,28.09,77701.93202,63681.73156,59838.38,
Itaju,3522000,itajuense,JERRI DE SOUZA NEIVA,230.355,3618,15.71,98.7,0.705,25,18533.45513,15729.53704,24815.91,
Itanha&eacute;m,3522109,itanhaense,TIAGO RODRIGUES CERVANTES,601.711,112476,186.93,97.5,0.745,8.55,399005.3954,378386.3151,21298.04,
Itaoca,3522158,itaoquense,ANTONIO CARLOS TRANNIN,183.015,3421,18.69,98.8,0.680,-,17318.47582,16178.57517,14568.16,
Itapecerica da Serra,3522208,itapecericano,FRANCISCO TADAO NAKANO,150.742,158522,1051.61,96.8,0.742,15.83,427264.50588,366304.84686,24379.82,
Itapetininga,3522307,itapetingano,SIMONE APARECIDA CURRALADAS DOS SANTOS,1789.350,157790,88.18,96.4,0.763,12.46,448514.17401,426754.60157,32215.54,
Itapeva,3522406,itapevense,MARIO SERGIO TASSINARI,1826.258,89728,49.13,98.4,0.732,10.19,324342.23975,263972.64795,43368.65,
Itapevi,3522505,itapeviense,IGOR SOARES EBERT,82.658,232513,2812.95,96.5,0.735,9.53,716998.9369,533970.66809,52224.97,
Itapira,3522604,itapirense,ANTONIO H&Eacute;LIO NICOLAI,518.416,72022,138.93,98,0.762,9.99,266467.31633,250340.39636,54933.39,
Itapirapu&atilde; Paulista,3522653,itapirapu&atilde; paulistense,JULIO CESAR DO AMARAL,406.478,4306,10.59,99,0.661,26.67,20170.10041,15842.4124,11409.82,
It&aacute;polis,3522703,itapolitano,VLADIMIR DO CARMO REGGIANI,996.747,39493,39.62,98.4,0.744,9.64,120554.9277,108053.13907,36113.24,
Itaporanga,3522802,itaporanguense,DOUGLAS ROBERTO BENINI,507.997,14085,27.73,97.9,0.719,-,40344.10401,36382.11663,25469.57,
Itapu&iacute;,3522901,itapuiense,ANTONIO &Aacute;LVARO DE SOUZA,140.023,13659,97.55,96.5,0.725,10.31,49511.33824,40320.40542,61603.00,
Itapura,3523008,itapurense,FABIO DOURADO,301.653,3979,13.19,98,0.720,-,28077.67865,22979.43781,21642.09,
Itaquaquecetuba,3523107,itaquaquecetubense,EDUARDO BOIGUES QUEROZ,82.622,369275,4469.45,96.4,0.714,13.24,628167.67634,573772.86888,20457.81,
Itarar&eacute;,3523206,itarareense,HELITON SCHEIDT DO VALLE,1003.860,44438,44.27,98,0.703,10.54,113321.6603,100270.38884,21802.77,
Itariri,3523305,itaririense,DINAMERICO GON&Ccedil;ALVES PERONI,273.667,15528,56.74,96.4,0.677,12.42,39544.6352,34886.20054,20305.21,
Itatiba,3523404,itatibense,THOMAS ANTONIO CAPELETTO DE OLIVEIRA,322.269,122424,379.88,97.8,0.778,14.09,373051.57991,368195.90964,58423.11,
Itatinga,3523503,itatinguense,JO&Atilde;O BOSCO BORGES,979.817,19070,19.46,98,0.706,12.66,69737.5931,60680.49774,20444.54,
Itirapina,3523602,itirapinense,MARIA DA GRA&Ccedil;A ZUCCHI MORAES,564.603,16148,28.60,97.8,0.724,6.29,69875.11967,63369.74657,38398.32,
Itirapu&atilde;,3523701,itirapu&atilde;nense,GERSON LUIZ ALVES,161.118,5779,35.87,99.1,0.707,-,20045.65674,17688.96235,20254.09,
Itobi,3523800,itobiano,JOAQUIM CANDIDO FILHO,138.986,8046,57.89,98.6,0.717,10.53,18360.75407,16579.64617,20103.74,
Itu,3523909,ituano,GUILHERME DOS REIS GAZZOLA,640.719,168240,262.58,94.3,0.773,9.35,629552.20925,530163.51302,52456.00,
Itupeva,3524006,itupevense,MARCO ANTONIO MARCHI,200.876,70616,351.54,97.4,0.762,13.06,256241.78846,225371.51487,135298.79,
Ituverava,3524105,ituveravense,LUIZ ANTONIO DE ARAUJO,704.659,37571,53.32,97.9,0.765,6.24,150382.99356,136066.57043,43026.10,
Jaborandi,3524204,jaborandiense,SILVIO VAZ DE ALMEIDA,273.438,6221,22.75,98.3,0.711,-,29164.17778,25815.7643,22076.42,
Jaboticabal,3524303,jaboticabalense,EMERSON RODRIGO CAMARGO,706.602,71821,101.64,97.9,0.778,9.3,291166.46826,269874.44489,40825.26,
Jacare&iacute;,3524402,jacareiense,IZAIAS JOS&Eacute; DE SANTANA,464.272,240275,517.53,98.3,0.777,9.73,915153.68112,795619.47276,59957.57,
Jaci,3524501,jaciense,VALERIA PERPETUO GUIMARAES HENRIQUE,145.133,7613,52.46,97.7,0.723,9.52,28177.56046,23168.48995,77724.70,
Jacupiranga,3524600,jacupiranguense,ROBERTO CARLOS GARCIA,704.189,16116,22.89,97.4,0.717,12.61,49043.22183,42477.18526,29046.48,
Jaguari&uacute;na,3524709,jaguariunense,MARCIO GUSTAVO BERNARDES REIS,141.391,59347,419.74,98,0.784,14.14,380624.36296,302431.47496,195909.31,
Jales,3524808,jalesense,LU&Iacute;S HENRIQUE DOS SANTOS MOREIRA,368.574,48776,132.34,98.9,0.776,5.66,145298.83935,135606.82028,36054.72,
Jambeiro,3524907,jambeirense,CARLOS ALBERTO DE SOUZA,184.413,6397,34.69,97.7,0.756,-,31790.23821,27670.64067,40166.87,
Jandira,3525003,jandirense,HENRI HAJIME SATO,17.449,118045,6765.14,96.9,0.760,13.49,296660.34158,235985.83921,36380.52,
Jardin&oacute;polis,3525102,jardinopolense,PAULO JOS&Eacute; BRIGLIADORI,501.870,45282,90.23,97.1,0.735,5.49,129583.75955,120447.74933,30779.90,
Jarinu,3525201,jarinuense,DEBORA CRISTINA DO PRADO BELINELLO,207.549,37535,180.85,98.2,0.733,12.08,111672.99696,107960.03669,85036.05,
Ja&uacute;,3525300,jauense,JORGE IVAN CASSARO,687.103,133497,194.29,97.8,0.778,10.7,384451.35889,361304.59,33256.44,
Jeriquara,3525409,jeriquarense,EDER LUIZ CARVALHO GON&Ccedil;ALVES,141.971,3863,27.21,98,0.703,23.26,17853.98056,15767.01664,41740.45,
Joan&oacute;polis,3525508,joanopolitano,ADAUTO BATISTA DE OLIVEIRA,374.293,12815,34.24,95.8,0.699,6.58,39221.68807,35825.19274,17392.59,
Jo&atilde;o Ramalho,3525607,ramalhense,ADELMO ALVES,415.452,4371,10.52,99.4,0.741,-,25663.13317,19048.1281,28941.30,
Jos&eacute; Bonif&aacute;cio,3525706,bonifaciano,DILMO RESENDE DE CARVALHO,860.200,36633,42.59,99,0.777,9.43,103318.53105,85049.46331,35877.16,
J&uacute;lio Mesquita,3525805,j&uacute;lio-mesquitense,TIRSO FERNANDES SOBREIRO JUNIOR,128.183,4254,33.19,97.7,0.716,-,18017.77347,16294.30831,11705.03,
Jumirim,3525854,jumirense,DANIEL VIEIRA,56.685,3059,53.96,99.2,0.741,-,19564.13502,15938.5812,50416.48,
Jundia&iacute;,3525904,jundiaiense,LUIZ FERNANDO ARANTES MACHADO,431.204,443116,1027.62,98.2,0.822,7.59,2111466.92963,1856200.08543,121121.33,
Junqueir&oacute;polis,3526001,junqueiropolense,OSMAR PINATTO,582.565,20448,35.10,96.8,0.745,9.26,67489.3831,60105.34605,35548.80,
Juqui&aacute;,3526100,juquiaense,GILBERTO TADASHI MATSUSUE,812.799,17154,21.10,97.7,0.700,12.61,51990.46401,43324.19616,19297.57,
Juquitiba,3526209,juquitibense,AYRES SCORSATTO,522.169,27404,52.48,98.5,0.709,14.08,79486.51362,73190.19701,17294.82,
Lagoinha,3526308,lagoinhense,TIAGO MAGNO DE OLIVEIRA,255.472,5083,19.90,99,0.693,27.03,18654.63669,15385.31473,14199.91,
Laranjal Paulista,3526407,laranjalense,ALCIDES DE MOURA CAMPOS JUNIOR,384.274,26261,68.34,98.1,0.729,18.92,87439.74193,80132.34929,43562.10,
Lav&iacute;nia,3526506,lavinense,SALVADOR CAZUO MATSUNAKA,537.675,9689,18.02,98.6,0.721,46.51,40123.56455,31920.57164,14831.08,
Lavrinhas,3526605,lavrinhense,JOSE BENEDITO DA SILVA,167.067,7171,42.92,98.5,0.729,-,23388.76075,21425.97988,16506.35,
Leme,3526704,lemense,CLAUDEMIR APARECIDO BORGES,402.871,98145,243.61,97.7,0.744,13.22,321603.55201,282627.06268,36105.16,
Len&ccedil;&oacute;is Paulista,3526803,len&ccedil;oiense,ANDERSON PRADO DE LIMA,809.541,66505,82.15,99,0.764,4.96,277427.36276,209268.7412,61713.72,
Limeira,3526902,limeirense,MARIO CELSO BOTION,580.711,291869,502.61,97.7,0.775,12.86,1030815.94674,900521.4526,44418.06,
Lind&oacute;ia,3527009,lindoiano,LUCIANO FRANCISCO DE GODOI LOPES,48.756,7010,143.78,97.4,0.742,13.89,32919.82535,30620.69173,27301.58,
Lins,3527108,linense,JO&Atilde;O LUIS LOPES PANDOLFI,570.058,74779,131.18,98.4,0.786,19.59,204526.51546,182873.7478,80130.32,
Lorena,3527207,lorenense,SYLVIO BALLERINI,414.160,84855,204.88,97.2,0.766,11.54,203443.38155,187990.75789,34835.94,
Lourdes,3527256,lourdense,ODECIO RODRIGUES DA SILVA,113.940,1950,17.11,98.4,0.742,-,14174.37069,12043.96269,20097.45,
Louveira,3527306,louveirense,ESTANISLAU STECK,55.738,51833,929.94,97.3,0.777,19.21,474676.11413,383525.37831,357104.23,
Luc&eacute;lia,3527405,luceliense,TATIANA GUILHERMINO TAZINAZZIO COELHO COSTA,314.810,20061,63.72,99.4,0.752,5.21,54482.53775,44593.98147,23606.88,
Lucian&oacute;polis,3527504,lucianopolense,HUMBERTO ZANINOTO MALDONADO,189.536,2372,12.51,99.1,0.733,-,16106.81847,12906.07153,31267.95,
Lu&iacute;s Ant&ocirc;nio,3527603,lu&iacute;s-antoniense,RODRIGO MELLO MARQUES,598.257,12265,20.50,99.4,0.731,6.67,72400.55207,60721.43339,94852.81,
Luizi&acirc;nia,3527702,luiziano,ROG&Eacute;LIO CERVIGNE BARRETO,166.576,4701,28.22,92.8,0.702,-,17628.60665,15679.586,14290.26,
Lup&eacute;rcio,3527801,lupercense,CLEBER MENEGUCCI,155.171,3981,25.66,94.5,0.724,20.83,17166.49454,16094.20027,20166.24,
Lut&eacute;cia,3527900,luteciano,LAUDEMIR LEATI,475.226,2666,5.61,93.7,0.720,-,17603.81229,14802.29419,35919.02,
Macatuba,3528007,macatubense,ANDERSON FERREIRA,224.514,16829,74.96,99.3,0.770,5,74107.33272,62454.57101,44045.87,
Macaubal,3528106,macaubalense,ACACIO TARDOQUE FERREIRA,248.087,7481,30.15,97.9,0.743,15.15,24363.14069,21438.26452,22907.81,
Maced&ocirc;nia,3528205,macedoniense,REGINALDO ELOY MARCOMINI DOS REIS,327.567,3963,12.10,99.3,0.740,-,21297.58123,18452.17525,23582.50,
Magda,3528304,magdense,ALEXANDRE PAIVA BATELLO,312.282,3165,10.14,96.5,0.753,-,23503.51894,20815.79342,32141.72,
Mairinque,3528403,mairinquense,ANTONIO ALEXANDRE GEMENTE,210.149,49972,237.79,96.9,0.743,6.13,151739.80604,154356.79392,45197.77,
Mairipor&atilde;,3528502,mairiporense,WALID ALI HAMID,320.697,93617,291.92,98.1,0.788,9.5,256281.70262,217090.97814,18943.90,
Manduri,3528601,mandurinense,JOS&Eacute; ONIVALDO JUSTI,229.046,9871,43.10,98.9,0.739,-,27217.50205,24110.31096,26249.28,
Marab&aacute; Paulista,3528700,marabaense,APARECIDO NASCIMENTO SOBRAL,919.519,4573,4.97,99,0.677,26.32,21675.18029,19883.94691,20541.18,
Maraca&iacute;,3528809,maracaiense,PAULO EDUARDO DA SILVA,533.498,12673,23.75,98.3,0.771,11.9,48883.69285,43049.32467,35435.81,
Marapoama,3528858,marapoamense,MARCIO PERPETUO AUGUSTO,111.267,3292,29.59,99.4,0.752,27.03,19199.59903,15474.83459,96543.80,
Mari&aacute;polis,3528908,mariapolense,RICARDO MITSURO WATANABE,186.544,3513,18.83,97.5,0.718,-,15325.24935,13397.74638,16040.83,
Mar&iacute;lia,3529005,mariliense,DANIEL ALONSO,1170.515,237629,203.01,97.8,0.798,12.28,841368.05861,783340.44246,36163.08,
Marin&oacute;polis,3529104,marinopolense,EVALDO RIBEIRO,77.827,1860,23.90,97.6,0.731,-,15171.34577,11991.6459,18907.55,
Martin&oacute;polis,3529203,martinopolense,MARCO ANTONIO JACOMELI DE FREITA,1253.564,24881,19.85,98.1,0.721,3.61,76837.15949,69770.48191,25320.40,
Mat&atilde;o,3529302,matonense,ADAUTO APARECIDO SCARDOELLI,524.899,79033,150.57,97.7,0.773,8.03,237770.17797,222800.23445,52800.22,
Mau&aacute;,3529401,mauaense,FRANCISCO MARCELO DE OLIVEIRA,61.937,418261,6753.01,97.4,0.766,9.57,980419.20244,911004.89057,35864.96,
Mendon&ccedil;a,3529500,mendoncino,JULIANO SOUZA DE OLIVEIRA,195.151,6159,31.56,98.1,0.744,-,28462.22507,26558.65451,53713.75,
Meridiano,3529609,meridianense,MARCIA CRISTINA ADRIANO DE LIMA,228.199,4572,20.04,98.5,0.731,-,25373.6573,21836.25388,106286.14,
Mes&oacute;polis,3529658,mesopolense,JOSE CARLOS DA SILVA,148.636,1952,13.13,100,0.724,-,17661.80335,14849.39683,39032.04,
Miguel&oacute;polis,3529708,miguelopense,NAIM MIGUEL NETO,820.849,19441,23.68,98.6,0.741,-,86649.89567,75581.94914,46864.38,
Mineiros do Tiet&ecirc;,3529807,mineiros-tieteense,GEZIEL PEREIRA LIMA,213.242,11230,52.66,98.3,0.730,8.4,33021.69165,30577.89194,16077.77,
Miracatu,3529906,miracatuense,VIN&Iacute;CIUS BRAND&Atilde;O DE QUEIR&Oacute;Z,1001.484,18553,18.53,97.1,0.697,3.69,68104.83521,63915.42351,21518.00,
Mira Estrela,3530003,mira-estrelense,PRISCILLA FERNANDA COBACHO DO PRADO,216.825,3126,14.42,97.2,0.743,-,23360.99888,18488.32167,23035.01,
Mirand&oacute;polis,3530102,mirandopolense,EVERTON LUIZ FERNANDES SODARIO RAIMUNDO,917.694,27983,30.49,97.9,0.751,8.7,87710.76706,71720.71888,23204.83,
Mirante do Paranapanema,3530201,mirantense,&Aacute;TILA RAMIRO MENEZES DOURADO,1238.931,15917,12.85,98.8,0.724,30.67,66544.21737,53839.25176,29970.28,
Mirassol,3530300,mirassolense,EDSON ANTONIO ERMENEGILDO,243.228,63337,260.40,93.5,0.762,6.56,163458.62973,150439.15365,37468.68,
Mirassol&acirc;ndia,3530409,mirassolandense,CELIA APARECIDA FIAMENGHI DOS SANTOS MATOS,166.125,4669,28.11,96.9,0.738,-,16915.01936,15061.45421,33041.81,
Mococa,3530508,mocoquense,EDUARDO RIBEIRO BARISON,855.156,67681,79.14,98.9,0.762,2.89,183202.42222,178334.89411,37854.47,
Mogi das Cruzes,3530607,mogiano,CAIO C&Eacute;SAR MACHADO DA CUNHA,712.541,449955,631.48,97.7,0.783,10.19,1496004.06203,1450291.40855,37632.19,
Mogi Gua&ccedil;u,3530706,gua&ccedil;uano,RODRIGO FALSETTI,812.753,153661,189.06,97.9,0.774,5.56,508193.49579,455038.22182,40306.54,
Mogi Mirim,3530805,mogi-miriano,PAULO DE OLIVEIRA E SILVA,497.708,92559,185.97,97.4,0.784,6.36,362655.43793,333425.3257,53862.97,
Mombuca,3530904,mombucano,ROGERIO APARECIDO ALCALDE,133.698,3722,27.84,97.8,0.719,-,19183.51657,15458.33643,28697.26,
Mon&ccedil;&otilde;es,3531001,mon&ccedil;olense,VALTOLINO VALDIR MARIA ALVES,104.352,1937,18.56,100,0.772,-,23140.05603,17874.97115,28576.97,
Mongagu&aacute;,3531100,mongaguano,M&Aacute;RCIO MELO GOMES,142.755,61951,433.97,98.3,0.754,13.33,211556.8439,186525.60825,21139.41,
Monte Alegre do Sul,3531209,monte-alegrense,EDSON RODRIGO DE OLIVEIRA CUNHA,110.308,8627,78.21,98.3,0.759,-,27451.17338,24882.21637,27171.17,
Monte Alto,3531308,monte-altense,MARIA HELENA AGUIAR RETTONDINI,346.950,47574,137.12,98.6,0.768,12.85,136384.82479,122760.62639,42768.66,
Monte Apraz&iacute;vel,3531407,monte-aprazivelense,MARCIO LUIZ MIGUEL,495.559,22280,44.96,98.8,0.785,3.83,66523.95899,59848.47029,28628.40,
Monte Azul Paulista,3531506,monte-azulense,MARCELO OTAVIANO DOS SANTOS,263.462,18151,68.89,98.6,0.753,15,70925.69797,66870.12515,30524.56,
Monte Castelo,3531605,monte-castelense,EDSON CARLOS OLIVEIRA DA SILVA,233.547,4222,18.08,98.2,0.741,-,22572.16981,18067.72349,28538.00,
Monteiro Lobato,3531704,lobatense,EDMAR JOS&Eacute; DE ARA&Uacute;JO,332.742,4138,12.44,96.5,0.710,-,18487.1924,15226.56083,15520.44,
Monte Mor,3531803,monte-morense,EDIVALDO ANT&Ocirc;NIO BRISCHI,240.566,64662,268.79,97.2,0.733,9.38,208286.3551,188798.01223,60631.74,
Morro Agudo,3531902,morro-agudense,VINICIUS CRUZ DE CASTRO,1388.127,27933,20.12,95.9,0.712,2.87,131625.99598,118383.03824,39948.70,
Morungaba,3532009,morungabense,MARCO ANTONIO DE OLIVEIRA,146.752,13788,93.95,97.4,0.715,12.2,42617.22848,36025.19595,40010.09,
Motuca,3532058,motuquense,JO&Atilde;O RICARDO FASCINELI,228.700,4034,17.64,95.4,0.741,25.64,20086.85249,16600.73756,23109.30,
Murutinga do Sul,3532108,murutinguense,CRISTIANO ELEUTERIO SOARES DA SILVA,250.873,3737,14.90,96.4,0.726,-,19191.17473,17259.01202,18923.62,
Nantes,3532157,nantense,AURELIO PEREIRA DOS SANTOS,286.647,2660,9.28,98.7,0.714,25.64,18811.41613,17735.56037,39735.98,
Narandiba,3532207,narandibense,ITAMAR DOS SANTOS SILVA,357.325,5713,15.99,98.9,0.718,13.7,29968.19232,25844.00546,53533.41,
Natividade da Serra,3532306,nativense,EVAIL AUGUSTO DOS SANTOS,833.372,6999,8.40,98.8,0.655,18.87,27184.7205,23809.02274,12955.03,
Nazar&eacute; Paulista,3532405,nazareano,CANDIDO MURILO PINHEIRO RAMOS,326.254,18217,55.84,96.9,0.678,14.42,57140.66224,52964.56192,22161.94,
Neves Paulista,3532504,nevense,MARCIO ROGERIO RODRIGUES DOS SANTOS,219.050,9690,44.24,99.7,0.754,-,30049.25058,25781.79133,27337.56,
Nhandeara,3532603,nhandearense,JOS&Eacute; ADALTO BORINI,436.159,9852,22.59,97.7,0.751,-,35956.77035,31429.29041,30672.95,
Nipo&atilde;,3532702,nipoense,JOS&Eacute; PEDRO RAMPIM,137.609,4750,34.52,99.2,0.713,-,18105.42821,15647.0168,17541.46,
Nova Alian&ccedil;a,3532801,nova-aliancense,JURANDIR BARBOSA DE MORAIS,217.515,6693,30.77,99.2,0.738,-,26103.39249,22269.94351,32914.63,
Nova Campina,3532827,nova campinense,JUCEMARA FORTES DO NASCIMENTO,385.375,8497,22.05,99.7,0.651,24.59,29547.96244,24233.46827,13935.37,
Nova Cana&atilde; Paulista,3532843,novacanaense,THAIS CRISTINA COSTA MOREIRA,124.473,2032,16.32,98.8,0.715,-,15723.42712,12571.09646,24780.14,
Nova Castilho,3532868,castilhense,LUCIO MAURO GARCIA,183.396,1062,5.79,100,0.756,-,15879.04919,13113.45443,43126.88,
Nova Europa,3532900,nova-europense,LUIZ CARLOS DOS SANTOS,160.250,9311,58.10,100,0.765,22.56,37237.12013,31643.12851,30597.78,
Nova Granada,3533007,granadense,TANIA LIANA TOLEDO YUGAR,531.796,19419,36.52,98.6,0.739,4.05,51162.29588,46103.99641,22244.24,
Nova Guataporanga,3533106,guataporanguense,VAGNER ALVES DE LIMA,34.158,2156,63.12,99.3,0.726,34.48,17113.04869,12598.9717,15644.97,
Nova Independ&ecirc;ncia,3533205,independentino,FERNANDO MACCHI SANTANA,265.029,4609,17.39,98,0.735,21.28,27217.044,22616.214,45711.00,
Novais,3533254,novaense,PAULO CESAR DIAS PINHEIRO,117.772,4412,37.46,100,0.719,-,18418.87984,16452.99792,12628.79,
Nova Luzit&acirc;nia,3533304,luzitaniense,MIGUEL JOS&Eacute; ARA&Uacute;JO JUNIOR,73.816,2837,38.43,98.6,0.743,-,18537.40846,14766.97035,13099.81,
Nova Odessa,3533403,novaodessense,CLAUDIO JOSE SCHOODER,73.788,62019,840.50,98.4,0.791,8.05,183777.99214,159548.46645,59835.06,
Novo Horizonte,3533502,novo-horizontino,FABIANO DE MELLO BELENTANI,931.743,38324,41.13,97.7,0.753,6.99,120993.78292,108581.42886,33667.81,
Nuporanga,3533601,nuporanguense,DANIEL VIANA MELO,348.265,7391,21.22,97.8,0.746,11.63,38882.6448,34004.59141,96727.85,
Ocau&ccedil;u,3533700,ocau&ccedil;uense,JO&Atilde;O BENEDITO COSTA E SILVA,301.036,4331,14.39,97.7,0.717,-,19503.1206,15190.34513,41703.96,
&Oacute;leo,3533809,oleense,JORD&Atilde;O ANT&Ocirc;NIO VIDOTTO,198.938,2509,12.61,98.9,0.730,-,15328.65079,12535.71264,52080.97,
Ol&iacute;mpia,3533908,olimpiense,FERNANDO AUGUSTO CUNHA,802.555,55075,68.62,97.4,0.773,9.29,236517.37307,192876.92923,38556.17,
Onda Verde,3534005,onda-verdense,FABRICIO PIRES DE CARVALHO,242.946,4771,19.64,98.7,0.738,17.86,24069.66537,21217.26279,42910.33,
Oriente,3534104,orientense,GERALDO MATHEUS MORIS,218.668,6085,27.83,97.2,0.770,-,19242.27146,16917.37038,17248.51,
Orindi&uacute;va,3534203,orindiuvense,MIRELI CRISTINA LEITE RUVI&Eacute;RI MARTINS,247.378,6024,24.35,99.3,0.767,-,40163.58444,33719.30236,71673.06,
Orl&acirc;ndia,3534302,orlandino,SERGIO AUGUSTO BORDIN JUNIOR,291.765,38319,131.34,98.3,0.780,9.37,173941.85908,137410.76196,49149.65,
Osasco,3534401,osasquense,ROGERIO LINS WANDERLEY,64.954,743432,11445.52,96,0.776,10.66,2238608.11298,2035364.62372,109025.60,
Oscar Bressane,3534500,bressanense,LUIZ ANTONIO ROMANO,222.130,2470,11.12,96.7,0.749,-,16277.63983,14129.58953,40201.94,
Osvaldo Cruz,3534609,osvaldo-cruzense,VERA LUCIA ALVES,248.038,31272,126.08,97.6,0.762,21.81,82432.6617,70501.1321,30084.86,
Ourinhos,3534708,ourinhense,LUCAS POCAY ALVES DA SILVA,295.818,103970,351.47,98.2,0.778,6.88,368729.08913,331727.83127,30644.05,
Ouroeste,3534757,ouroestense,ALEX GARCIA SAKATA,288.648,10294,35.66,99.7,0.770,-,78183.63605,60533.81886,56559.54,
Ouro Verde,3534807,ouro-verdense,CLAUDINEI DOS SANTOS,266.778,7779,29.16,97.3,0.692,20.83,25262.11619,22785.32283,14774.60,
Pacaembu,3534906,pacaembuense,JOAO FRANCISCO MUGNAI NEVES,339.375,14877,43.84,98.9,0.725,9.17,41863.00654,37821.93239,14451.79,
Palestina,3535002,palestinense,REINALDO APARECIDO DA CUNHA,697.701,11476,16.45,96.6,0.732,7.41,41826.13912,35921.85359,32720.96,
Palmares Paulista,3535101,palmarense,LUCAS APARECIDO DA ASSUM&Ccedil;&Atilde;O,82.125,9650,117.50,98.2,0.722,-,28222.15482,24820.58274,9736.03,
Palmeira d'Oeste,3535200,palmeirense,REINALDO SAVAZI,318.740,8903,27.93,98.5,0.753,31.91,27828.46216,23935.15202,22351.67,
Palmital,3535309,palmitalense,LUIS GUSTAVO MENDES MORAES,548.407,19594,35.73,97.2,0.746,4.67,82329.60384,70594.61925,37083.62,
Panorama,3535408,panoramense,CARLOS HIROCI OUTI,356.050,14964,42.03,95.8,0.722,5.65,44391.46296,42264.69893,18823.28,
Paragua&ccedil;u Paulista,3535507,paragua&ccedil;uense,ANTONIO TAKASHI SASADA,1001.492,40989,40.93,99.4,0.762,11.45,154327.25499,139277.28116,35826.34,
Paraibuna,3535606,paraibunense,VICTOR DE CASSIO MIRANDA,809.576,17667,21.82,97.2,0.719,5.13,66686.02864,56151.49568,17820.53,
Para&iacute;so,3535705,paraisense,WALDOMIRO ANTONIO SGOBI,155.186,6099,39.30,99.1,0.749,18.87,31973.66678,25235.23892,41028.26,
Paranapanema,3535804,paranapanemense,RODOLFO HESSEL FANGANIELLO,1018.724,19395,19.04,98.1,0.717,3.8,92270.42715,82761.08345,43854.47,
Paranapu&atilde;,3535903,paranapuense,DANIEL JUNIOR DURAN PINATTO,140.354,4031,28.72,98.4,0.732,-,19551.04085,15071.36206,35790.56,
Parapu&atilde;,3536000,parapuense,GILMAR MARTIN MARTINS,366.664,10580,28.85,98.9,0.737,-,33595.1357,30045.81067,58484.77,
Pardinho,3536109,pardinhense,JOSE LUIZ VIRGINIO DOS SANTOS,209.894,7153,34.08,98.3,0.727,12.82,33642.32737,28803.40729,49551.58,
Pariquera-A&ccedil;u,3536208,pariquerense,WAGNER BENTO DA COSTA,359.414,19233,53.51,97.1,0.736,7.09,47577.06273,42793.7438,27070.89,
Parisi,3536257,parasiano,OCLAIR BARAO BENTO,84.737,2892,34.13,99.6,0.721,34.48,17670.99827,14662.02813,24580.93,
Patroc&iacute;nio Paulista,3536307,patrocinense,JOSE MAURO BARCELLOS,602.848,14488,24.03,97.8,0.730,11.24,60479.20741,46915.10802,77726.47,
Paulic&eacute;ia,3536406,pauliceiense,ANTONIO SIMONATO,374.091,7955,21.26,94,0.711,30,32388.08958,29943.55696,26438.10,
Paul&iacute;nia,3536505,paulinense,EDNILSON CAZELLATO,138.777,110537,796.51,97.9,0.795,9.83,1489238.68636,1184810.35885,344390.47,
Paulist&acirc;nia,3536570,paulistaniense,PAULO AUGUSTO GRANCHI,256.178,2090,8.16,97.5,0.718,-,16317.83815,14226.11792,23531.20,
Paulo de Faria,3536604,paulo-fariense,MARIO DE FELICIO NETO,737.986,7400,10.03,98.5,0.725,10.75,40555.42368,33910.73375,34305.14,
Pederneiras,3536703,pederneirense,IVANA MARIA BERTOLINI CAMARINHA,727.482,44827,61.62,98.3,0.739,3.98,131255.01306,117798.19984,49543.21,
Pedra Bela,3536802,pedra-belense,ALVARO JESIEL DE LIMA,158.587,6557,41.35,95.8,0.677,-,19836.18553,18808.2233,17589.55,
Pedran&oacute;polis,3536901,pedranopolense,MARCOS ADRIANO DA SILVA,260.101,2787,10.72,100,0.742,-,21166.27033,15805.77599,29421.47,
Pedregulho,3537008,pedregulhense,DIRCEU POLO FILHO,712.604,15525,21.79,98.4,0.715,5.26,52048.67802,44310.0593,79768.40,
Pedreira,3537107,pedreirense,F&Aacute;BIO VINICIUS POLIDORO,108.817,43112,396.19,98.1,0.769,13.7,137402.6991,124707.24961,28449.80,
Pedrinhas Paulista,3537156,pedrinhense,FREDDIE COSTA NICOLAU,152.309,2804,18.41,97.3,0.774,-,19656.97603,16963.78292,51571.92,
Pedro de Toledo,3537206,toledense,ELEAZAR MUNIZ JUNIOR,670.440,11281,16.83,99.3,0.696,9.62,34703.98334,32345.07501,14566.04,
Pen&aacute;polis,3537305,penapolitano,CARLOS HENRIQUE ROSSI CATALANI,711.315,61679,86.71,98.7,0.759,6.94,176756.03602,162096.10449,26791.67,
Pereira Barreto,3537404,pereira-barretense,JO&Atilde;O DE ALTAYR DOMINGUES,974.247,24095,24.73,98.1,0.766,20.58,95814.24479,82713.09802,35465.18,
Pereiras,3537503,pereirense,MIGUEL TOMAZELA,223.136,8659,38.81,96.8,0.736,21.74,27053.68325,23475.77323,32546.19,
Peru&iacute;be,3537602,peruibense,LUIZ MAURICIO PASSOS DE CARVALHO PEREIRA,326.216,68344,209.51,98.6,0.749,7.39,247307.03255,224949.07246,23748.49,
Piacatu,3537701,piacatuense,RICARDO FRANCISCO LEMES DA SILVA,232.488,5519,23.74,97.5,0.732,-,21984.23647,19236.73174,17472.66,
Piedade,3537800,piedadense,GERALDO PINTO DE CAMARGO FILHO,746.868,52970,70.92,95.6,0.716,9.06,122533.49585,111859.32081,27373.56,
Pilar do Sul,3537909,pilarense,MARCO AUR&Eacute;LIO SOARES,681.248,27611,40.53,93.8,0.690,-,73533.53137,65266.58378,29193.44,
Pindamonhangaba,3538006,pindamonhangabense,ISAEL DOMINGUES,731.355,165428,226.19,98.2,0.773,10.71,437265.7743,398565.0337,53100.44,
Pindorama,3538105,pindoramense,GERALDO FELIPPE JUNIOR,184.825,14542,78.68,97.5,0.737,20.55,46751.49637,41310.01861,24522.61,
Pinhalzinho,3538204,pinhalzinhense,PAULO ROG&Eacute;RIO PEREIRA,154.529,15219,98.49,97.8,0.725,5.92,37961.40892,33754.81331,18411.42,
Piquerobi,3538303,piquerobiense,ADRIANA CRIVELLI BIFFE,482.769,3264,6.76,99.4,0.711,-,19036.92464,15693.45974,16684.85,
Piquete,3538501,piquetense,R&Ocirc;MULO KAZIMIERZ LUSZCZYNSKI,175.996,12490,70.97,98.8,0.757,7.81,29722.3304,25437.65315,14751.03,
Piracaia,3538600,piracaiense,JOS&Eacute; SILVINO CINTRA,385.568,26029,67.51,98,0.739,3.16,81669.70253,70592.98437,21467.55,
Piracicaba,3538709,piracicabano,LUCIANO SANTOS TAVARES DE ALMEIDA,1378.069,423323,307.19,97.5,0.785,9.17,1618677.27203,1529177.60687,66722.37,
Piraju,3538808,pirajuense,JOS&Eacute; MARIA COSTA,504.591,29436,58.34,98.3,0.758,13.89,88014.55865,80339.40458,28339.07,
Piraju&iacute;,3538907,pirajuiense,CESAR HENRIQUE DA CUNHA FIALA,823.758,22431,27.23,97.3,0.749,14.15,64791.56603,55508.57773,19177.77,
Pirangi,3539004,piranginense,ANGELA MARIA BUSNARDO,215.809,10885,50.44,97.8,0.756,-,35355.15179,29584.45405,33609.26,
Pirapora do Bom Jesus,3539103,piraporano,DANY WILIAN FLORESTI,108.489,18370,169.33,97.5,0.727,16.48,58017.85572,53875.6971,27289.38,
Pirapozinho,3539202,pirapozense,VALDIR ASSEF,477.673,25348,53.07,98.8,0.776,15.21,73783.01617,66258.08534,34855.11,
Pirassununga,3539301,pirassununguense,MILTON DIMAS TADEU URBAN,727.118,73545,101.15,98.2,0.801,4.87,222456.69896,213997.23691,40574.94,
Piratininga,3539400,piratiningano,JORGE LUIS DIAS,402.409,15107,37.54,98.4,0.779,-,45924.28939,36606.63632,18560.91,
Pitangueiras,3539509,pitangueirense,MARCOS AUR&Eacute;LIO SORIANO,430.638,33674,78.20,99,0.723,11.79,118854.89297,103477.89997,31905.74,
Planalto,3539608,planaltense,OLIMPIO SEVERINO DA SILVA,289.825,4389,15.14,99.2,0.719,-,26937.60005,22545.37217,34039.30,
Platina,3539707,platinense,WAGNER ROBERTO DE LIMA,327.480,3030,9.25,98.5,0.719,25,18777.85413,16151.93922,35648.22,
Po&aacute;,3539806,poaense,MARCIA TEIXEIRA BIN DE SOUZA,17.264,103765,6010.48,97.6,0.771,13.17,446332.87975,394505.8237,27988.40,
Poloni,3539905,poloniense,WALDENOR MONTANARI JUNIOR,135.120,5592,41.39,99.5,0.766,14.71,2550.94264,1941.40428,23514.95,
Pomp&eacute;ia,3540002,pompeiano,ISABEL CRISTINA ESCORCE JANU&Aacute;RIO,784.674,20196,25.74,98.6,0.786,-,87731.5226,73945.40026,67957.72,
Ponga&iacute;,3540101,pongaiense,GILHIARD HENRIQUE DE BORTOLI,183.399,3395,18.51,97.4,0.755,-,17231.881,15468.44883,24953.38,
Pontal,3540200,pontalense,JOSE CARLOS NEVES SILVA,356.371,37607,105.53,94.5,0.725,11.41,91779.76343,91504.81147,25641.45,
Pontalinda,3540259,pantalindense,SISINIO DE OLIVEIRA LEAO,209.525,4127,19.70,98.3,0.702,-,20419.78372,18652.77949,18316.11,
Pontes Gestal,3540309,pontes-gestalense,ESMERALDO CRISTIANO CAROLINO,217.505,2387,10.97,97.8,0.732,-,25833.2794,22417.52102,39650.92,
Populina,3540408,populinense,ADAUTO SEVERO PINTO,315.938,4127,13.06,99.6,0.714,24.39,23913.86681,21750.22199,26386.62,
Porangaba,3540507,porangabense,JO&Atilde;O CARLOS ALVES BARROS,265.689,10451,39.34,94.7,0.703,22.73,26940.34188,24038.70298,20004.98,
Porto Feliz,3540606,porto-felicense,ANTONIO C&Aacute;SSIO HABICE PRADO,556.706,56497,101.48,98.2,0.758,8.81,237880.26644,207343.70731,58738.35,
Porto Ferreira,3540705,ferreirense,R&Ocirc;MULO LUIS DE LIMA RIPA,244.906,52649,214.98,98.1,0.751,20.75,184540.6666,158623.32425,40437.61,
Potim,3540754,potinense,ERICA SOLER SANTOS DE OLIVEIRA,44.643,20392,456.78,99.3,0.697,11.49,44646.05728,40499.58409,10395.45,
Potirendaba,3540804,potirendabano,GISLAINE MONTANARI FRANZOTTI,342.492,18496,54.00,98,0.747,18.87,62696.58066,56524.12938,33595.64,
Pracinha,3540853,pracinhense,MAURILEI APARECIDO DIAS DA SILVA,63.054,2578,40.89,100,0.696,66.67,12402.08938,10838.80943,8517.42,
Prad&oacute;polis,3540903,pradopolense,SILVIO MARTINS,167.378,17078,102.03,96.3,0.733,25.64,70105.62358,57915.05729,48858.20,
Praia Grande,3541000,praia-grandense,RAQUEL AUXILIADORA CHINI,149.652,349935,2338.32,96.9,0.754,10.52,1416820.99938,1282662.66264,24522.77,
Prat&acirc;nia,3541059,pratino,DAVI PIRES BATISTA,175.100,5126,29.27,97.7,0.701,13.16,20636.81564,18425.79704,21800.46,
Presidente Alves,3541109,alvense,CRISTIANO DOS SANTOS,286.642,3804,13.27,98.9,0.735,22.22,16403.63642,13997.72865,17819.12,
Presidente Bernardes,3541208,bernardense,REGINALDO LUIZ ERNESTO CARDILO,749.233,14490,19.34,98.5,0.757,18.18,44621.55147,39355.06732,28001.53,
Presidente Epit&aacute;cio,3541307,epitaciano,CASSIA REGINA ZAFFANI FURLAN,1260.281,39505,31.35,98.8,0.750,15.49,100762.90249,87479.82225,21529.73,
Presidente Prudente,3541406,prudentino,EDSON TOMAZINI,560.637,225668,402.52,97.8,0.806,9.37,683206.23001,646552.34024,36926.23,
Presidente Venceslau,3541505,venceslauense,BARBARA MEDEIROS VILCHES,755.203,35201,46.61,98.6,0.763,8.24,126626.58684,117611.84149,19800.54,
Promiss&atilde;o,3541604,promissense,ARTUR MANOEL NOGUEIRA FRANCO,779.200,35131,45.09,96.7,0.743,7.59,115005.84254,96701.77294,50155.74,
Quadra,3541653,quadrense,LHEONIDES DE OLIVEIRA ANDRADE,205.672,3405,16.56,98.3,0.678,-,20917.41061,18426.21274,32569.21,
Quat&aacute;,3541703,quataense,MARCELO DE SOUZA PECCHIO,651.341,13163,20.21,98.7,0.738,25.81,49974.77317,44181.77808,52388.45,
Queiroz,3541802,queirozense,WALTER RODRIGO DA SILVA,234.914,3265,13.90,98.1,0.715,-,22185.9865,19082.98897,251248.25,
Queluz,3541901,queluzense,LAURINDO JOAQUIM DA SILVA GARCEZ,249.399,9159,36.72,98,0.722,-,38623.04826,33674.43423,25405.90,
Quintana,3542008,quintanense,FERNANDO BRANCO NUNES,318.937,7038,22.07,98.1,0.732,-,25965.38474,22321.00397,32808.10,
Rafard,3542107,rafardense,F&Aacute;BIO DOS SANTOS,121.645,8965,73.70,98.3,0.745,-,40615.26321,34699.74755,42152.02,
Rancharia,3542206,ranchariense,MARCOS SLOBODTICOV,1587.498,28588,18.01,97.5,0.751,19.13,97943.57859,85198.20751,44488.36,
Reden&ccedil;&atilde;o da Serra,3542305,rendencense,JUCIMAR FERREIRA DA SILVA,309.441,4494,14.52,95.2,0.657,22.22,17915.64921,15779.90827,16260.01,
Regente Feij&oacute;,3542404,regentense,ANDR&Eacute; MARCELO ZUQUERATO DOS SANTOS,263.280,20145,76.52,98.8,0.768,4.72,62778.31766,57647.13876,41693.55,
Regin&oacute;polis,3542503,reginopolitano,RONALDO DA SILVA CORREA,410.406,7662,18.67,98.8,0.728,18.18,26825.04292,21589.24047,17986.08,
Registro,3542602,registrense,NILTON JOSE HIROTA DA SILVA,722.201,59946,83.00,97.3,0.754,14.47,183948.63276,163562.12876,38784.03,
Restinga,3542701,restinguense,KARLA MONTAGNINI FERRACIOLI,245.746,6404,26.06,98.6,0.705,16.95,27764.77117,24473.16489,25122.82,
Ribeira,3542800,ribeirense,ARI DO CARMO SANTOS,335.759,3132,9.33,97,0.698,-,17956.11432,15014.25486,16268.78,
Ribeir&atilde;o Bonito,3542909,ribeir&atilde;o-bonitense,ANTONIO CARLOS CAREGARO,471.553,10989,23.30,98.7,0.712,7.63,37513.44987,33540.51695,25989.86,
Ribeir&atilde;o Branco,3543006,ribeir&atilde;o-branquense,MAURO JOSE TEIXEIRA,697.500,18627,26.71,97.5,0.639,6.94,46317.57908,38963.85758,31592.42,
Ribeir&atilde;o Corrente,3543105,ribeir&atilde;o-correntense,ANA LOURINETE COSTA LOBO MONTANHER,148.332,4608,31.07,100,0.711,16.39,21819.42408,19577.53411,36876.67,
Ribeir&atilde;o do Sul,3543204,ribeir&atilde;o-sulense,SALMA APARECIDA MEROTO BEFFA,203.208,4677,23.02,99,0.747,17.54,21555.29534,18929.58248,44291.74,
Ribeir&atilde;o dos &Iacute;ndios,3543238,ribeirindio,JOSE AMAURI LENZONI,196.446,2025,10.31,98.6,0.721,-,16031.01851,12544.09571,19023.38,
Ribeir&atilde;o Grande,3543253,ribeir&atilde;o grandense,MARCELO LUIS NUNES,333.363,7450,22.35,96.8,0.705,-,30160.19922,24670.96158,28500.12,
Ribeir&atilde;o Pires,3543303,ribeir&atilde;o-pirense,LUIZ GUSTAVO PINHEIRO VOLPI,98.972,115559,1167.59,97.4,0.784,8.72,295223.17612,273711.16042,26911.94,
Ribeir&atilde;o Preto,3543402,ribeir&atilde;o-pretano,ANTONIO DUARTE NOGUEIRA JUNIOR,650.916,698259,1072.73,96.9,0.800,7.12,2888565.2922,2497642.50729,49476.86,
Riversul,3543501,riversulense,JOSE GUILHERME GOMES,385.878,5599,14.51,95.9,0.664,13.16,18672.10,18032.81346,15647.08,
Rifaina,3543600,rifainense,HUGO CESAR LOUREN&Ccedil;O,162.508,4049,24.92,99.2,0.740,20,33617.0077,27802.57514,47707.81,
Rinc&atilde;o,3543709,rinconense,BRAZ RODRIGUES,316.639,9098,28.73,98.2,0.734,8.85,31872.72117,29170.87756,19419.63,
Rin&oacute;polis,3543808,rinopolense,JOSE FERREIRA DE OLIVEIRA NETO,358.481,9259,25.83,98.6,0.723,29.7,29172.65856,25769.17976,30432.07,
Rio Claro,3543907,rio-clarense,GUSTAVO RAMOS PERISSINOTTO,498.422,201418,404.11,98.2,0.803,11.16,803525.41222,732412.03469,54960.37,
Rio das Pedras,3544004,rio-pedrense,MARCOS BUZETTO,226.657,31328,138.22,98.4,0.759,23.26,102407.19133,94627.13742,40991.88,
Rio Grande da Serra,3544103,riogranserrense ou  serrano ou riogransense,CLAUDIO MANOEL MELO,36.341,44170,1215.43,98.2,0.749,7.53,88976.07302,72897.05085,16478.41,
Riol&acirc;ndia,3544202,riolandense,ANTONIO CARLOS SANTANA DA SILVA,631.897,10309,16.31,96.7,0.703,7.94,38925.72303,34885.75768,19390.50,
Rosana,3544251,rosanense,SILVIO GABRIEL,744.011,17440,23.44,98.1,0.764,4.46,93680.95622,80955.72407,139866.39,
Roseira,3544301,roseirense,FERNANDO AUGUSTO DE SIQUEIRA,129.847,10832,83.42,98.7,0.737,16.26,33895.39412,30019.64446,31343.26,
Rubi&aacute;cea,3544400,rubiacense,JULIO CESAR FELISMINO,236.484,2700,11.42,99.5,0.721,-,16706.3947,13229.27953,25797.93,
Rubin&eacute;ia,3544509,rubineiense,OSVALDO LUGATO FILHO,242.877,3833,15.78,100,0.759,-,25539.42748,20094.32874,27886.15,
Sabino,3544608,sabinense,EDER RUIZ MAGALH&Atilde;ES DE ANDRADE,305.285,5112,16.75,97.2,0.728,-,24381.55714,21003.27135,24101.52,
Sagres,3544707,sagrense,ROBERTO BATISTA PIRES,147.935,2474,16.72,99.2,0.730,-,14008.8457,11507.6192,19126.62,
Sales,3544806,salense,JOSEMAR FRANCISCO DE ABREU,308.555,6437,20.86,100,0.751,-,32637.57083,27150.44214,24305.17,
Sales Oliveira,3544905,salense,F&Aacute;BIO GODOY GRATON,305.776,11411,37.32,98.8,0.772,7.87,44247.32066,36537.91764,34355.62,
Sales&oacute;polis,3545001,salesopolense,VANDERLON OLIVEIRA GOMES,424.997,15202,35.77,98.4,0.732,9.9,42345.10216,38244.98838,14161.31,
Salmour&atilde;o,3545100,salmourense,JOS&Eacute; LUIZ ROCHA PERES,172.934,4808,27.80,98.3,0.719,-,16370.61593,14503.4334,15588.91,
Saltinho,3545159,saltinhense,HELIO FRANZOL BERNARDINO,99.738,8161,81.82,96.8,0.791,35.71,28672.08886,24642.91731,34833.08,
Salto,3545209,saltense,LAERTE SONSIN J&Uacute;NIOR,133.057,134319,1009.48,98.4,0.780,9.13,354244.64005,322255.9574,65188.56,
Salto de Pirapora,3545308,saltense,MATHEUS MARUM DE CAMPOS,280.412,43748,156.01,98.6,0.729,4.05,131729.43224,119093.116,45907.40,
Salto Grande,3545407,salto-grandense,MARIO LUCIANO ROSA,188.441,9050,48.03,96.5,0.704,8.77,29971.47426,26332.54072,28643.94,
Sandovalina,3545506,sandovalino ou sandovalinense,FRANCISCO MENDES DA SILVA,455.856,3645,8.00,98.2,0.709,-,32307.83146,25945.94712,100309.54,
Santa Ad&eacute;lia,3545605,santa-adeliense,GUILHERME COLOMBO DA SILVA,330.269,14018,42.44,100,0.760,6.85,45504.82836,41282.03322,22906.00,
Santa Albertina,3545704,santa-albertinense,GERSON FORMIGONI JUNIOR,272.692,6393,23.44,98.8,0.728,-,28804.62392,25666.63718,35341.71,
Santa B&aacute;rbara d'Oeste,3545803,barbarense,RAFAEL PIOVEZAN,271.030,183347,676.48,98.4,0.781,10.35,525487.17725,508262.75516,33335.49,
Santa Branca,3546009,santa-branquense,ADRIANO MARCHESANI LEVORIN,272.238,13975,51.33,98.8,0.735,6.85,46517.46241,43004.41533,19156.30,
Santa Clara d'Oeste,3546108,santa-clarense,JOSE BASILIO DE FARIA,183.458,2598,14.16,98.5,0.733,-,17757.40355,15312.84899,35018.03,
Santa Cruz da Concei&ccedil;&atilde;o,3546207,santa-cruzense,CARLOS EDUARDO ARANHA DE ALBUQUERQUE,150.130,4277,28.49,99.6,0.790,-,23274.35012,21752.71564,31703.34,
Santa Cruz da Esperan&ccedil;a,3546256,santacruzense,MARCOS ANTONIO BAZILIO,148.062,2116,14.29,86.2,0.743,-,15779.04758,14680.03002,29654.98,
Santa Cruz das Palmeiras,3546306,palmeirense,JOS&Eacute; CRECENTINO BUSSAGLIA,295.337,28864,97.73,97.3,0.728,5.71,79313.66173,75085.50382,16700.79,
Santa Cruz do Rio Pardo,3546405,santa-cruzense,DIEGO HENRIQUE SINGOLANI COSTA,1114.747,46442,41.66,96.3,0.762,14.85,156934.14578,140035.27044,50673.64,
Santa Ernestina,3546504,santa-ernestinense,MARCELO APARECIDO VERONEZI,134.421,6118,45.51,99.2,0.738,-,20029.97331,17142.22391,19013.15,
Santa F&eacute; do Sul,3546603,santa-f&eacute;-sulense,EVANDRO FARIAS MURA,206.537,34794,168.46,97.9,0.784,7.5,156348.19314,143270.66428,38953.74,
Santa Gertrudes,3546702,santa-gertrudense,LAZARO NOE DA SILVA,98.291,23611,240.22,98.3,0.737,6.25,105948.38071,95702.11402,98302.42,
Santa Isabel,3546801,isabelense,CARLOS AUGUSTO CHINCHILLA ALFONZO,363.332,53174,146.35,97.8,0.738,6.14,151362.75039,139020.52821,27755.97,
Santa L&uacute;cia,3546900,santa-luciense,LUIZ ANTONIO NOLI,153.860,7149,46.46,98.6,0.737,-,21826.35578,17968.46151,14199.98,
Santa Maria da Serra,3547007,serrense,JOSIAS ZANI NETO,252.621,5243,20.75,97.5,0.686,14.49,22804.66772,18588.87639,22019.43,
Santa Mercedes,3547106,mercedense,VALDIR VERONA,166.753,2956,17.73,98.8,0.739,-,15161.8698,13558.66328,21064.07,
Santana da Ponte Pensa,3547205,santanense-da-ponte-pensa,VAGNER HERNANDES,129.888,1670,12.86,100,0.773,142.86,13968.35312,11138.00382,28238.12,
Santana de Parna&iacute;ba,3547304,parnaibano,ANTONIO MARCOS BATISTA PEREIRA,179.949,154105,856.38,97.3,0.814,5.42,923581.45122,694322.6095,69580.95,
Santa Rita d'Oeste,3547403,santa-ritense,OSMAR SAMPAIO,209.800,2733,13.03,100,0.761,-,19386.20853,15557.07891,26935.39,
Santa Rita do Passa Quatro,3547502,santa-ritense,MARCELO SIM&Atilde;O,754.141,24833,32.93,97.8,0.775,16.81,80902.27423,79463.84533,27501.67,
Santa Rosa de Viterbo,3547601,santa-rosense,OMAR NAGIB MOUSSA,288.576,23411,81.13,97.9,0.770,9.48,68601.56295,61035.55143,28491.25,
Santa Salete,3547650,saletense,JEDER FABIANO SANTIAGO SOUZA,79.192,1645,20.77,100,0.772,-,14764.64508,12880.79665,25484.81,
Santo Anast&aacute;cio,3547700,anastaciano,JOS&Eacute; BONILHA SANCHES,552.876,17963,32.49,98.5,0.753,25.51,50984.43585,44063.92075,24002.08,
Santo Andr&eacute;,3547809,andreense,PAULO HENRIQUE PINTO SERRA,175.782,748919,4260.50,97.4,0.815,8.61,2493588.87628,2301852.31093,40812.01,
Santo Ant&ocirc;nio da Alegria,3547908,alegriense,RICARDO DA SILVA SOBRINHO,310.311,6775,21.83,97.5,0.702,12.05,25078.04394,22013.69989,26755.01,
Santo Ant&ocirc;nio de Posse,3548005,possense,JO&Atilde;O LEANDRO LOLLI,154.133,23244,150.80,97.3,0.702,11.03,99441.30049,76994.72169,67655.55,
Santo Ant&ocirc;nio do Aracangu&aacute;,3548054,aracanguaense,ROBERTO DON&Aacute;,1308.432,8379,6.40,98.9,0.757,26.32,46586.21956,41167.92738,29881.54,
Santo Ant&ocirc;nio do Jardim,3548104,jardinense,OSVALDO MOREIRA,109.956,6126,55.71,97,0.714,-,20805.41817,16226.15253,32967.09,
Santo Ant&ocirc;nio do Pinhal,3548203,pinhalense,ANDERSON JOS&Eacute; MENDON&Ccedil;A,133.008,7133,53.63,98.3,0.706,-,26086.65888,24843.80549,19014.90,
Santo Expedito,3548302,expeditense,ANDERSON JOS&Eacute; BETIO,94.465,3000,31.76,99.1,0.732,-,13758.90394,11678.4444,14345.24,
Sant&oacute;polis do Aguape&iacute;,3548401,santopolitano,HAROLDO ALVES PIO,128.026,3899,30.45,98.6,0.740,-,17610.05984,14498.99071,14977.59,
Santos,3548500,santista,ROGERIO PEREIRA DOS SANTOS,281.033,418608,1489.53,98.2,0.840,7.84,2639959.07834,2489780.313,50901.03,
S&atilde;o Bento do Sapuca&iacute;,3548609,sambentista,ANA CATARINA MARTINS BONASSI,252.579,11684,46.26,98.5,0.720,-,33856.89703,29643.38366,21921.97,
S&atilde;o Bernardo do Campo,3548708,s&atilde;o-bernardense,ORLANDO MORANDO JUNIOR,409.532,810729,1979.65,97.6,0.805,8.95,3962694.35675,3574828.53686,57566.99,
S&atilde;o Caetano do Sul,3548807,sul-caetanense,JOS&Eacute; AURICCHIO J&Uacute;NIOR,15.331,165655,10805.23,97.4,0.862,7.21,1332807.60882,1158170.91112,86200.01,
S&atilde;o Carlos,3548906,s&atilde;o-carlense,AIRTON GARCIA FERREIRA,1136.907,254822,224.14,97.9,0.805,8.01,788156.06987,719036.29493,47701.04,
S&atilde;o Francisco,3549003,s&atilde;o-francisquense,SEBASTI&Atilde;O DE OLIVEIRA BAPTISTA,75.579,2602,34.43,100,0.723,-,16083.89271,14377.34253,16960.21,
S&atilde;o Jo&atilde;o da Boa Vista,3549102,s&atilde;o-joanense,MARIA TERESINHA DE JESUS PEDROZA,516.399,92535,179.19,97.2,0.797,12.11,343289.08186,313947.32844,37525.37,
S&atilde;o Jo&atilde;o das Duas Pontes,3549201,s&atilde;o-joanense,JOSE CARLOS CEZARE,129.462,2580,19.93,99.4,0.720,-,16496.92245,13687.6726,19248.26,
S&atilde;o Jo&atilde;o de Iracema,3549250,iracemense,VALDIR CANDIDO RIBEIRO,178.396,1846,10.35,98.1,0.748,-,17549.35515,14818.82878,22015.34,
S&atilde;o Jo&atilde;o do Pau d'Alho,3549300,s&atilde;o-joanense,FERNANDO BARBERINO,117.665,2242,19.05,99.2,0.750,62.5,14784.83723,12264.72769,26353.84,
S&atilde;o Joaquim da Barra,3549409,joaquinense,WAGNER JOS&Eacute; SCHMIDT,410.863,48558,118.19,96.7,0.762,7.37,127850.56901,117250.73056,36015.43,
S&atilde;o Jos&eacute; da Bela Vista,3549508,bela-vistense,WALTER CASSIO CARVALHO FACCIROLLI,276.952,7626,27.54,97.9,0.693,-,26119.83908,24214.29063,20514.40,
S&atilde;o Jos&eacute; do Barreiro,3549607,barreirense,ALEXANDRE DE SIQUEIRA BRAGA,570.685,3853,6.75,95.5,0.684,46.51,20799.15331,17636.31202,14539.84,
S&atilde;o Jos&eacute; do Rio Pardo,3549706,rio-pardense,MARCIO CALLEGARI ZANETTI,419.684,52204,124.39,97.6,0.774,15.46,179275.76725,162631.64764,39312.39,
S&atilde;o Jos&eacute; do Rio Preto,3549805,rio-pretense,EDSON EDINHO COELHO ARA&Uacute;JO,431.944,480439,1112.27,98,0.797,8.31,1635000.40112,1485089.01712,40204.08,
S&atilde;o Jos&eacute; dos Campos,3549904,joseense,FELICIO RAMUTH,1099.409,697428,634.37,97.4,0.807,9.44,2855786.77665,2439456.95088,53646.74,
S&atilde;o Louren&ccedil;o da Serra,3549953,s&atilde;o-lourensano,FELIPE GEFERSON SEME AMED,186.456,15984,85.73,97.2,0.728,5.13,40826.834,37170.15235,16622.93,
S&atilde;o Luiz do Paraitinga,3550001,luizense,ANA LUCIA BILARD SICHERLE,617.315,10337,16.75,100,0.697,-,35566.58113,32330.16485,17791.25,
S&atilde;o Manuel,3550100,s&atilde;o-manuelense,RICARDO SALARO NETO,650.734,37289,57.30,97.3,0.744,10.16,130714.72011,114240.6622,31287.58,
S&atilde;o Miguel Arcanjo,3550209,s&atilde;o-miguelense,PAULO RICARDO DA SILVA,930.339,32039,34.44,95.9,0.710,14.01,80296.68934,73105.70149,28157.14,
S&atilde;o Paulo,3550308,paulistano,RICARDO LUIS REIS NUNES,1521.202,11451245,7527.76,96,0.805,10.23,54010996.75963,51414029.07708,60750.09,
S&atilde;o Pedro,3550407,s&atilde;o-pedrense,THIAGO SILVERIO DA SILVA,611.278,38256,62.58,94.8,0.755,5.06,137416.58565,108858.13408,22720.61,
S&atilde;o Pedro do Turvo,3550506,s&atilde;o-pedrense,MARCO AURELIO OLIVEIRA PINHEIRO,731.221,7214,9.87,97.4,0.703,-,29831.91661,25893.61321,30543.88,
S&atilde;o Roque,3550605,s&atilde;o-roquense,MARCOS AUGUSTO ISSA HENRIQUES DE ARAUJO,306.908,79484,258.98,97.6,0.768,6.21,269798.97123,238471.89096,33763.03,
S&atilde;o Sebasti&atilde;o,3550704,sebastianense,FELIPE AUGUSTO,402.395,81540,202.64,98.2,0.772,15.28,683723.61133,641593.19352,37830.81,
S&atilde;o Sebasti&atilde;o da Grama,3550803,gramense,JOSE FRANCISCO MARTHA,252.410,10441,41.37,98.3,0.701,13.16,33598.02654,30368.08808,27140.86,
S&atilde;o Sim&atilde;o,3550902,simonense,MARCOS DANIEL BONAGAMBA,617.252,13442,21.78,99.8,0.766,31.25,54307.19042,48866.35085,30736.27,
S&atilde;o Vicente,3551009,vicentino,KAYO FELYPE NACHTAJLER AMADO,148.151,329844,2226.40,96.7,0.768,12.5,957785.42282,895721.04015,15551.50,
Sarapu&iacute;,3551108,sarapuiano,GUSTAVO DE SOUZA BARROS VIEIRA,352.592,10369,29.41,99,0.707,8.93,28419.51452,26393.32905,17999.89,
Sarutai&aacute;,3551207,sarutaiano,ISNAR FRESCHI SOARES,141.608,3704,26.16,98.7,0.688,-,15520.29483,13116.47751,23613.43,
Sebastian&oacute;polis do Sul,3551306,sebastianopolense,MANOEL ERANI LEITE MAGALHAES,167.848,3130,18.65,99,0.773,-,24045.80127,18813.18047,122735.22,
Serra Azul,3551405,serra-azulense,AUGUSTO FRASSETTO NETO,283.144,12746,45.02,96.9,0.686,34.78,30237.27602,26323.56501,12611.85,
Serrana,3551504,serranense,LEONARDO CARESSATO CAPITELI,126.046,43909,348.36,97.5,0.729,14.04,124393.86169,124130.69363,25930.77,
Serra Negra,3551603,serrano ou serra-negrense,ELMIR KALIL ABI CHEDID,203.734,29894,146.73,97.8,0.767,17.12,102223.79222,93091.80207,25165.64,
Sert&atilde;ozinho,3551702,sertanezino,WILSON FERNANDES PIRES FILHO,403.089,126887,314.79,98.5,0.761,8.95,519898.95916,436472.44101,52255.66,
Sete Barras,3551801,barrense,DEAN ALVES MARTINS,1062.699,12730,11.98,96.1,0.673,15.23,40085.21132,36698.15678,27506.04,
Sever&iacute;nia,3551900,severinense,GL&Aacute;UCIA EMILIA SCATOLIN,140.460,14576,103.77,96,0.715,37.43,56762.33992,53372.90145,14326.81,
Silveiras,3552007,silveirense,GUILHERME CARVALHO DA SILVA,414.782,6186,14.91,98.2,0.678,-,24259.16692,21420.88003,14132.69,
Socorro,3552106,socorrense,JOSU&Eacute; RICARDO LOPES,449.029,40122,89.35,97.7,0.729,12.66,103733.51939,94753.96146,23257.18,
Sorocaba,3552205,sorocabano,RODRIGO MAGANHATO,449.872,723574,1608.40,98.1,0.798,8.48,2904617.70346,2411150.68528,53427.50,
Sud Mennucci,3552304,sud-mennucciano,JOS&Eacute; URBINO DOS SANTOS NETO,594.744,7355,12.37,98.3,0.747,19.8,36969.41725,34834.06856,29262.58,
Sumar&eacute;,3552403,sumareense,LUIZ ALFREDO CASTRO RUZZA DALBEN,153.465,279546,1821.56,97.7,0.762,9.94,697378.01979,594154.62105,48044.99,
Suzano,3552502,suzanense,RODRIGO KENJI DE SOUZA ASHIUCHI,206.236,307364,1490.35,96.7,0.765,10.52,754545.29123,600568.75131,42170.50,
Suzan&aacute;polis,3552551,suzanapolense,JOSE LUIZ GAVA,330.587,3365,10.18,99.8,0.699,-,27632.55855,23024.92817,73946.17,
Tabapu&atilde;,3552601,tabapu&atilde;nense,SILVIO CESAR SARTORELLO,345.792,11323,32.75,98.4,0.735,10.1,38949.30441,34205.20659,20866.40,
Tabatinga,3552700,tabatinguense,EDUARDO PONQUIO MARTINEZ,368.604,14769,40.07,96.5,0.704,16.22,42725.24708,36007.23217,17802.02,
Tabo&atilde;o da Serra,3552809,taboanense,JOSE APRIGIO DA SILVA,20.388,273542,13416.81,96.9,0.769,10.76,799203.32595,687609.38547,30692.40,
Taciba,3552908,tacibense,ALAIR ANTONIO BATISTA,607.267,6260,10.31,99.3,0.723,15.38,40441.753,34172.34895,30157.56,
Tagua&iacute;,3553005,tagua&iacute;no,JAIR CARIOVALDO CARNIATO,145.332,12669,87.17,97.3,0.709,4.93,34774.55964,31443.80012,19482.20,
Taia&ccedil;u,3553104,taia&ccedil;uense,MAURICIO LOFRANO GERALDO,107.059,5677,53.03,97.8,0.710,-,23201.97518,18520.71058,15867.28,
Tai&uacute;va,3553203,taiuvense,LEANDRO JOS&Eacute; JESUS BAPTISTA,132.459,6548,49.43,97.8,0.760,16.67,20841.96812,19114.40334,20882.86,
Tamba&uacute;,3553302,tambauense,LEONARDO TEIXEIRA SPIGA REAL,561.788,21435,38.15,97.7,0.731,8.16,84782.78536,70033.54986,25799.75,
Tanabi,3553401,tanabiense,ALEXANDRE SILVEIRA BERTOLINI,747.218,25265,33.81,99,0.748,10.17,77937.68822,64887.93619,46578.74,
Tapira&iacute;,3553500,tapiraiense,ARALDO TODESCO,755.100,7996,10.59,98.3,0.681,37.74,29032.22377,22549.15523,23609.60,
Tapiratiba,3553609,tapiratibense,RAMON JESUS VIEIRA,221.891,11816,53.25,98.2,0.751,8.06,46243.60329,36382.66474,20046.34,
Taquaral,3553658,taquaralense,PAULO SERGIO CARDOSO DE OLIVEIRA,53.892,2619,48.60,98.2,0.759,-,15229.67138,13325.40252,15816.40,
Taquaritinga,3553708,taquaritinguense,VANDERLEI JOS&Eacute; M&Aacute;RSICO,594.335,52260,87.93,98.2,0.748,12.52,195729.86329,172500.13688,30074.32,
Taquarituba,3553807,taquaritubense,EDER MIANO PEREIRA,448.515,24350,54.29,97.8,0.701,16.84,79379.34748,67145.29949,37856.10,
Taquariva&iacute;,3553856,taquarivaiense,RUBENS CARLOS SOUTO DE BARROS,231.792,6876,29.66,99.4,0.679,-,24023.00551,21773.57811,56672.12,
Tarabai,3553906,taraba&iacute;no,JOSE ROQUE  DA SILVA LIRA,201.385,6536,32.46,99.2,0.726,23.81,22139.79281,21005.02729,18970.86,
Tarum&atilde;,3553955,tarumaense,OSCAR GOZZI,302.913,14882,49.13,99,0.753,10.93,68265.10796,52735.48111,56201.36,
Tatu&iacute;,3554003,tatuiano,MIGUEL LOPES CARDOSO J&Uacute;NIOR,523.749,123942,236.64,97.6,0.752,13.63,335219.54724,294013.76822,35806.34,
Taubat&eacute;,3554102,taubateano,JOSE ANTONIO SAUD JUNIOR,625.003,310739,497.18,98.1,0.800,9.54,1150010.20818,1088507.18946,46886.82,
Tejup&aacute;,3554201,tejupaense,VALTER BORANELLI,296.189,4127,13.93,98.4,0.668,-,20384.66136,17024.99747,27077.88,
Teodoro Sampaio,3554300,teodorense,JANDIRA SAMPAIO CAVICHINI GUTIERREZ,1555.803,22173,14.25,97.1,0.741,3.34,73860.55533,65841.12864,24968.58,
Terra Roxa,3554409,terra-roxense,WALDYR M&Ocirc;NACO FILHO,221.541,7904,35.68,98.9,0.749,12.99,28597.7748,23725.92671,17000.27,
Tiet&ecirc;,3554508,tieteense,VLAMIR DE JESUS SANDEI,404.396,37663,93.13,97.1,0.778,14.12,146954.39967,133824.02054,46351.49,
Timburi,3554607,timburiense,SILVIO CESAR SAVOGIN POLO,196.790,2464,12.52,99.7,0.710,-,17816.13234,15640.12207,21927.44,
Torre de Pedra,3554656,torrepedrense,CIRO LUIZ PEDROSO,71.348,2046,28.68,98.4,0.714,-,13407.93487,11846.5287,14009.53,
Torrinha,3554706,torrinhense,RENE JOSE BLUMER,315.267,9335,29.61,96.4,0.744,-,27051.47801,22023.8828,23403.04,
Trabiju,3554755,trabijuense,MARCELO RODRIGUES FONSECA,63.421,1682,26.52,98.4,0.722,-,13199.32883,10945.36461,23950.98,
Trememb&eacute;,3554805,tremembeense,CLEMENTE ANTONIO DE LIMA NETO,191.094,51173,267.79,97.8,0.785,10.29,115438.78802,113714.91882,17013.04,
Tr&ecirc;s Fronteiras,3554904,trifonteirano,RUBENS JOSE BEL&Atilde;O,151.594,6804,44.88,98.8,0.753,11.9,20281.16732,17199.62123,18941.39,
Tuiuti,3554953,tuiutiense,ANDERSON SANTOS CORREIA,126.731,6778,53.48,97.3,0.728,-,21049.98575,18149.40958,26755.88,
Tup&atilde;,3555000,tup&atilde;ense,CAIO KANJI PARDO AOQUI,627.986,63928,101.80,97.3,0.771,10.95,158108.32831,145306.54681,31059.21,
Tupi Paulista,3555109,tupiense,ALEXANDRE TASSONI ANTONIO,244.770,15854,64.77,99.4,0.769,-,45866.82798,38950.97427,20095.60,
Turi&uacute;ba,3555208,turiubano,RUBENS FERNANDO DE SOUZA,153.235,1818,11.86,100,0.751,-,17138.43291,15593.11808,27207.01,
Turmalina,3555307,turmalinense,ALEXANDRO RIBEIRO PEREIRA,147.797,1669,11.29,97.1,0.736,-,16654.98595,14567.55513,39790.65,
Ubarana,3555356,ubaranense,GOMIDES FERRAZ NETO,209.861,5365,25.56,99.7,0.700,23.26,27007.48148,24170.93582,62839.13,
Ubatuba,3555406,ubatubano,FLAVIA C&Ocirc;MITTE DO NASCIMENTO,708.105,92980,131.31,97.7,0.751,7.45,315083.35965,298156.69047,26111.17,
Ubirajara,3555505,ubirajarense,ADRIANA BOCARDI ALLEGRETTI,282.179,5132,18.19,98.9,0.727,-,20437.85761,16562.92581,24193.01,
Uchoa,3555604,uchoense,JOS&Eacute; CLAUDIO MARTINS,252.434,10394,41.18,98.2,0.721,9.43,41443.11356,36901.01191,34608.34,
Uni&atilde;o Paulista,3555703,uni&atilde;o-paulistense,KENDREA ALVES PAPILE CAVAT&Atilde;O,79.056,1603,20.28,96.8,0.749,-,14795.32857,12195.37474,27198.47,
Ur&acirc;nia,3555802,uraniense,MARCIO ARJOL DOMINGUES,209.262,8833,42.21,100,0.746,-,25938.31201,22282.44791,27057.23,
Uru,3555901,uruense,ROBSON EDUARDO FORTE,146.901,1387,9.44,95.1,0.712,-,15080.53182,12808.9538,38900.94,
Urup&ecirc;s,3556008,urupeense,ALCEMIR C&Aacute;SSIO GR&Eacute;GGIO,323.916,13744,42.43,99.1,0.745,7.87,42321.88297,38027.05381,33323.19,
Valentim Gentil,3556107,valentim-gentilense,ADILSON JESUS PEREZ SEGURA,149.741,14098,94.15,98.8,0.735,5.75,41491.25856,33597.52379,29357.35,
Valinhos,3556206,valinhense,LUCIMARA GODOY VILAS BOAS,148.538,126325,850.46,97.2,0.819,4.77,551223.33114,465006.77039,52314.12,
Valpara&iacute;so,3556305,valparaisense,CARLOS ALEXANDRE PEREIRA,857.661,24241,28.26,98,0.725,13.89,81981.0777,76313.53161,43140.43,
Vargem,3556354,vargense,LEODECIO ALVES DE LIMA,142.595,10512,73.72,98.1,0.699,-,23552.12652,21271.49876,13564.30,
Vargem Grande do Sul,3556404,vargem-grandense,AMARILDO DUZI MORAES,267.178,40133,150.21,98.8,0.737,16.16,106003.73403,99271.63142,26291.66,
Vargem Grande Paulista,3556453,vargem-grandense,JOSUE SILVEIRA RAMOS,42.489,50333,1184.61,97.2,0.770,4.48,161893.61096,140518.41277,44174.64,
V&aacute;rzea Paulista,3556503,varzino,RODOLFO WILSON RODRIGUES BRAGA,35.120,115771,3296.44,96.9,0.759,9.01,278885.58835,235746.21113,25507.18,
Vera Cruz,3556602,vera-cruzense,RODOLFO SILVA DAVOLI,247.716,10176,41.08,99,0.754,17.86,29102.65535,25985.75064,18553.52,
Vinhedo,3556701,vinhedense,DARIO PACHECO DE MORAIS,80.950,76663,947.04,97.5,0.817,4.56,468512.38042,418356.27866,130500.02,
Viradouro,3556800,viradourense,ANTONIO CARLOS RIBEIRO DE SOUZA,217.726,17414,79.98,98.4,0.739,4.72,59293.68816,51606.34254,19558.31,
Vista Alegre do Alto,3556909,vista-alegrense,LUIS ANTONIO FIORANI,95.429,8109,84.97,100,0.744,-,37513.17079,31374.57874,44966.33,
Vit&oacute;ria Brasil,3556958,vitoriabrasiliense,PAULO HENRIQUE MIOTTO,49.832,1794,36.00,98.5,0.725,-,13498.08908,11197.87992,23045.31,
Votorantim,3557006,votorantinense,FABIOLA ALVES DA SILVA PEDRICO,184.186,127923,694.53,97.8,0.767,11.82,366924.73451,345414.68654,27713.57,
Votuporanga,3557105,votuporanguense,JORGE AUGUSTO SEBA,420.703,96634,229.70,98.8,0.790,6.51,303453.50469,272054.23556,35390.26,
Zacarias,3557154,zacariense,HEDER JEAN BRUNO DE OLIVEIRA,319.056,2692,8.44,98.6,0.729,-,24744.74691,18714.16876,41074.60,
Chavantes,3557204,chavantense,MARCIO BURGUINHA DE JESUS DO REGO,188.727,12211,64.70,98.6,0.729,7.41,38538.01922,34343.23006,19174.98,
Estiva Gerbi,3557303,estivense,CLAUDIA BOTELHO DE OLIVEIRA DIEGUES,74.144,11295,152.34,98.6,0.740,15.63,40727.84327,35422.87636,30424.88,

<table class="fontes-container"><tr><th>Notas:</th></tr><tr><td>Escolariza&ccedil;&atilde;o <span>6 a 14 anos</span>: [populao residente no municpio de 6 a 14 anos de idade matriculada no ensino regular/total de populao residente no municpio de 6 a 14 anos de idade] x 100</td></tr><tr><th>Fontes:</th></tr><tr><td>rea Territorial: rea territorial brasileira 2022. Rio de Janeiro: IBGE, 2023</td></tr><tr><td>Populao residente: Censo 2022: Populao e Domiclios - Primeiros Resultados</td></tr><tr><td>Densidade demogr&aacute;fica: Censo 2022: Populao e Domiclios - Primeiros Resultados</td></tr><tr><td>Escolariza&ccedil;&atilde;o <span>6 a 14 anos</span>: IBGE, Censo Demogrfico 2010</td></tr><tr><td>IDHM <span>&Iacute;ndice de desenvolvimento humano municipal</span>: Programa das Naes Unidas para o Desenvolvimento - PNUD</td></tr><tr><td>Mortalidade infantil: Ministrio da Sade, Departamento de Informtica do Sistema nico de Sade - DATASUS 2017</td></tr><tr><td>Receitas realizadas: Contas anuais. Receitas oramentrias realizadas (Anexo I-C) 2017 e Despesas oramentrias empenhadas (Anexo I-D) 2017. In: Brasil. Secretaria do Tesouro Nacional, Siconfi: Sistema de Informaes Contbeis e Fiscais do Setor Pblico Brasileiro. Braslia, DF, [2018]. Disponvel em: https://siconfi.tesouro.gov.br/siconfi/pages/public/consulta_finbra/finbra_list.jsf. Acesso em: set. 2018</td></tr><tr><td>Despesas empenhadas: Contas anuais. Receitas oramentrias realizadas (Anexo I-C) 2017 e Despesas oramentrias empenhadas (Anexo I-D) 2017. In: Brasil. Secretaria do Tesouro Nacional, Siconfi: Sistema de Informaes Contbeis e Fiscais do Setor Pblico Brasileiro. Braslia, DF, [2018]. Disponvel em: https://siconfi.tesouro.gov.br/siconfi/pages/public/consulta_finbra/finbra_list.jsf. Acesso em: set. 2018</td></tr><tr><td>PIB per capita: IBGE, em parceria com os rgos Estaduais de Estatstica, Secretarias Estaduais de Governo e Superintendncia da Zona Franca de Manaus - SUFRAMA</td></tr></table>